Price,Close,High,Low,Open,Volume
Ticker,AUDUSD=X,AUDUSD=X,AUDUSD=X,AUDUSD=X,AUDUSD=X
Date,,,,,
2010-01-01,0.8984725475311279,0.8984725475311279,0.8978272080421448,0.898311197757721,0
2010-01-04,0.9124919772148132,0.9139096736907959,0.8942144513130188,0.8974243998527527,0
2010-01-05,0.9118264317512512,0.9173470139503479,0.9095043540000916,0.9128252267837524,0
2010-01-06,0.9204712510108948,0.9219139218330383,0.9104151725769043,0.9118264317512512,0
2010-01-07,0.9177680015563965,0.9261832237243652,0.9164223074913025,0.9203019142150879,0
2010-01-08,0.9250693917274475,0.9254117608070374,0.9129918813705444,0.9180207252502441,0
2010-01-11,0.9297136068344116,0.9325748682022095,0.9285913109779358,0.9306654334068298,0
2010-01-12,0.9204712510108948,0.9307520985603333,0.9171788096427917,0.9291952848434448,0
2010-01-13,0.9242144227027893,0.9267840385437012,0.9192020893096924,0.9207255244255066,0
2010-01-14,0.9313588738441467,0.9328358173370361,0.9242998361587524,0.9243853092193604,0
2010-01-15,0.9226794838905334,0.9314455389976501,0.9218289256095886,0.9311854243278503,0
2010-01-18,0.927385687828064,0.9279019832611084,0.9180207252502441,0.9223390221595764,0
2010-01-19,0.9225943684577942,0.9275577664375305,0.9180207252502441,0.9270418286323547,0
2010-01-20,0.9114938974380493,0.9239583015441895,0.9075233936309814,0.9225943684577942,0
2010-01-21,0.904568076133728,0.9147457480430603,0.8996850848197937,0.9114938974380493,0
2010-01-22,0.9012256860733032,0.9093389511108398,0.8987956643104553,0.9042408466339111,0
2010-01-25,0.9049773812294006,0.9093389511108398,0.9022827744483948,0.9039139747619629,0
2010-01-26,0.9001709818840027,0.908265233039856,0.8942144513130188,0.9048954844474792,0
2010-01-27,0.8962982892990112,0.904731810092926,0.8916629552841187,0.8997660279273987,0
2010-01-28,0.8935751914978027,0.9048135876655579,0.8916629552841187,0.8958165645599365,0
2010-01-29,0.8843296766281128,0.8960573077201843,0.8837044835090637,0.893814742565155,0
2010-02-01,0.8919811248779297,0.8925384283065796,0.8791981339454651,0.8858180046081543,0
2010-02-02,0.8873114585876465,0.8927774429321289,0.8782715797424316,0.8915834426879883,0
2010-02-03,0.8822231888771057,0.8915834426879883,0.8808244466781616,0.8873901963233948,0
2010-02-04,0.8689607381820679,0.8825346231460571,0.8628127574920654,0.8822231888771057,0
2010-02-05,0.8685833811759949,0.8718396425247192,0.8583691120147705,0.8685079216957092,0
2010-02-08,0.8634833097457886,0.8709284067153931,0.8617717623710632,0.8659507632255554,0
2010-02-09,0.8775008320808411,0.8797395825386047,0.8635578751564026,0.8636324405670166,0
2010-02-10,0.8768084645271301,0.8792754411697388,0.8712319731712341,0.877346932888031,0
2010-02-11,0.8902341723442078,0.8919811248779297,0.8768084645271301,0.877269983291626,0
2010-02-12,0.889284074306488,0.8914245367050171,0.8789663910865784,0.8904719352722168,0
2010-02-15,0.889284074306488,0.8910273313522339,0.8852691054344177,0.8881783485412598,0
2010-02-16,0.9013068675994873,0.9026899933815002,0.8880206346511841,0.888809859752655,0
2010-02-17,0.8987148404121399,0.9039139747619629,0.8969414234161377,0.9014694094657898,0
2010-02-18,0.8896797299385071,0.9026899933815002,0.889284074306488,0.8989571928977966,0
2010-02-19,0.900009036064148,0.900009036064148,0.8880206346511841,0.8899964094161987,0
2010-02-22,0.9001709818840027,0.9026085138320923,0.8975855112075806,0.900819718837738,0
2010-02-23,0.8927774429321289,0.9072763323783875,0.8884150981903076,0.9006575345993042,0
2010-02-24,0.8943743705749512,0.8954154849052429,0.8859750032424927,0.8930166363716125,0
2010-02-25,0.8865247964859009,0.8951749801635742,0.8804367184638977,0.8949346542358398,0
2010-02-26,0.8958967924118042,0.8978272080421448,0.8869178891181946,0.8869178891181946,0
2010-03-01,0.9004952907562256,0.9017132520675659,0.8938946723937988,0.8990380167961121,0
2010-03-02,0.9049773812294006,0.9059611558914185,0.8967805504798889,0.9001709818840027,0
2010-03-03,0.9052231907844543,0.9085127711296082,0.9009009003639221,0.9046499133110046,0
2010-03-04,0.8997660279273987,0.9053869843482971,0.898149847984314,0.9053869843482971,0
2010-03-05,0.9079353213310242,0.9093389511108398,0.8996041417121887,0.8998470306396484,0
2010-03-08,0.9083476662635803,0.9134088158607483,0.9077704548835754,0.9101665019989014,0
2010-03-09,0.9154156446456909,0.9164223074913025,0.9057971239089966,0.9085953235626221,0
2010-03-10,0.9139096736907959,0.9192866086959839,0.9128252267837524,0.9155831933021545,0
2010-03-11,0.9155831933021545,0.9170105457305908,0.911577045917511,0.913993239402771,0
2010-03-12,0.9149130582809448,0.9194557070732117,0.9141603708267212,0.9157509207725525,0
2010-03-15,0.9136592745780945,0.9177680015563965,0.9100009202957153,0.9176837801933289,0
2010-03-16,0.9190332293510437,0.9212344288825989,0.9122422933578491,0.9134088158607483,0
2010-03-17,0.9235315322875977,0.925154983997345,0.9176837801933289,0.9190332293510437,0
2010-03-18,0.9212344288825989,0.9237021803855896,0.9181893467903137,0.9232758283615112,0
2010-03-19,0.9161703586578369,0.9225092530250549,0.9131585955619812,0.9212344288825989,0
2010-03-22,0.9185266494750977,0.9187798500061035,0.9089255928993225,0.9142439365386963,0
2010-03-23,0.9179364442825317,0.9197094440460205,0.913993239402771,0.9187798500061035,0
2010-03-24,0.9119095206260681,0.9187798500061035,0.9067827463150024,0.9181893467903137,0
2010-03-25,0.9085953235626221,0.913993239402771,0.9065361618995667,0.9118264317512512,0
2010-03-26,0.9044044613838196,0.911577045917511,0.9004141688346863,0.9088431000709534,0
2010-03-29,0.9167582988739014,0.9180207252502441,0.9038322567939758,0.9039139747619629,0
2010-03-30,0.9186110496520996,0.9214891791343689,0.9161703586578369,0.9165903329849243,0
2010-03-31,0.9155831933021545,0.9207255244255066,0.9136592745780945,0.9184423685073853,0
2010-04-01,0.920640766620636,0.9216589331626892,0.9157509207725525,0.9158347845077515,0
2010-04-02,0.9196248054504395,0.9214891791343689,0.9185266494750977,0.920640766620636,0
2010-04-05,0.9208951592445374,0.9221689105033875,0.9193711280822754,0.9203864932060242,0
2010-04-06,0.9278159141540527,0.9289363026618958,0.9168423414230347,0.9209798574447632,0
2010-04-07,0.9272136688232422,0.9298865795135498,0.925154983997345,0.9278159141540527,0
2010-04-08,0.9290226101875305,0.9294544458389282,0.9225943684577942,0.9272136688232422,0
2010-04-09,0.9335324764251709,0.9345793724060059,0.9267840385437012,0.9288501143455505,0
2010-04-12,0.9266122579574585,0.9385265111923218,0.9242998361587524,0.9370315074920654,0
2010-04-13,0.9279881119728088,0.9295408725738525,0.9225943684577942,0.9265264272689819,0
2010-04-14,0.9359790086746216,0.9362419247627258,0.9279881119728088,0.9280742406845093,0
2010-04-15,0.9339683651924133,0.9367681741714478,0.9311854243278503,0.9359790086746216,0
2010-04-16,0.9242998361587524,0.9341428875923157,0.9235315322875977,0.9339683651924133,0
2010-04-19,0.9254117608070374,0.926268994808197,0.9160025715827942,0.9219139218330383,0
2010-04-20,0.9313588738441467,0.9325748682022095,0.9246416687965393,0.9254117608070374,0
2010-04-21,0.9275577664375305,0.9337940216064453,0.9258401393890381,0.9313588738441467,0
2010-04-22,0.9257545471191406,0.9302325248718262,0.9230201244354248,0.9278159141540527,0
2010-04-23,0.9279019832611084,0.9280742406845093,0.9175153374671936,0.9260973930358887,0
2010-04-26,0.9278159141540527,0.9312721490859985,0.9260116219520569,0.9266122579574585,0
2010-04-27,0.9165903329849243,0.9287638664245605,0.913993239402771,0.9279881119728088,0
2010-04-28,0.9246416687965393,0.9267840385437012,0.9160025715827942,0.9165903329849243,0
2010-04-29,0.9308386445045471,0.931011974811554,0.9225092530250549,0.9246416687965393,0
2010-04-30,0.9248127341270447,0.9325748682022095,0.9239583015441895,0.9308386445045471,0
2010-05-03,0.9268699884414673,0.9274716973304749,0.9231053590774536,0.9244707822799683,0
2010-05-04,0.909587025642395,0.9272996783256531,0.9074410200119019,0.9272136688232422,0
2010-05-05,0.9067827463150024,0.9119095206260681,0.9026899933815002,0.909587025642395,0
2010-05-06,0.8866034150123596,0.9094216227531433,0.8762706518173218,0.9062896370887756,0
2010-05-07,0.8880206346511841,0.8939746022224426,0.881212592124939,0.8868393301963806,0
2010-05-10,0.9025270342826843,0.9077704548835754,0.8926976919174194,0.8952551484107971,0
2010-05-11,0.8946143984794617,0.9030161499977112,0.8935751914978027,0.9021199941635132,0
2010-05-12,0.8951749801635742,0.8979078531265259,0.8892050385475159,0.895014762878418,0
2010-05-13,0.895495593547821,0.902771532535553,0.8935751914978027,0.8948546051979065,0
2010-05-14,0.8861320614814758,0.8975049257278442,0.8853474855422974,0.8958967924118042,0
2010-05-17,0.8775008320808411,0.8857396245002747,0.8688852190971375,0.8856611847877502,0
2010-05-18,0.8617717623710632,0.8788118362426758,0.8604370951652527,0.8774238228797913,0
2010-05-19,0.8476731181144714,0.8636324405670166,0.8363301753997803,0.8623663187026978,0
2010-05-20,0.8134048581123352,0.8486082553863525,0.8079502582550049,0.847385823726654,0
2010-05-21,0.8327782154083252,0.8359805941581726,0.8097821474075317,0.813140332698822,0
2010-05-24,0.8248103260993958,0.8357710242271423,0.8190678358078003,0.8285690546035767,0
2010-05-25,0.8279516100883484,0.8300821781158447,0.8071677088737488,0.8250144124031067,0
2010-05-26,0.8258320689201355,0.8383634686470032,0.8202099800109863,0.8278145790100098,0
2010-05-27,0.8470268845558167,0.8529512286186218,0.8220303654670715,0.8248103260993958,0
2010-05-28,0.847385823726654,0.8550662994384766,0.8430992364883423,0.8470268845558167,0
2010-05-31,0.8465966582298279,0.8515712022781372,0.8390669822692871,0.8440955281257629,0
2010-06-01,0.8331944942474365,0.8465966582298279,0.8284317851066589,0.8465966582298279,0
2010-06-02,0.8418217301368713,0.8428150415420532,0.8278145790100098,0.8329168558120728,0
2010-06-03,0.8433836102485657,0.8520790934562683,0.8368200659751892,0.8418217301368713,0
2010-06-04,0.8241984844207764,0.8478887677192688,0.821692705154419,0.8435259461402893,0
2010-06-07,0.8114906549453735,0.8215576410293579,0.8084728121757507,0.8167932629585266,0
2010-06-08,0.8261731863021851,0.8285690546035767,0.8108327388763428,0.8116224408149719,0
2010-06-09,0.8296689987182617,0.8359106779098511,0.8198065161705017,0.8261049389839172,0
2010-06-10,0.8476012349128723,0.850991427898407,0.8277460932731628,0.8296001553535461,0
2010-06-11,0.8507018089294434,0.8509190082550049,0.842957079410553,0.8476731181144714,0
2010-06-14,0.8585164546966553,0.8667764663696289,0.8531695604324341,0.8538980484008789,0
2010-06-15,0.8642295598983765,0.8660258054733276,0.850991427898407,0.8586639165878296,0
2010-06-16,0.8634833097457886,0.8673027157783508,0.8583691120147705,0.8640055060386658,0
2010-06-17,0.8676036596298218,0.8687342405319214,0.8587376475334167,0.8636324405670166,0
2010-06-18,0.8720676302909851,0.8732098937034607,0.8659507632255554,0.8676036596298218,0
2010-06-21,0.8767315745353699,0.8858965039253235,0.8755800724029541,0.8795848488807678,0
2010-06-22,0.8728288412094116,0.8819897174835205,0.8705493211746216,0.8767315745353699,0
2010-06-23,0.8748906254768372,0.8779630661010742,0.8667764663696289,0.8728288412094116,0
2010-06-24,0.8676036596298218,0.8769621849060059,0.864677906036377,0.8748906254768372,0
2010-06-25,0.8744316101074219,0.875963568687439,0.8599191904067993,0.8673027157783508,0
2010-06-28,0.8695652484893799,0.8774238228797913,0.8695652484893799,0.872372031211853,0
2010-06-29,0.8499065041542053,0.8722198009490967,0.8468117713928223,0.8695652484893799,0
2010-06-30,0.8413259983062744,0.856531023979187,0.8394895792007446,0.8505571484565735,0
2010-07-01,0.8470268845558167,0.8431703448295593,0.8336111903190613,0.8414674997329712,0
2010-07-02,0.8421052694320679,0.8511362075805664,0.840548038482666,0.8470986485481262,0
2010-07-05,0.837520956993103,0.8468834757804871,0.8374508023262024,0.8420343399047852,0
2010-07-06,0.8509190082550049,0.8560177683830261,0.8320159912109375,0.8377314805984497,0
2010-07-07,0.8635578751564026,0.8664760589599609,0.8451656699180603,0.8507741689682007,0
2010-07-08,0.8774238228797913,0.8791208267211914,0.8629617094993591,0.8636324405670166,0
2010-07-09,0.8781944513320923,0.8788118362426758,0.8732098937034607,0.8774238228797913,0
2010-07-12,0.8761170506477356,0.8776549100875854,0.8705493211746216,0.8768084645271301,0
2010-07-13,0.8837825655937195,0.8841732740402222,0.8685833811759949,0.875963568687439,0
2010-07-14,0.8816787600517273,0.8870753049850464,0.8789663910865784,0.8840169906616211,0
2010-07-15,0.8837825655937195,0.8847991228103638,0.8732861876487732,0.8819119334220886,0
2010-07-16,0.8697165250778198,0.883626401424408,0.8685079216957092,0.8834702968597412,0
2010-07-19,0.8677542209625244,0.8720676302909851,0.8635578751564026,0.8653513789176941,0
2010-07-20,0.8824567198753357,0.8847991228103638,0.8669267892837524,0.8673779368400574,0
2010-07-21,0.8764241933822632,0.8858965039253235,0.8763473629951477,0.8826904296875,0
2010-07-22,0.8943743705749512,0.8951749801635742,0.8739731311798096,0.8764241933822632,0
2010-07-23,0.8958967924118042,0.8972632884979248,0.8903133273124695,0.8943743705749512,0
2010-07-26,0.90203857421875,0.9036688804626465,0.8943743705749512,0.8945344090461731,0
2010-07-27,0.9013068675994873,0.9070295095443726,0.9001709818840027,0.9017946124076843,0
2010-07-28,0.8926180005073547,0.9025270342826843,0.890789270401001,0.9017946124076843,0
2010-07-29,0.9019572138786316,0.9044044613838196,0.8926180005073547,0.8929368853569031,0
2010-07-30,0.9044044613838196,0.9066182971000671,0.8967805504798889,0.9018758535385132,0
2010-08-02,0.9128252267837524,0.9146620631217957,0.9053869843482971,0.9054690003395081,0
2010-08-03,0.9131585955619812,0.9149967432022095,0.9073586463928223,0.9128252267837524,0
2010-08-04,0.9129085540771484,0.9182736277580261,0.9096697568893433,0.9129085540771484,0
2010-08-05,0.9165903329849243,0.9174311757087708,0.9119926691055298,0.9165903329849243,0
2010-08-06,0.9151642918586731,0.9224241375923157,0.9137426614761353,0.9151642918586731,0
2010-08-09,0.9181893467903137,0.920640766620636,0.9155831933021545,0.9183580279350281,0
2010-08-10,0.9160025715827942,0.9165903329849243,0.9061253666877747,0.9158347845077515,0
2010-08-11,0.9134088158607483,0.9134923219680786,0.898391842842102,0.9134088158607483,0
2010-08-12,0.8942144513130188,0.900819718837738,0.8919015526771545,0.8948546051979065,0
2010-08-13,0.8975855112075806,0.9038322567939758,0.8948546051979065,0.8975049257278442,0
2010-08-16,0.8938946723937988,0.8977466821670532,0.8863676190376282,0.8943743705749512,0
2010-08-17,0.8959770798683167,0.9079353213310242,0.8947745561599731,0.8958165645599365,0
2010-08-18,0.9053869843482971,0.905551016330719,0.8975855112075806,0.9052231907844543,0
2010-08-19,0.898391842842102,0.9018758535385132,0.8919811248779297,0.8984725475311279,0
2010-08-20,0.8914245367050171,0.8926180005073547,0.8844861388206482,0.8915039300918579,0
2010-08-23,0.8880206346511841,0.898311197757721,0.8877052664756775,0.8884150981903076,0
2010-08-24,0.89007568359375,0.8906305432319641,0.8808244466781616,0.8906305432319641,0
2010-08-25,0.8835482597351074,0.8894423246383667,0.8775778412818909,0.8832361698150635,0
2010-08-26,0.8847208619117737,0.8915039300918579,0.8837044835090637,0.8844861388206482,0
2010-08-27,0.8848774433135986,0.8986340761184692,0.8845643997192383,0.8847991228103638,0
2010-08-30,0.9026899933815002,0.9031791687011719,0.8934155106544495,0.9031791687011719,0
2010-08-31,0.8918219804763794,0.8951749801635742,0.8863676190376282,0.8915834426879883,0
2010-09-01,0.893255889415741,0.9100009202957153,0.8915039300918579,0.8931760787963867,0
2010-09-02,0.9098353385925293,0.911244809627533,0.9056330323219299,0.9101665019989014,0
2010-09-03,0.9100009202957153,0.9175153374671936,0.9067827463150024,0.9100009202957153,0
2010-09-06,0.9157509207725525,0.9181893467903137,0.914578378200531,0.9154993295669556,0
2010-09-07,0.9167582988739014,0.9171788096427917,0.9094216227531433,0.9167582988739014,0
2010-09-08,0.9105809926986694,0.9194557070732117,0.910663902759552,0.910663902759552,0
2010-09-09,0.9182736277580261,0.9276438355445862,0.9171788096427917,0.9181050062179565,0
2010-09-10,0.9230201244354248,0.9266981482505798,0.920810341835022,0.9230201244354248,0
2010-09-13,0.9291952848434448,0.936154305934906,0.9290226101875305,0.9291952848434448,0
2010-09-14,0.9337940216064453,0.9440196752548218,0.9316191077232361,0.9344047904014587,0
2010-09-15,0.9400263428688049,0.9427735805511475,0.9345793724060059,0.9395847320556641,0
2010-09-16,0.9389671087265015,0.9394081830978394,0.9332711696624756,0.9387908577919006,0
2010-09-17,0.936154305934906,0.947328507900238,0.935366153717041,0.9360666275024414,0
2010-09-20,0.9376465678215027,0.9491268396377563,0.9363296031951904,0.9373828172683716,0
2010-09-21,0.9464319944381714,0.9502090811729431,0.9442870616912842,0.9466111660003662,0
2010-09-22,0.9535616040229797,0.9596928358078003,0.9530163407325745,0.953925371170044,0
2010-09-23,0.9530163407325745,0.9575792551040649,0.9469696879386902,0.95337975025177,0
2010-09-24,0.9498479962348938,0.9612611532211304,0.9466111660003662,0.9496676325798035,0
2010-09-27,0.9608917236328125,0.9632055163383484,0.9576709866523743,0.9607993960380554,0
2010-09-28,0.9599692821502686,0.9680542349815369,0.9563886523246765,0.9598771333694458,0
2010-09-29,0.967117965221405,0.9728572964668274,0.9659969210624695,0.9670243859291077,0
2010-09-30,0.9693679809570312,0.9733307361602783,0.9632055163383484,0.9693679809570312,0
2010-10-01,0.9644131064414978,0.974373996257782,0.9637624621391296,0.9647853374481201,0
2010-10-04,0.9717229008674622,0.9721952676773071,0.9654373526573181,0.9716284871101379,0
2010-10-05,0.9670243859291077,0.9704026579856873,0.9544716477394104,0.967305064201355,0
2010-10-06,0.9718172550201416,0.9782821536064148,0.9696500301361084,0.9716284871101379,0
2010-10-07,0.9764671921730042,0.9917683601379395,0.9758002161979675,0.9765624403953552,0
2010-10-08,0.9825113415718079,0.986971914768219,0.9715340733528137,0.982607901096344,0
2010-10-11,0.9895111918449402,0.9908838868141174,0.9824147820472717,0.9896091222763062,0
2010-10-12,0.9842519164085388,0.9857072234153748,0.9771350622177124,0.9840583205223083,0
2010-10-13,0.9866798520088196,0.9927529096603394,0.9837678074836731,0.9866798520088196,0
2010-10-14,0.9913750290870667,0.9994003772735596,0.9915716648101807,0.9915716648101807,0
2010-10-15,0.9933445453643799,0.9990009665489197,0.987751841545105,0.9936407208442688,0
2010-10-18,0.9890217781066895,0.9918666481971741,0.9804883003234863,0.9891196489334106,0
2010-10-19,0.9896091222763062,0.9951239228248596,0.9706853032112122,0.9894132614135742,0
2010-10-20,0.970779538154602,0.9874593019485474,0.9666505455970764,0.9708738327026367,0
2010-10-21,0.9858044385910034,0.989315390586853,0.9807767271995544,0.9857072234153748,0
2010-10-22,0.9788566827774048,0.9853187799453735,0.9762765169143677,0.9789525270462036,0
2010-10-25,0.9836710691452026,0.9974067807197571,0.9828009605407715,0.9831874966621399,0
2010-10-26,0.9900990128517151,0.9928514957427979,0.9834775328636169,0.9888262748718262,0
2010-10-27,0.9863878488540649,0.9865824580192566,0.9672114849090576,0.9864851236343384,0
2010-10-28,0.9727626442909241,0.9816432595252991,0.9725733995437622,0.9726679921150208,0
2010-10-29,0.9727626442909241,0.9813542366027832,0.9684291481971741,0.9726679921150208,0
2010-11-01,0.9866798520088196,0.991276741027832,0.9829941987991333,0.9852216839790344,0
2010-11-02,0.9886307716369629,1.00210440158844,0.9867772459983826,0.9886307716369629,0
2010-11-03,0.9990009665489197,1.0005302429199219,0.9946290850639343,0.9987016916275024,0
2010-11-04,1.00393545627594,1.0148677825927734,1.0022952556610107,1.0038951635360718,0
2010-11-05,1.015702724456787,1.0181018114089966,1.0087966918945312,1.0154552459716797,0
2010-11-08,1.0164254903793335,1.0166010856628418,1.0081967115402222,1.0164047479629517,0
2010-11-09,1.010396957397461,1.0175009965896606,1.0076074600219727,1.009896993637085,0
2010-11-10,1.0048130750656128,1.00730299949646,0.9983028173446655,1.0047625303268433,0
2010-11-11,1.0046011209487915,1.0066337585449219,0.9969095587730408,1.004399299621582,0
2010-11-12,0.9964129328727722,1.000400185585022,0.9830908179283142,0.9964129328727722,0
2010-11-15,0.9890217781066895,0.9900009632110596,0.9815468788146973,0.9890217781066895,0
2010-11-16,0.9835742712020874,0.9894132614135742,0.9762765169143677,0.9835742712020874,0
2010-11-17,0.9759905934333801,0.9831874966621399,0.9730466604232788,0.975895345211029,0
2010-11-18,0.9817396402359009,0.9900990128517151,0.9809691905975342,0.9816432595252991,0
2010-11-19,0.9905893802642822,0.9910803437232971,0.9818360805511475,0.9907857179641724,0
2010-11-22,0.9901970624923706,0.9955201148986816,0.9864851236343384,0.9902951717376709,0
2010-11-23,0.9865824580192566,0.9882400035858154,0.9757049679756165,0.9863878488540649,0
2010-11-24,0.9746588468551636,0.9848335385322571,0.9741841554641724,0.9746588468551636,0
2010-11-25,0.985027551651001,0.9846396446228027,0.9763718247413635,0.9846396446228027,0
2010-11-26,0.977325975894928,0.977899432182312,0.9617233872413635,0.9774215221405029,0
2010-11-29,0.9659969210624695,0.96983802318573,0.957120954990387,0.9670243859291077,0
2010-11-30,0.9607070684432983,0.9659035801887512,0.954562783241272,0.9612611532211304,0
2010-12-01,0.959784984588623,0.9660902619361877,0.9543806314468384,0.9595087766647339,0
2010-12-02,0.966183602809906,0.974373996257782,0.963391125202179,0.9658102989196777,0
2010-12-03,0.9769441485404968,0.9885330200195312,0.9742790460586548,0.9772304892539978,0
2010-12-06,0.9919650554656982,0.9923588633537292,0.9853187799453735,0.9923588633537292,0
2010-12-07,0.9886307716369629,0.9967108964920044,0.987751841545105,0.9888262748718262,0
2010-12-08,0.9829941987991333,0.985512912273407,0.9756097793579102,0.9831874966621399,0
2010-12-09,0.9792401790618896,0.9884352684020996,0.9781864285469055,0.9789525270462036,0
2010-12-10,0.9843488335609436,0.9897069931030273,0.9829941987991333,0.9845426678657532,0
2010-12-13,0.9841550588607788,0.9952229857444763,0.9841550588607788,0.9842519164085388,0
2010-12-14,0.9950248599052429,1.0019036531448364,0.99443119764328,0.9952229857444763,0
2010-12-15,0.9974067807197571,0.997307300567627,0.9896091222763062,0.9972078204154968,0
2010-12-16,0.9871668219566345,0.9905893802642822,0.9834775328636169,0.9868746399879456,0
2010-12-17,0.9894132614135742,0.9925557971000671,0.9844457507133484,0.989315390586853,0
2010-12-20,0.9881423115730286,0.9942334294319153,0.9865824580192566,0.9881423115730286,0
2010-12-21,0.9928514957427979,1.0025062561035156,0.9920634627342224,0.9930486679077148,0
2010-12-22,0.9966115355491638,1.001001000404358,0.995322048664093,0.9966115355491638,0
2010-12-23,0.9994003772735596,1.0050958395004272,0.9989012479782104,0.999300479888916,0
2010-12-24,1.0042983293533325,1.005156397819519,1.002697229385376,1.003814458847046,0
2010-12-27,1.0003300905227661,1.0058237314224243,0.9977052807807922,1.000400185585022,0
2010-12-28,1.0058034658432007,1.0153727531433105,1.0059046745300293,1.0061577558517456,0
2010-12-29,1.0095809698104858,1.0153006315231323,1.0093872547149658,1.0093872547149658,0
2010-12-30,1.0173975229263306,1.0199294090270996,1.0121560096740723,1.0175423622131348,0
2010-12-31,1.0157749652862549,1.0236986875534058,1.0154964923858643,1.015713095664978,0
2011-01-03,1.021440029144287,1.0221081972122192,1.0175423622131348,1.0221081972122192,0
2011-01-04,1.016911268234253,1.0171180963516235,1.0052272081375122,1.016890525817871,0
2011-01-05,1.0072014331817627,1.00770902633667,0.9964129328727722,1.007637858390808,0
2011-01-06,0.9998999834060669,1.001502275466919,0.9939369559288025,1.000100016593933,0
2011-01-07,0.9930486679077148,0.9994003772735596,0.9911784529685974,0.9931473135948181,0
2011-01-10,0.9952229857444763,0.9983028173446655,0.9886307716369629,0.9954209923744202,0
2011-01-11,0.9947279095649719,0.994925856590271,0.9823182821273804,0.994925856590271,0
2011-01-12,0.982221782207489,0.9931473135948181,0.9823182821273804,0.9827043414115906,0
2011-01-13,0.9958176016807556,1.0019538402557373,0.9927529096603394,0.9958176016807556,0
2011-01-14,0.9982032775878906,0.9987016916275024,0.9861932396888733,0.9979044198989868,0
2011-01-17,0.9908838868141174,0.9962143301963806,0.9865824580192566,0.9908838868141174,0
2011-01-18,0.9929500818252563,1.0019036531448364,0.9900990128517151,0.9929500818252563,0
2011-01-19,0.9977052807807922,1.0075769424438477,0.9976056814193726,0.9976056814193726,0
2011-01-20,0.9969095587730408,0.9982032775878906,0.9836710691452026,0.997307300567627,0
2011-01-21,0.9859015941619873,0.9917683601379395,0.9842519164085388,0.9857072234153748,0
2011-01-24,0.9896091222763062,0.9983028173446655,0.9866798520088196,0.9899029731750488,0
2011-01-25,0.9976056814193726,0.9994003772735596,0.9896091222763062,0.9978048205375671,0
2011-01-26,0.9952229857444763,0.9998000264167786,0.9946290850639343,0.9955201148986816,0
2011-01-27,0.999300479888916,1.0002000331878662,0.9881423115730286,0.9996002316474915,0
2011-01-28,0.9900990128517151,0.9991008043289185,0.9887285232543945,0.9899029731750488,0
2011-01-31,0.9873617887496948,0.9977052807807922,0.9867772459983826,0.9867772459983826,0
2011-02-01,0.9974067807197571,1.011725902557373,0.9969095587730408,0.9975062012672424,0
2011-02-02,1.0110814571380615,1.0134587287902832,1.00673508644104,1.011398434638977,0
2011-02-03,1.0116031169891357,1.01449716091156,1.0085830688476562,1.0114495754241943,0
2011-02-04,1.0146104097366333,1.0200022459030151,1.014404535293579,1.0147957801818848,0
2011-02-07,1.0125967264175415,1.0161981582641602,1.0113677978515625,1.0130993127822876,0
2011-02-08,1.0133970975875854,1.019097924232483,1.0116645097732544,1.013386845588684,0
2011-02-09,1.0147957801818848,1.01518714427948,1.0094077587127686,1.0148884057998657,0
2011-02-10,1.0107953548431396,1.0140033960342407,1.001452088356018,1.0107953548431396,0
2011-02-11,1.0014019012451172,1.0031801462173462,0.9966115355491638,1.0015724897384644,0
2011-02-14,1.0015925168991089,1.0073435306549072,1.0005003213882446,1.0017731189727783,0
2011-02-15,1.00210440158844,1.0059046745300293,0.9980040192604065,1.0023354291915894,0
2011-02-16,0.997307300567627,1.0017330646514893,0.9967108964920044,0.9970089793205261,0
2011-02-17,1.0030291080474854,1.009000301361084,1.0024861097335815,1.0033009052276611,0
2011-02-18,1.0121968984603882,1.0138286352157593,1.0094586610794067,1.0119102001190186,0
2011-02-21,1.01449716091156,1.0141987800598145,1.008715271949768,1.0141987800598145,0
2011-02-22,1.0087255239486694,1.008501648902893,0.9988014698028564,1.008410096168518,0
2011-02-23,1.000400185585022,1.005924940109253,0.9992006421089172,1.0001699924468994,0
2011-02-24,1.0027776956558228,1.01236093044281,1.0004602670669556,1.0027977228164673,0
2011-02-25,1.0108054876327515,1.0162187814712524,1.0092955827713013,1.0108872652053833,0
2011-02-28,1.01449716091156,1.0193160772323608,1.0124019384384155,1.0141987800598145,0
2011-03-01,1.0187968015670776,1.0200958251953125,1.0151666402816772,1.0189317464828491,0
2011-03-02,1.0136024951934814,1.018298864364624,1.0087356567382812,1.013551115989685,0
2011-03-03,1.0160949230194092,1.0187034606933594,1.0133047103881836,1.0163015127182007,0
2011-03-04,1.0128017663955688,1.0146000385284424,1.0081051588058472,1.0129761695861816,0
2011-03-07,1.0147030353546143,1.0184959173202515,1.0118999481201172,1.014589786529541,0
2011-03-08,1.012248158454895,1.0134998559951782,1.005682110786438,1.0121355056762695,0
2011-03-09,1.0092039108276367,1.0131404399871826,1.006299376487732,1.0089900493621826,0
2011-03-10,1.0096625089645386,1.0116031169891357,0.9994003772735596,1.0096012353897095,0
2011-03-11,1.0019036531448364,1.0071609020233154,0.9975062012672424,1.0019336938858032,0
2011-03-14,1.0101009607315063,1.0112961530685425,1.0050958395004272,1.0093975067138672,0
2011-03-15,1.0088882446289062,1.0095911026000977,0.9818360805511475,1.0088577270507812,0
2011-03-16,0.9940357208251953,0.9964129328727722,0.9848335385322571,0.9934432506561279,0
2011-03-17,0.9797198176383972,0.9872642755508423,0.9763718247413635,0.9801038503646851,0
2011-03-18,0.9841550588607788,0.9950248599052429,0.983380913734436,0.983380913734436,0
2011-03-21,0.9974067807197571,1.007099986076355,0.9955201148986816,0.9977052807807922,0
2011-03-22,1.0058844089508057,1.012904405593872,1.00398588180542,1.005924940109253,0
2011-03-23,1.0091021060943604,1.0121968984603882,1.0069174766540527,1.0091021060943604,0
2011-03-24,1.0132944583892822,1.0220037698745728,1.0116031169891357,1.0132635831832886,0
2011-03-25,1.0202000141143799,1.0294950008392334,1.0192744731903076,1.0202000141143799,0
2011-03-28,1.024233341217041,1.0312148332595825,1.0242018699645996,1.0242018699645996,0
2011-03-29,1.02421236038208,1.0272319316864014,1.0208144187927246,1.0243067741394043,0
2011-03-30,1.029198408126831,1.033367395401001,1.0272952318191528,1.0292513370513916,0
2011-03-31,1.0319172143936157,1.0362050533294678,1.0312042236328125,1.0318001508712769,0
2011-04-01,1.0333994626998901,1.0387020111083984,1.0316617488861084,1.0336023569107056,0
2011-04-04,1.0395010709762573,1.041601538658142,1.033997893333435,1.0396956205368042,0
2011-04-05,1.0363982915878296,1.0370001792907715,1.0290924310684204,1.0366131067276,0
2011-04-06,1.0319066047668457,1.0451068878173828,1.032002329826355,1.0322260856628418,0
2011-04-07,1.0435363054275513,1.0505967140197754,1.0417860746383667,1.0435363054275513,0
2011-04-08,1.046101689338684,1.0545964241027832,1.0455001592636108,1.0459047555923462,0
2011-04-11,1.056602120399475,1.0581003427505493,1.052797794342041,1.0565017461776733,0
2011-04-12,1.0504974126815796,1.0519007444381714,1.039252519607544,1.0503098964691162,0
2011-04-13,1.0451068878173828,1.0536853075027466,1.0431009531021118,1.0450959205627441,0
2011-04-14,1.0498026609420776,1.0545964241027832,1.0460032224655151,1.0497034788131714,0
2011-04-18,1.0562005043029785,1.0573395490646362,1.0459047555923462,1.0565910339355469,0
2011-04-19,1.0487017631530762,1.052797794342041,1.0445282459259033,1.0482949018478394,0
2011-04-20,1.0535964965820312,1.0691871643066406,1.0536408424377441,1.0536408424377441,0
2011-04-21,1.0681250095367432,1.0773656368255615,1.0681021213531494,1.0681021213531494,0
2011-04-22,1.0748989582061768,1.0756968259811401,1.0723055601119995,1.0748989582061768,0
2011-04-25,1.0759861469268799,1.077597737312317,1.0686386823654175,1.0757430791854858,0
2011-04-26,1.0726046562194824,1.0774468183517456,1.0681250095367432,1.073318362236023,0
2011-04-27,1.0794240236282349,1.0849988460540771,1.0784810781478882,1.079703688621521,0
2011-04-28,1.0855170488357544,1.0947027206420898,1.0857055187225342,1.0857055187225342,0
2011-04-29,1.093900442123413,1.0965032577514648,1.0886961221694946,1.093768835067749,0
2011-05-02,1.0960345268249512,1.1013094186782837,1.0925021171569824,1.0960345268249512,0
2011-05-03,1.0950024127960205,1.0950982570648193,1.084975242614746,1.0949064493179321,0
2011-05-04,1.0853991508483887,1.087725043296814,1.0744138956069946,1.085564136505127,0
2011-05-05,1.075002908706665,1.077168345451355,1.0613007545471191,1.074702501296997,0
2011-05-06,1.0606027841567993,1.0800302028656006,1.0600968599319458,1.060895323753357,0
2011-05-09,1.071593165397644,1.0787136554718018,1.0712143182754517,1.0715587139129639,0
2011-05-10,1.080100178718567,1.0817945003509521,1.0738370418548584,1.079901933670044,0
2011-05-11,1.0847986936569214,1.0889331102371216,1.0747950077056885,1.0853049755096436,0
2011-05-12,1.0712946653366089,1.0714553594589233,1.0569595098495483,1.0714553594589233,0
2011-05-13,1.0666552782058716,1.0716276168823242,1.0564347505569458,1.0661208629608154,0
2011-05-16,1.0557209253311157,1.0643166303634644,1.0518122911453247,1.056401252746582,0
2011-05-17,1.0573842525482178,1.0619995594024658,1.0507954359054565,1.0574625730514526,0
2011-05-18,1.0636035203933716,1.0665984153747559,1.057183027267456,1.06373929977417,0
2011-05-19,1.0630042552947998,1.0681021213531494,1.0598047971725464,1.062925100326538,0
2011-05-20,1.066996693611145,1.0704002380371094,1.061255693435669,1.067030906677246,0
2011-05-23,1.0628347396850586,1.0641920566558838,1.048327922821045,1.062665343284607,0
2011-05-24,1.0505526065826416,1.058234691619873,1.0483938455581665,1.0506409406661987,0
2011-05-25,1.0558992624282837,1.056222677230835,1.0443973541259766,1.0558992624282837,0
2011-05-26,1.0536963939666748,1.062450885772705,1.0513147115707397,1.0535964965820312,0
2011-05-27,1.0625749826431274,1.0716965198516846,1.0611881017684937,1.0630042552947998,0
2011-05-30,1.0706982612609863,1.0712946653366089,1.0679652690887451,1.0709964036941528,0
2011-05-31,1.070297122001648,1.0759050846099854,1.0646679401397705,1.0705033540725708,0
2011-06-01,1.0682048797607422,1.0753498077392578,1.0672016143798828,1.0683988332748413,0
2011-06-02,1.0634112358093262,1.067896842956543,1.0589966773986816,1.0633207559585571,0
2011-06-03,1.0670992136001587,1.0715357065200806,1.0600968599319458,1.0673270225524902,0
2011-06-06,1.075002908706665,1.0767160654067993,1.0723285675048828,1.0752110481262207,0
2011-06-07,1.072995901107788,1.0750954151153564,1.0676004886627197,1.0730764865875244,0
2011-06-08,1.0720986127853394,1.0718343257904053,1.059108853340149,1.071765422821045,0
2011-06-09,1.064407229423523,1.0662685632705688,1.056602120399475,1.064497947692871,0
2011-06-10,1.062699317932129,1.0653257369995117,1.0536741018295288,1.0624960660934448,0
2011-06-13,1.0538963079452515,1.05850350856781,1.0531082153320312,1.0535964965820312,0
2011-06-14,1.0607041120529175,1.0705950260162354,1.057205319404602,1.0605353116989136,0
2011-06-15,1.069415807723999,1.0712946653366089,1.0614246129989624,1.0690728425979614,0
2011-06-16,1.0575966835021973,1.0589966773986816,1.0485037565231323,1.0576974153518677,0
2011-06-17,1.0562005043029785,1.0632867813110352,1.050894856452942,1.0559996366500854,0
2011-06-20,1.0603779554367065,1.0613908767700195,1.0501995086669922,1.0609291791915894,0
2011-06-21,1.0595015287399292,1.0621010065078735,1.0535852909088135,1.0597037076950073,0
2011-06-22,1.0597037076950073,1.0647813081741333,1.057071328163147,1.0598609447479248,0
2011-06-23,1.055297613143921,1.0566915273666382,1.0457953214645386,1.0552642345428467,0
2011-06-24,1.0535964965820312,1.0599957704544067,1.0506629943847656,1.053996205329895,0
2011-06-27,1.0472848415374756,1.0481960773468018,1.0395983457565308,1.0475152730941772,0
2011-06-28,1.0460032224655151,1.053097128868103,1.0438958406448364,1.0460032224655151,0
2011-06-29,1.0536963939666748,1.067896842956543,1.0522106885910034,1.0538184642791748,0
2011-06-30,1.0692671537399292,1.0750722885131836,1.068764328956604,1.068764328956604,0
2011-07-01,1.071799874305725,1.0757777690887451,1.0678056478500366,1.071604609489441,0
2011-07-04,1.0777952671051025,1.0785974264144897,1.0714553594589233,1.0778300762176514,0
2011-07-05,1.07449471950531,1.0747140645980835,1.06662118434906,1.0747140645980835,0
2011-07-06,1.0691642761230469,1.073433518409729,1.0657004117965698,1.0693013668060303,0
2011-07-07,1.0695987939834595,1.077597737312317,1.0690499544143677,1.0697132349014282,0
2011-07-08,1.0772960186004639,1.0789813995361328,1.0709046125411987,1.0769942998886108,0
2011-07-11,1.0722020864486694,1.0727657079696655,1.0633999109268188,1.0719492435455322,0
2011-07-12,1.0642033815383911,1.0647019147872925,1.052897572517395,1.064271330833435,0
2011-07-13,1.0587948560714722,1.0778998136520386,1.0587724447250366,1.0588958263397217,0
2011-07-14,1.0777952671051025,1.0787951946258545,1.071604609489441,1.0775281190872192,0
2011-07-15,1.072593092918396,1.0746448040008545,1.0631964206695557,1.0726046562194824,0
2011-07-18,1.064803957939148,1.0654959678649902,1.0562784671783447,1.064803957939148,0
2011-07-19,1.061311960220337,1.071799874305725,1.0610417127609253,1.0612670183181763,0
2011-07-20,1.0743907690048218,1.0761598348617554,1.0712946653366089,1.0743907690048218,0
2011-07-21,1.0770175457000732,1.0855759382247925,1.0695987939834595,1.077052354812622,0
2011-07-22,1.0837758779525757,1.087583065032959,1.0822745561599731,1.0837876796722412,0
2011-07-25,1.0845986604690552,1.0864014625549316,1.0798087120056152,1.0839990377426147,0
2011-07-26,1.0847046375274658,1.0965994596481323,1.082297921180725,1.0846692323684692,0
2011-07-27,1.0959985256195068,1.1080577373504639,1.0949784517288208,1.0959264039993286,0
2011-07-28,1.10349702835083,1.1076037883758545,1.100545883178711,1.10349702835083,0
2011-07-29,1.1000010967254639,1.1007033586502075,1.0915957689285278,1.100097894668579,0
2011-08-01,1.1017341613769531,1.1065741777420044,1.0929319858551025,1.1016855239868164,0
2011-08-02,1.0978032350540161,1.100897192955017,1.0828019380569458,1.0978032350540161,0
2011-08-03,1.0748873949050903,1.0787136554718018,1.0681135654449463,1.07369863986969,0
2011-08-04,1.0760903358459473,1.0769248008728027,1.0507844686508179,1.0761250257492065,0
2011-08-05,1.0429050922393799,1.0523545742034912,1.0379151105880737,1.0428398847579956,0
2011-08-08,1.038303017616272,1.0437977313995361,1.030651569366455,1.0383137464523315,0
2011-08-09,1.0129249095916748,1.0255988836288452,0.9934432506561279,1.0132123231887817,0
2011-08-10,1.0383893251419067,1.0384323596954346,1.0173250436782837,1.0384323596954346,0
2011-08-11,1.012996792793274,1.029908537864685,1.0117872953414917,1.0132739543914795,0
2011-08-12,1.0338268280029297,1.0357006788253784,1.024779200553894,1.0336023569107056,0
2011-08-15,1.038303017616272,1.0489987134933472,1.0378719568252563,1.038195252418518,0
2011-08-16,1.0487346649169922,1.0504753589630127,1.0408968925476074,1.0486027002334595,0
2011-08-17,1.0476031303405762,1.0600968599319458,1.043601632118225,1.0475701093673706,0
2011-08-18,1.0539518594741821,1.0559215545654297,1.035936713218689,1.0538963079452515,0
2011-08-19,1.0379257202148438,1.0481960773468018,1.0318958759307861,1.037699580192566,0
2011-08-22,1.0384970903396606,1.0472848415374756,1.0369033813476562,1.0384970903396606,0
2011-08-23,1.0398037433624268,1.0522550344467163,1.0388963222503662,1.0395550727844238,0
2011-08-24,1.052398920059204,1.052498698234558,1.0453362464904785,1.0521996021270752,0
2011-08-25,1.046331524848938,1.0514030456542969,1.043111801147461,1.0466053485870361,0
2011-08-26,1.0441792011260986,1.058234691619873,1.0440047979354858,1.0440047979354858,0
2011-08-29,1.0579659938812256,1.0643619298934937,1.0563454627990723,1.0576974153518677,0
2011-08-30,1.0679539442062378,1.0691070556640625,1.062394380569458,1.0679994821548462,0
2011-08-31,1.0676004886627197,1.0720527172088623,1.065405249595642,1.0676004886627197,0
2011-09-01,1.0689127445220947,1.0751993656158447,1.0674750804901123,1.0690041780471802,0
2011-09-02,1.0723055601119995,1.0735949277877808,1.0641467571258545,1.0724204778671265,0
2011-09-05,1.0609854459762573,1.061221957206726,1.0515025854110718,1.060996651649475,0
2011-09-06,1.051513671875,1.0617965459823608,1.0492959022521973,1.0515689849853516,0
2011-09-07,1.0491968393325806,1.0631964206695557,1.049306869506836,1.049306869506836,0
2011-09-08,1.0650761127471924,1.0661208629608154,1.0573954582214355,1.0648607015609741,0
2011-09-09,1.0607378482818604,1.063705325126648,1.0428833961486816,1.0606027841567993,0
2011-09-12,1.0442010164260864,1.044233798980713,1.0278021097183228,1.0436997413635254,0
2011-09-13,1.0351645946502686,1.0376135110855103,1.0267045497894287,1.0351002216339111,0
2011-09-14,1.0319278240203857,1.0370432138442993,1.0181018114089966,1.031704306602478,0
2011-09-15,1.0276963710784912,1.034297227859497,1.0184959173202515,1.0277915000915527,0
2011-09-16,1.0325992107391357,1.0399984121322632,1.0296964645385742,1.0328978300094604,0
2011-09-19,1.0312999486923218,1.0314276218414307,1.0170042514801025,1.0310022830963135,0
2011-09-20,1.0151047706604004,1.0312042236328125,1.015341877937317,1.0154036283493042,0
2011-09-21,1.0251994132995605,1.0293148756027222,1.0187034606933594,1.024999737739563,0
2011-09-22,1.0061981678009033,1.007384181022644,0.974373996257782,1.0061981678009033,0
2011-09-23,0.9765624403953552,0.9867772459983826,0.9680542349815369,0.9763718247413635,0
2011-09-26,0.982607901096344,0.9838646650314331,0.9625565409660339,0.9827043414115906,0
2011-09-27,0.9821252822875977,0.9976056814193726,0.977899432182312,0.9821252822875977,0
2011-09-28,0.9904912114143372,0.9955201148986816,0.9848335385322571,0.9905893802642822,0
2011-09-29,0.9747538566589355,0.9875568151473999,0.9704026579856873,0.9748489260673523,0
2011-09-30,0.9764671921730042,0.9810654520988464,0.9684291481971741,0.9765624403953552,0
2011-10-03,0.9676794409751892,0.9701203107833862,0.9581297636032104,0.9676794409751892,0
2011-10-04,0.9524716138839722,0.9541984796524048,0.9401147365570068,0.9523810148239136,0
2011-10-05,0.9556575417518616,0.9627419114112854,0.9490367770195007,0.9557487964630127,0
2011-10-06,0.9640412926673889,0.9746588468551636,0.9623712301254272,0.9640412926673889,0
2011-10-07,0.9741841554641724,0.987751841545105,0.9733307361602783,0.9739943146705627,0
2011-10-10,0.9767532348632812,0.9998999834060669,0.9755145907402039,0.9765624403953552,0
2011-10-11,0.9984025359153748,1.0005003213882446,0.9907857179641724,0.998502254486084,0
2011-10-12,0.9956192374229431,1.018744945526123,0.9868746399879456,0.9961150884628296,0
2011-10-13,1.015960693359375,1.0244011878967285,1.0106523036956787,1.0160949230194092,0
2011-10-14,1.0154036283493042,1.0327163934707642,1.0147957801818848,1.0155996084213257,0
2011-10-17,1.0342117547988892,1.0372045040130615,1.022704005241394,1.033997893333435,0
2011-10-18,1.0170042514801025,1.022599458694458,1.012022852897644,1.0170249938964844,0
2011-10-19,1.0253045558929443,1.035400390625,1.023499608039856,1.0253992080688477,0
2011-10-20,1.0238558053970337,1.029198408126831,1.015001654624939,1.0236986875534058,0
2011-10-21,1.0230493545532227,1.0363982915878296,1.0205955505371094,1.0233948230743408,0
2011-10-24,1.031991720199585,1.0468463897705078,1.032002329826355,1.0320981740951538,0
2011-10-25,1.046725869178772,1.0498136281967163,1.0407018661499023,1.0467805862426758,0
2011-10-26,1.042872428894043,1.0437215566635132,1.0329084396362305,1.0430030822753906,0
2011-10-27,1.0399010181427002,1.0698047876358032,1.0391013622283936,1.0396956205368042,0
2011-10-28,1.0697017908096313,1.0728347301483154,1.0658140182495117,1.0695873498916626,0
2011-10-31,1.0673953294754028,1.0698047876358032,1.0509942770004272,1.0670992136001587,0
2011-11-01,1.0545074939727783,1.056602120399475,1.0274957418441772,1.0544630289077759,0
2011-11-02,1.0307046175003052,1.0426876544952393,1.0283093452453613,1.0307046175003052,0
2011-11-03,1.0253045558929443,1.0447683334350586,1.0206997394561768,1.0249892473220825,0
2011-11-04,1.0418511629104614,1.043982982635498,1.031704306602478,1.0417969226837158,0
2011-11-07,1.0395983457565308,1.041102647781372,1.0279288291931152,1.0402796268463135,0
2011-11-08,1.0362157821655273,1.036989450454712,1.028594970703125,1.036301612854004,0
2011-11-09,1.0378719568252563,1.0397820472717285,1.016063928604126,1.0377964973449707,0
2011-11-10,1.013900637626648,1.0206997394561768,1.0058135986328125,1.014054775238037,0
2011-11-11,1.0152902603149414,1.0262304544448853,1.0109996795654297,1.0155274868011475,0
2011-11-14,1.0333033800125122,1.0336772203445435,1.0203040838241577,1.0336772203445435,0
2011-11-15,1.0205748081207275,1.0226413011550903,1.011725902557373,1.0205018520355225,0
2011-11-16,1.01449716091156,1.0181951522827148,1.0061981678009033,1.0147030353546143,0
2011-11-17,1.0052978992462158,1.0118999481201172,1.0025765895843506,1.0052069425582886,0
2011-11-18,0.9984025359153748,1.0107953548431396,0.9968101382255554,0.9983028173446655,0
2011-11-21,0.9998000264167786,0.9998000264167786,0.982221782207489,0.9998000264167786,0
2011-11-22,0.9852216839790344,0.9899029731750488,0.9821252822875977,0.9853187799453735,0
2011-11-23,0.9849305152893066,0.9858044385910034,0.9675859212875366,0.9848335385322571,0
2011-11-24,0.9699320793151855,0.9784736037254333,0.9699320793151855,0.9700261950492859,0
2011-11-25,0.9708738327026367,0.9774215221405029,0.9670243859291077,0.9705910682678223,0
2011-11-28,0.9828009605407715,0.9976056814193726,0.9805845022201538,0.982607901096344,0
2011-11-29,0.9907857179641724,1.0075058937072754,0.9864851236343384,0.9897069931030273,0
2011-11-30,1.0018032789230347,1.0305029153823853,0.9946290850639343,1.001742959022522,0
2011-12-01,1.025483250617981,1.0267045497894287,1.0153006315231323,1.025483250617981,0
2011-12-02,1.0222963094711304,1.0325032472610474,1.0209603309631348,1.0222963094711304,0
2011-12-05,1.0240026712417603,1.0303648710250854,1.0204393863677979,1.0241284370422363,0
2011-12-06,1.0256620645523071,1.0267994403839111,1.0158988237380981,1.025493860244751,0
2011-12-07,1.0249052047729492,1.0300995111465454,1.023740530014038,1.0249366760253906,0
2011-12-08,1.0276541709899902,1.0380011796951294,1.021001935005188,1.0278654098510742,0
2011-12-09,1.017822027206421,1.0203665494918823,1.0052776336669922,1.0179048776626587,0
2011-12-12,1.0206997394561768,1.0208247900009155,1.0059046745300293,1.020730972290039,0
2011-12-13,1.0041571855545044,1.0163015127182007,1.0033512115478516,1.0040967464447021,0
2011-12-14,0.9989012479782104,1.004379153251648,0.989315390586853,0.9988014698028564,0
2011-12-15,0.9902951717376709,0.9989012479782104,0.9865824580192566,0.9902951717376709,0
2011-12-16,0.9938382506370544,1.002697229385376,0.9939369559288025,0.9941346049308777,0
2011-12-19,0.9964129328727722,0.9970089793205261,0.9902951717376709,0.9964129328727722,0
2011-12-20,0.9917683601379395,1.0095503330230713,0.9915716648101807,0.9917683601379395,0
2011-12-21,1.007901906967163,1.0216904878616333,1.0056214332580566,1.00800359249115,0
2011-12-22,1.0074145793914795,1.0147957801818848,1.0063601732254028,1.007099986076355,0
2011-12-23,1.0133970975875854,1.0181951522827148,1.0133970975875854,1.013520359992981,0
2011-12-26,1.0157955884933472,1.0173975229263306,1.015197515487671,1.015702724456787,0
2011-12-27,1.0160020589828491,1.0172008275985718,1.01449716091156,1.0161981582641602,0
2011-12-28,1.0147957801818848,1.0205018520355225,1.0097134113311768,1.0147751569747925,0
2011-12-29,1.0078917741775513,1.0125967264175415,1.0050050020217896,1.007932424545288,0
2011-12-30,1.0140959024429321,1.0238033533096313,1.013900637626648,1.013900637626648,0
2012-01-02,1.0208040475845337,1.023604393005371,1.0208040475845337,1.0230388641357422,0
2012-01-03,1.0253992080688477,1.0387235879898071,1.0252203941345215,1.0252203941345215,0
2012-01-04,1.0370001792907715,1.0374305248260498,1.0308003425598145,1.0370001792907715,0
2012-01-05,1.0341261625289917,1.034457802772522,1.023604393005371,1.034104824066162,0
2012-01-06,1.0257041454315186,1.026999831199646,1.0205435752868652,1.0251994132995605,0
2012-01-09,1.01980459690094,1.0242962837219238,1.0147442817687988,1.0201791524887085,0
2012-01-10,1.0253992080688477,1.0351966619491577,1.0253360271453857,1.0253360271453857,0
2012-01-11,1.0298025608062744,1.0326951742172241,1.026504397392273,1.029897928237915,0
2012-01-12,1.03152334690094,1.0377641916275024,1.0288594961166382,1.031725525856018,0
2012-01-13,1.0336664915084839,1.0369033813476562,1.023499608039856,1.033581018447876,0
2012-01-16,1.0281190872192383,1.0330791473388672,1.0256409645080566,1.0281612873077393,0
2012-01-17,1.032002329826355,1.0445609092712402,1.0321195125579834,1.0322047472000122,0
2012-01-18,1.0379796028137207,1.0427963733673096,1.0362050533294678,1.0384970903396606,0
2012-01-19,1.041894555091858,1.0432968139648438,1.0374627113342285,1.041894555091858,0
2012-01-20,1.041590690612793,1.0481960773468018,1.038594126701355,1.04150390625,0
2012-01-23,1.0468025207519531,1.0573954582214355,1.046101689338684,1.0470436811447144,0
2012-01-24,1.052897572517395,1.0532968044281006,1.0431989431381226,1.0530306100845337,0
2012-01-25,1.047998309135437,1.0541962385177612,1.0445936918258667,1.0481960773468018,0
2012-01-26,1.0592883825302124,1.068798542022705,1.0590976476669312,1.059187412261963,0
2012-01-27,1.061582326889038,1.0670992136001587,1.059490442276001,1.0611655712127686,0
2012-01-30,1.0637166500091553,1.063795804977417,1.052997350692749,1.0636035203933716,0
2012-01-31,1.05860435962677,1.06859290599823,1.0579994916915894,1.0587948560714722,0
2012-02-01,1.060805320739746,1.06859290599823,1.0579994916915894,1.0587948560714722,0
2012-02-02,1.071799874305725,1.0756042003631592,1.0684788227081299,1.0713980197906494,0
2012-02-03,1.0705033540725708,1.077702283859253,1.067452311515808,1.0704116821289062,0
2012-02-06,1.0751993656158447,1.0759050846099854,1.0686957836151123,1.0753034353256226,0
2012-02-07,1.0722020864486694,1.0823447704315186,1.0704116821289062,1.0720871686935425,0
2012-02-08,1.0797970294952393,1.0845046043395996,1.078399658203125,1.0795987844467163,0
2012-02-09,1.0787951946258545,1.0826963186264038,1.0744023323059082,1.0787020921707153,0
2012-02-10,1.0769131183624268,1.077574610710144,1.064305305480957,1.076855182647705,0
2012-02-13,1.0709046125411987,1.0778882503509521,1.068844199180603,1.0711569786071777,0
2012-02-14,1.0705033540725708,1.0733990669250488,1.0666552782058716,1.0705147981643677,0
2012-02-15,1.0704002380371094,1.077702283859253,1.0670992136001587,1.070102334022522,0
2012-02-16,1.0687299966812134,1.0739868879318237,1.064894676208496,1.0686043500900269,0
2012-02-17,1.0750607252120972,1.0797853469848633,1.071799874305725,1.0752341747283936,0
2012-02-20,1.0803452730178833,1.0801585912704468,1.0748989582061768,1.0800886154174805,0
2012-02-21,1.0722020864486694,1.075026035308838,1.0654959678649902,1.0725470781326294,0
2012-02-22,1.066996693611145,1.0685701370239258,1.0608166456222534,1.0672245025634766,0
2012-02-23,1.0624960660934448,1.071604609489441,1.060546636581421,1.0633999109268188,0
2012-02-24,1.0728002786636353,1.0755001306533813,1.0703773498535156,1.0729267597198486,0
2012-02-27,1.0695186853408813,1.0744831562042236,1.065200924873352,1.069278597831726,0
2012-02-28,1.0759166479110718,1.0787951946258545,1.073502779006958,1.0759398937225342,0
2012-02-29,1.0799602270126343,1.0855995416641235,1.0764957666397095,1.080100178718567,0
2012-03-01,1.0741138458251953,1.0797970294952393,1.0728002786636353,1.0742753744125366,0
2012-03-02,1.0807772874832153,1.0817711353302002,1.0736640691757202,1.081174612045288,0
2012-03-05,1.072259545326233,1.0741254091262817,1.0662003755569458,1.0721101760864258,0
2012-03-06,1.0677030086517334,1.069198489189148,1.0550971031188965,1.067611813545227,0
2012-03-07,1.056602120399475,1.0584698915481567,1.051325798034668,1.056602120399475,0
2012-03-08,1.0568814277648926,1.0669056177139282,1.0539740324020386,1.0567920207977295,0
2012-03-09,1.0644639730453491,1.0664050579071045,1.0578763484954834,1.064599871635437,0
2012-03-12,1.0563342571258545,1.0565017461776733,1.0476031303405762,1.0565017461776733,0
2012-03-13,1.0532968044281006,1.0559996366500854,1.04889976978302,1.0531858205795288,0
2012-03-14,1.0542962551116943,1.0550971031188965,1.0432859659194946,1.0541962385177612,0
2012-03-15,1.0440047979354858,1.052941918373108,1.0425028800964355,1.0441029071807861,0
2012-03-16,1.0521000623703003,1.0596812963485718,1.0512040853500366,1.0519450902938843,0
2012-03-19,1.0601980686187744,1.0621010065078735,1.0560665130615234,1.0601980686187744,0
2012-03-20,1.059984564781189,1.062665343284607,1.0459047555923462,1.059849739074707,0
2012-03-21,1.0485148429870605,1.052897572517395,1.0424050092697144,1.0486137866973877,0
2012-03-22,1.0459047555923462,1.0485037565231323,1.0341689586639404,1.046189308166504,0
2012-03-23,1.0401498079299927,1.0466053485870361,1.0376026630401611,1.0401065349578857,0
2012-03-26,1.048866629600525,1.0545519590377808,1.0431009531021118,1.0488007068634033,0
2012-03-27,1.052698016166687,1.0559996366500854,1.0474933385849,1.0528643131256104,0
2012-03-28,1.0443209409713745,1.044801115989685,1.0358400344848633,1.0444082021713257,0
2012-03-29,1.039198637008667,1.0398037433624268,1.030598521232605,1.0392957925796509,0
2012-03-30,1.0374951362609863,1.041601538658142,1.035400390625,1.0375919342041016,0
2012-04-02,1.0426006317138672,1.0436997413635254,1.036946415901184,1.042578935623169,0
2012-04-03,1.0429269075393677,1.046495795249939,1.0356041193008423,1.0427528619766235,0
2012-04-04,1.0309809446334839,1.0310978889465332,1.024600625038147,1.030630350112915,0
2012-04-05,1.0280978679656982,1.0323007106781006,1.0255885124206543,1.0279922485351562,0
2012-04-06,1.0295162200927734,1.0331004858016968,1.0276013612747192,1.0294950008392334,0
2012-04-09,1.0287959575653076,1.0320981740951538,1.0259672403335571,1.0294950008392334,0
2012-04-10,1.0310128927230835,1.0355290174484253,1.0255988836288452,1.0308747291564941,0
2012-04-11,1.0233948230743408,1.0330791473388672,1.022829532623291,1.0229655504226685,0
2012-04-12,1.032002329826355,1.0446155071258545,1.0307577848434448,1.0320981740951538,0
2012-04-13,1.0438958406448364,1.045303463935852,1.0358937978744507,1.0438848733901978,0
2012-04-16,1.0343722105026245,1.0379151105880737,1.0312999486923218,1.034297227859497,0
2012-04-17,1.035400390625,1.041894555091858,1.0307046175003052,1.0353038311004639,0
2012-04-18,1.040680170059204,1.041601538658142,1.0344792604446411,1.0407018661499023,0
2012-04-19,1.0372260808944702,1.0387128591537476,1.031704306602478,1.0370969772338867,0
2012-04-20,1.0346397161483765,1.038303017616272,1.0310978889465332,1.0345005989074707,0
2012-04-23,1.0384000539779663,1.0383137464523315,1.0273902416229248,1.038195252418518,0
2012-04-24,1.0310978889465332,1.0325032472610474,1.0249576568603516,1.0307471752166748,0
2012-04-25,1.0333994626998901,1.034907341003418,1.0307683944702148,1.0336023569107056,0
2012-04-26,1.0362050533294678,1.0394037961959839,1.0351966619491577,1.0362050533294678,0
2012-04-27,1.0366991758346558,1.0448665618896484,1.0356041193008423,1.0371185541152954,0
2012-04-30,1.0456314086914062,1.0462987422943115,1.0408860445022583,1.0455657243728638,0
2012-05-01,1.0421985387802124,1.0429050922393799,1.0306727886199951,1.0425245761871338,0
2012-05-02,1.033698558807373,1.0357006788253784,1.028594970703125,1.0336023569107056,0
2012-05-03,1.0307791233062744,1.0315552949905396,1.0257987976074219,1.0308003425598145,0
2012-05-04,1.0267994403839111,1.0279182195663452,1.018288493156433,1.0266623497009277,0
2012-05-07,1.0124019384384155,1.0208561420440674,1.0112041234970093,1.012176513671875,0
2012-05-08,1.0215651988983154,1.0217427015304565,1.009000301361084,1.0213252305984497,0
2012-05-09,1.0102949142456055,1.0116645097732544,1.0022450685501099,1.0100908279418945,0
2012-05-10,1.0054596662521362,1.014404535293579,1.004974603652954,1.00531804561615,0
2012-05-11,1.0060261487960815,1.0083186626434326,1.0019538402557373,1.0059350728988647,0
2012-05-14,1.002466082572937,1.003612995147705,0.9961150884628296,1.00210440158844,0
2012-05-15,0.9974067807197571,1.001542329788208,0.994925856590271,0.9974067807197571,0
2012-05-16,0.9946290850639343,0.9968101382255554,0.9872642755508423,0.99443119764328,0
2012-05-17,0.9931473135948181,0.9964129328727722,0.9899029731750488,0.9931473135948181,0
2012-05-18,0.9895111918449402,0.9895111918449402,0.9799118638038635,0.9895111918449402,0
2012-05-21,0.9838646650314331,0.9876542687416077,0.9817396402359009,0.9837678074836731,0
2012-05-22,0.9917683601379395,0.9939369559288025,0.9866798520088196,0.9916700124740601,0
2012-05-23,0.9772304892539978,0.978090763092041,0.9706853032112122,0.9770395755767822,0
2012-05-24,0.9728572964668274,0.9815468788146973,0.9713453054428101,0.9731412529945374,0
2012-05-25,0.9764671921730042,0.9800077676773071,0.9727626442909241,0.9764671921730042,0
2012-05-28,0.9819324612617493,0.9887285232543945,0.9815468788146973,0.9815468788146973,0
2012-05-29,0.9821252822875977,0.9899029731750488,0.9804883003234863,0.9816432595252991,0
2012-05-30,0.9827043414115906,0.9832842350006104,0.9721952676773071,0.9828975796699524,0
2012-05-31,0.9704968333244324,0.9761812090873718,0.9674922823905945,0.9704968333244324,0
2012-06-01,0.9721007347106934,0.9722898006439209,0.9584970474243164,0.9721007347106934,0
2012-06-04,0.9644131064414978,0.9746588468551636,0.9632055163383484,0.9645991921424866,0
2012-06-05,0.9748489260673523,0.9803921580314636,0.9711565971374512,0.9750390648841858,0
2012-06-06,0.9776126742362976,0.9906875491142273,0.9766578674316406,0.9777082800865173,0
2012-06-07,0.9908838868141174,1.0003000497817993,0.9888262748718262,0.9910803437232971,0
2012-06-08,0.9909821152687073,0.991276741027832,0.982221782207489,0.991276741027832,0
2012-06-11,0.9986019730567932,0.9997000694274902,0.9910803437232971,0.9984025359153748,0
2012-06-12,0.987751841545105,0.9939369559288025,0.9867772459983826,0.9875568151473999,0
2012-06-13,0.995322048664093,1.000100016593933,0.9933445453643799,0.9948268532752991,0
2012-06-14,0.994925856590271,0.9995002746582031,0.992457389831543,0.9951239228248596,0
2012-06-15,1.0015223026275635,1.006897211074829,0.9996002316474915,1.0010712146759033,0
2012-06-18,1.011439323425293,1.0133047103881836,1.0060462951660156,1.011439323425293,0
2012-06-19,1.0112961530685425,1.0196797847747803,1.0106420516967773,1.0112041234970093,0
2012-06-20,1.0181951522827148,1.0210124254226685,1.0169628858566284,1.0179774761199951,0
2012-06-21,1.0196278095245361,1.0195966958999634,1.0086034536361694,1.0195966958999634,0
2012-06-22,1.0044395923614502,1.0065425634384155,1.0009509325027466,1.004500150680542,0
2012-06-25,1.0035022497177124,1.0041067600250244,0.9971083998680115,1.0039454698562622,0
2012-06-26,1.0014019012451172,1.005995750427246,1.0012015104293823,1.0012015104293823,0
2012-06-27,1.0050050020217896,1.0086950063705444,1.0041571855545044,1.0048433542251587,0
2012-06-28,1.007678508758545,1.0128017663955688,1.0014621019363403,1.0075668096542358,0
2012-06-29,1.0033713579177856,1.0251573324203491,1.0021947622299194,1.0032001733779907,0
2012-07-02,1.0239187479019165,1.0276647806167603,1.0215861797332764,1.023887276649475,0
2012-07-03,1.0238033533096313,1.0298025608062744,1.0231330394744873,1.0236986875534058,0
2012-07-04,1.0289971828460693,1.0318958759307861,1.02638840675354,1.0285208225250244,0
2012-07-05,1.0268627405166626,1.0326951742172241,1.0245376825332642,1.0265991687774658,0
2012-07-06,1.0280767679214478,1.0289018154144287,1.0188382863998413,1.0283093452453613,0
2012-07-09,1.0195966958999634,1.0212000608444214,1.0156512260437012,1.0196278095245361,0
2012-07-10,1.0206893682479858,1.0244957208633423,1.0161981582641602,1.0206060409545898,0
2012-07-11,1.0188279151916504,1.0282142162322998,1.0181018114089966,1.0187968015670776,0
2012-07-12,1.0249682664871216,1.0253992080688477,1.0102745294570923,1.0248842239379883,0
2012-07-13,1.0136950016021729,1.0229970216751099,1.0123711824417114,1.0132020711898804,0
2012-07-16,1.023499608039856,1.0244327783584595,1.0203977823257446,1.0233633518218994,0
2012-07-17,1.024075984954834,1.0310022830963135,1.0237720012664795,1.0241074562072754,0
2012-07-18,1.0315978527069092,1.0356041193008423,1.0291030406951904,1.0314913988113403,0
2012-07-19,1.0360976457595825,1.0445064306259155,1.0362050533294678,1.0362050533294678,0
2012-07-20,1.0424375534057617,1.0429050922393799,1.0366777181625366,1.0424158573150635,0
2012-07-23,1.0339871644973755,1.0342010259628296,1.0245376825332642,1.033965826034546,0
2012-07-24,1.0272952318191528,1.03153395652771,1.0253150463104248,1.0272213220596313,0
2012-07-25,1.0215965509414673,1.0310554504394531,1.0191913843154907,1.0214295387268066,0
2012-07-26,1.0304604768753052,1.0422964096069336,1.0293254852294922,1.0301313400268555,0
2012-07-27,1.0395010709762573,1.0455657243728638,1.038594126701355,1.0394037961959839,0
2012-07-30,1.0464081764221191,1.0506961345672607,1.045128583908081,1.046495795249939,0
2012-07-31,1.0498688220977783,1.0538963079452515,1.0490317344665527,1.04985773563385,0
2012-08-01,1.0485037565231323,1.0542407035827637,1.0466053485870361,1.048272967338562,0
2012-08-02,1.0469998121261597,1.0573954582214355,1.0440047979354858,1.0469011068344116,0
2012-08-03,1.0458828210830688,1.056993007659912,1.0447901487350464,1.0457407236099243,0
2012-08-06,1.0558992624282837,1.0593332052230835,1.0537962913513184,1.0559996366500854,0
2012-08-07,1.0563008785247803,1.0603779554367065,1.0555983781814575,1.056401252746582,0
2012-08-08,1.0536963939666748,1.0582571029663086,1.0532746315002441,1.0534965991973877,0
2012-08-09,1.0557990074157715,1.0612894296646118,1.0555425882339478,1.0555425882339478,0
2012-08-10,1.0573954582214355,1.0574736595153809,1.0500340461730957,1.0572947263717651,0
2012-08-13,1.0552864074707031,1.0572389364242554,1.0505746603012085,1.055275321006775,0
2012-08-14,1.0514030456542969,1.0540851354599,1.0481411218643188,1.0513036251068115,0
2012-08-15,1.0487127304077148,1.05138099193573,1.0456860065460205,1.0488007068634033,0
2012-08-16,1.0496042966842651,1.0512704849243164,1.0476908683776855,1.0496042966842651,0
2012-08-17,1.052398920059204,1.0525429248809814,1.0413954257965088,1.0525429248809814,0
2012-08-20,1.0437215566635132,1.0469998121261597,1.0428180694580078,1.0436779260635376,0
2012-08-21,1.0452051162719727,1.0521553754806519,1.0449649095535278,1.0452051162719727,0
2012-08-22,1.0469011068344116,1.0469998121261597,1.0415364503860474,1.0469449758529663,0
2012-08-23,1.0509058237075806,1.0543184280395508,1.045653223991394,1.0509169101715088,0
2012-08-24,1.0432424545288086,1.0444954633712769,1.0380011796951294,1.0432968139648438,0
2012-08-27,1.0404852628707886,1.042024850845337,1.0373982191085815,1.0404202938079834,0
2012-08-28,1.0366023778915405,1.0390797853469849,1.034714698791504,1.0363982915878296,0
2012-08-29,1.0374951362609863,1.0399118661880493,1.0356147289276123,1.0374951362609863,0
2012-08-30,1.034104824066162,1.0345326662063599,1.0301631689071655,1.0342010259628296,0
2012-08-31,1.0280978679656982,1.0354111194610596,1.0280133485794067,1.0280556678771973,0
2012-09-03,1.0278126001358032,1.0278021097183228,1.0233948230743408,1.0272213220596313,0
2012-09-04,1.024096965789795,1.0289018154144287,1.0222649574279785,1.024096965789795,0
2012-09-05,1.0212000608444214,1.0224008560180664,1.0170042514801025,1.0208977460861206,0
2012-09-06,1.019295334815979,1.0289547443389893,1.0171594619750977,1.0191290378570557,0
2012-09-07,1.028594970703125,1.0397387742996216,1.0279394388198853,1.0284045934677124,0
2012-09-10,1.0362157821655273,1.0387020111083984,1.0336238145828247,1.036301612854004,0
2012-09-11,1.0333994626998901,1.0449320077896118,1.0324711799621582,1.0333033800125122,0
2012-09-12,1.0430465936660767,1.0505967140197754,1.0429050922393799,1.0429050922393799,0
2012-09-13,1.0466053485870361,1.0490977764129639,1.0431989431381226,1.0463205575942993,0
2012-09-14,1.0535187721252441,1.0623153448104858,1.0535964965820312,1.0536963939666748,0
2012-09-17,1.0538629293441772,1.0547521114349365,1.0487897396087646,1.0536963939666748,0
2012-09-18,1.0475921630859375,1.0488007068634033,1.0412653684616089,1.0476360321044922,0
2012-09-19,1.0455001592636108,1.0482949018478394,1.0419923067092896,1.0453799962997437,0
2012-09-20,1.047219157218933,1.0473946332931519,1.0369678735733032,1.0471752882003784,0
2012-09-21,1.043514609336853,1.0518896579742432,1.043274998664856,1.043274998664856,0
2012-09-24,1.043558120727539,1.0437977313995361,1.038874626159668,1.0435363054275513,0
2012-09-25,1.042589783668518,1.04639732837677,1.0407993793487549,1.042209506034851,0
2012-09-26,1.0363768339157104,1.0379042625427246,1.0331859588623047,1.036301612854004,0
2012-09-27,1.0372798442840576,1.0438958406448364,1.0365487337112427,1.0372798442840576,0
2012-09-28,1.0437650680541992,1.0475043058395386,1.0377750396728516,1.0437977313995361,0
2012-10-01,1.0355397462844849,1.0404419898986816,1.032769799232483,1.0352717638015747,0
2012-10-02,1.0360976457595825,1.0380120277404785,1.028594970703125,1.0359580516815186,0
2012-10-03,1.0259777307510376,1.0262515544891357,1.0201479196548462,1.025504231452942,0
2012-10-04,1.0232168436050415,1.0242962837219238,1.018547773361206,1.0231958627700806,0
2012-10-05,1.0242648124694824,1.0279922485351562,1.0207102298736572,1.02421236038208,0
2012-10-08,1.0170457363128662,1.0221081972122192,1.0153006315231323,1.0167458057403564,0
2012-10-09,1.0213565826416016,1.0248421430587769,1.0177910327911377,1.0215651988983154,0
2012-10-10,1.018755316734314,1.0264095067977905,1.0185996294021606,1.0187656879425049,0
2012-10-11,1.0222022533416748,1.0297495126724243,1.021941065788269,1.0220768451690674,0
2012-10-12,1.0255358219146729,1.0292725563049316,1.0218783617019653,1.0259145498275757,0
2012-10-15,1.0226308107376099,1.0257357358932495,1.0203874111175537,1.0228610038757324,0
2012-10-16,1.0269049406051636,1.0290395021438599,1.024800181388855,1.026504397392273,0
2012-10-17,1.0308959484100342,1.038303017616272,1.0302162170410156,1.0307683944702148,0
2012-10-18,1.0379042625427246,1.0413954257965088,1.036323070526123,1.0377964973449707,0
2012-10-19,1.0374951362609863,1.0383353233337402,1.0323752164840698,1.0374842882156372,0
2012-10-22,1.0305771827697754,1.0340405702590942,1.0305347442626953,1.0307046175003052,0
2012-10-23,1.0336772203445435,1.0337947607040405,1.0237300395965576,1.033698558807373,0
2012-10-24,1.0269049406051636,1.0351216793060303,1.026883840560913,1.026883840560913,0
2012-10-25,1.0345969200134277,1.0399010181427002,1.033997893333435,1.0345648527145386,0
2012-10-26,1.0351431369781494,1.0386481285095215,1.0307896137237549,1.0350037813186646,0
2012-10-29,1.0353038311004639,1.036924958229065,1.0333888530731201,1.0367422103881836,0
2012-10-30,1.033976435661316,1.038604974746704,1.0330578088760376,1.0339230298995972,0
2012-10-31,1.0366023778915405,1.0400956869125366,1.0354218482971191,1.0363553762435913,0
2012-11-01,1.0376026630401611,1.041135311126709,1.0356147289276123,1.037451982498169,0
2012-11-02,1.0413628816604614,1.04150390625,1.0365058183670044,1.0413304567337036,0
2012-11-05,1.034297227859497,1.0372045040130615,1.033698558807373,1.0343294143676758,0
2012-11-06,1.0380982160568237,1.0446046590805054,1.036720633506775,1.038195252418518,0
2012-11-07,1.043068289756775,1.0480971336364746,1.0409510135650635,1.0429050922393799,0
2012-11-08,1.0403987169265747,1.0433404445648193,1.0393282175064087,1.0407018661499023,0
2012-11-09,1.0401065349578857,1.043514609336853,1.0360654592514038,1.0400956869125366,0
2012-11-12,1.0395010709762573,1.0443973541259766,1.0391013622283936,1.0395010709762573,0
2012-11-13,1.0426549911499023,1.0436887741088867,1.039890170097351,1.0426985025405884,0
2012-11-14,1.0443973541259766,1.0460032224655151,1.0379151105880737,1.0445390939712524,0
2012-11-15,1.036591649055481,1.0387020111083984,1.0310022830963135,1.0365701913833618,0
2012-11-16,1.0339871644973755,1.0351966619491577,1.0300995111465454,1.033784031867981,0
2012-11-19,1.0360440015792847,1.0421009063720703,1.0356361865997314,1.0360547304153442,0
2012-11-20,1.0402363538742065,1.0426985025405884,1.0366023778915405,1.0401172637939453,0
2012-11-21,1.0390042066574097,1.0390042066574097,1.0339550971984863,1.0390042066574097,0
2012-11-22,1.038303017616272,1.039890170097351,1.0353682041168213,1.038184404373169,0
2012-11-23,1.038022756576538,1.0449211597442627,1.037699580192566,1.0380011796951294,0
2012-11-26,1.0459047555923462,1.0469011068344116,1.043982982635498,1.0459047555923462,0
2012-11-27,1.0471972227096558,1.0492959022521973,1.04436457157135,1.0472959280014038,0
2012-11-28,1.0443973541259766,1.04639732837677,1.042872428894043,1.0444954633712769,0
2012-11-29,1.0475043058395386,1.047998309135437,1.043079137802124,1.0473836660385132,0
2012-11-30,1.0429377555847168,1.044899344444275,1.0403987169265747,1.042915940284729,0
2012-12-03,1.0426006317138672,1.0445282459259033,1.0394037961959839,1.0426985025405884,0
2012-12-05,1.0474933385849,1.0488007068634033,1.0443755388259888,1.0473946332931519,0
2012-12-06,1.044801115989685,1.0514252185821533,1.0441901683807373,1.044724702835083,0
2012-12-07,1.0473946332931519,1.0492959022521973,1.0461344718933105,1.0474165678024292,0
2012-12-10,1.048185110092163,1.0506961345672607,1.0469449758529663,1.048459768295288,0
2012-12-11,1.0488007068634033,1.0521000623703003,1.0464410781860352,1.048635721206665,0
2012-12-12,1.0536963939666748,1.0556986331939697,1.0524210929870605,1.0537962913513184,0
2012-12-13,1.0546298027038574,1.0565017461776733,1.0539073944091797,1.0546965599060059,0
2012-12-14,1.0531748533248901,1.0558992624282837,1.0510826110839844,1.0532413721084595,0
2012-12-17,1.0555315017700195,1.0555983781814575,1.052797794342041,1.0555983781814575,0
2012-12-18,1.0547966957092285,1.0559996366500854,1.0516905784606934,1.0545964241027832,0
2012-12-19,1.0519893169403076,1.0535964965820312,1.0480422973632812,1.0518012046813965,0
2012-12-20,1.0476799011230469,1.0501995086669922,1.046462893486023,1.0476360321044922,0
2012-12-21,1.0480971336364746,1.0482949018478394,1.0410810708999634,1.048086166381836,0
2012-12-24,1.0396956205368042,1.0417101383209229,1.0367099046707153,1.0395442247390747,0
2012-12-25,1.0367958545684814,1.04639732837677,1.0360976457595825,1.0369033813476562,0
2012-12-26,1.0373982191085815,1.0386372804641724,1.0357756614685059,1.0373982191085815,0
2012-12-27,1.0365809202194214,1.0389394760131836,1.0347574949264526,1.0365594625473022,0
2012-12-28,1.0369787216186523,1.0396956205368042,1.0364949703216553,1.0369033813476562,0
2012-12-31,1.039198637008667,1.041005253791809,1.0366346836090088,1.0392417907714844,0
2013-01-01,1.0399010181427002,1.0444954633712769,1.0387020111083984,1.0387991666793823,0
2013-01-02,1.0391662120819092,1.052498698234558,1.0392849445343018,1.0392957925796509,0
2013-01-03,1.0492959022521973,1.0527867078781128,1.0477348566055298,1.049306869506836,0
2013-01-04,1.045303463935852,1.0467039346694946,1.039684772491455,1.0450959205627441,0
2013-01-07,1.049538254737854,1.0508174896240234,1.0468902587890625,1.0495712757110596,0
2013-01-08,1.051171064376831,1.0518012046813965,1.0472739934921265,1.0512704849243164,0
2013-01-09,1.0513699054718018,1.0537962913513184,1.048954725265503,1.0514030456542969,0
2013-01-10,1.0506078004837036,1.058750033378601,1.0496593713760376,1.0504974126815796,0
2013-01-11,1.0580331087112427,1.0591648817062378,1.0548189878463745,1.0579547882080078,0
2013-01-14,1.0537852048873901,1.0581003427505493,1.0524654388427734,1.0538963079452515,0
2013-01-15,1.056423544883728,1.0574960708618164,1.0527645349502563,1.0565240383148193,0
2013-01-16,1.0570825338363647,1.05794358253479,1.0533411502838135,1.0570489168167114,0
2013-01-17,1.0558435916900635,1.0564347505569458,1.0496042966842651,1.0554535388946533,0
2013-01-18,1.0546075105667114,1.0557990074157715,1.0487017631530762,1.0545074939727783,0
2013-01-21,1.0507181882858276,1.052797794342041,1.0494831800460815,1.0504422187805176,0
2013-01-22,1.0516021251678467,1.0579994916915894,1.0505415201187134,1.0515247583389282,0
2013-01-23,1.0562896728515625,1.0571048259735107,1.052897572517395,1.0562005043029785,0
2013-01-24,1.0536853075027466,1.0548968315124512,1.0452706813812256,1.053996205329895,0
2013-01-25,1.0446046590805054,1.046955943107605,1.042165994644165,1.044899344444275,0
2013-01-28,1.0413520336151123,1.0433948040008545,1.0386265516281128,1.041135311126709,0
2013-01-29,1.0422312021255493,1.0467039346694946,1.0419706106185913,1.0424050092697144,0
2013-01-30,1.0469011068344116,1.0478994846343994,1.0404636859893799,1.0462987422943115,0
2013-01-31,1.0418837070465088,1.0444518327713013,1.0382167100906372,1.041688323020935,0
2013-02-01,1.0432206392288208,1.044473648071289,1.0362263917922974,1.0432968139648438,0
2013-02-04,1.0426006317138672,1.0442010164260864,1.041189432144165,1.0425137281417847,0
2013-02-05,1.0441029071807861,1.0458282232284546,1.0372045040130615,1.0442010164260864,0
2013-02-06,1.0390042066574097,1.0399551391601562,1.0298025608062744,1.0391877889633179,0
2013-02-07,1.032002329826355,1.0339016914367676,1.0300040245056152,1.0319278240203857,0
2013-02-08,1.0282670259475708,1.0348002910614014,1.0258935689926147,1.0279922485351562,0
2013-02-11,1.032279372215271,1.0326951742172241,1.0264201164245605,1.032002329826355,0
2013-02-12,1.026356816291809,1.0318533182144165,1.0228400230407715,1.0261040925979614,0
2013-02-13,1.0338696241378784,1.036301612854004,1.0320236682891846,1.0337947607040405,0
2013-02-14,1.0360976457595825,1.0366023778915405,1.032823085784912,1.0356791019439697,0
2013-02-15,1.0350574254989624,1.0374196767807007,1.029866099357605,1.0351002216339111,0
2013-02-18,1.0299403667449951,1.0315552949905396,1.0276435613632202,1.0298025608062744,0
2013-02-19,1.0318958759307861,1.035571813583374,1.0305559635162354,1.0318958759307861,0
2013-02-20,1.034896731376648,1.0369033813476562,1.0284574031829834,1.0348860025405884,0
2013-02-21,1.0248421430587769,1.0265675783157349,1.0228610038757324,1.0249052047729492,0
2013-02-22,1.0294420719146729,1.0340086221694946,1.0272530317306519,1.0295162200927734,0
2013-02-25,1.029823660850525,1.0331004858016968,1.026504397392273,1.029855489730835,0
2013-02-26,1.027031421661377,1.0293996334075928,1.0201791524887085,1.026999831199646,0
2013-02-27,1.0233948230743408,1.02378249168396,1.018558144569397,1.0235834121704102,0
2013-02-28,1.0232272148132324,1.0291136503219604,1.0206997394561768,1.0229551792144775,0
2013-03-01,1.0218993425369263,1.0242962837219238,1.018485426902771,1.021826148033142,0
2013-03-04,1.0196278095245361,1.0200022459030151,1.0117565393447876,1.0196590423583984,0
2013-03-05,1.0203874111175537,1.0253045558929443,1.019575834274292,1.0203977823257446,0
2013-03-06,1.0266835689544678,1.0298025608062744,1.0257041454315186,1.0265991687774658,0
2013-03-07,1.023352861404419,1.0289971828460693,1.0220977067947388,1.023499608039856,0
2013-03-08,1.0270631313323975,1.0280978679656982,1.0224322080612183,1.0272530317306519,0
2013-03-11,1.0217949151992798,1.0270947217941284,1.0212417840957642,1.0215026140213013,0
2013-03-12,1.0278971195220947,1.0336130857467651,1.0267889499664307,1.0278021097183228,0
2013-03-13,1.0328978300094604,1.0333994626998901,1.0284786224365234,1.0328978300094604,0
2013-03-14,1.0300040245056152,1.0396956205368042,1.0300040245056152,1.0300570726394653,0
2013-03-15,1.038022756576538,1.0405502319335938,1.036312460899353,1.0380982160568237,0
2013-03-18,1.0353895425796509,1.039879322052002,1.0346183776855469,1.0354218482971191,0
2013-03-19,1.0393929481506348,1.0406043529510498,1.0362908840179443,1.0394037961959839,0
2013-03-20,1.0361191034317017,1.0399010181427002,1.0357542037963867,1.0362050533294678,0
2013-03-21,1.0378073453903198,1.044899344444275,1.03638756275177,1.0378719568252563,0
2013-03-22,1.0440047979354858,1.0454018115997314,1.0422964096069336,1.0440047979354858,0
2013-03-25,1.0448774099349976,1.0484048128128052,1.043351173400879,1.0450085401535034,0
2013-03-26,1.0462440252304077,1.0498026609420776,1.0448557138442993,1.0461783409118652,0
2013-03-27,1.0473617315292358,1.0482949018478394,1.0419814586639404,1.0475701093673706,0
2013-03-28,1.0448665618896484,1.0459047555923462,1.0399118661880493,1.0450959205627441,0
2013-03-29,1.0418294668197632,1.0429050922393799,1.0406043529510498,1.0416991710662842,0
2013-04-01,1.0412328243255615,1.0426766872406006,1.0387991666793823,1.0413087606430054,0
2013-04-02,1.0437977313995361,1.0480971336364746,1.0437324047088623,1.043786883354187,0
2013-04-03,1.045718789100647,1.0498136281967163,1.044801115989685,1.0456641912460327,0
2013-04-04,1.045478343963623,1.0487017631530762,1.039630651473999,1.0454018115997314,0
2013-04-05,1.0423941612243652,1.0437650680541992,1.0357649326324463,1.0425028800964355,0
2013-04-08,1.0351645946502686,1.0425028800964355,1.0351860523223877,1.0351860523223877,0
2013-04-09,1.042024850845337,1.0495051145553589,1.0415147542953491,1.042035698890686,0
2013-04-10,1.04889976978302,1.055230736732483,1.0477018356323242,1.0488007068634033,0
2013-04-11,1.0537852048873901,1.0583914518356323,1.050276756286621,1.0537962913513184,0
2013-04-12,1.0546187162399292,1.0563008785247803,1.048481822013855,1.0547521114349365,0
2013-04-15,1.0514030456542969,1.052398920059204,1.0377964973449707,1.050983190536499,0
2013-04-16,1.0338054895401,1.038475513458252,1.0310766696929932,1.0337947607040405,0
2013-04-17,1.0384970903396606,1.0387344360351562,1.0296752452850342,1.038303017616272,0
2013-04-18,1.0303012132644653,1.033997893333435,1.0270947217941284,1.0301949977874756,0
2013-04-19,1.0298025608062744,1.0359044075012207,1.0282670259475708,1.0296117067337036,0
2013-04-22,1.0273902416229248,1.0308109521865845,1.0236881971359253,1.0274852514266968,0
2013-04-23,1.0265675783157349,1.026926040649414,1.022275447845459,1.026504397392273,0
2013-04-24,1.0261040925979614,1.0294950008392334,1.0234053134918213,1.026030421257019,0
2013-04-25,1.0278971195220947,1.0339443683624268,1.0274007320404053,1.0276963710784912,0
2013-04-26,1.0293891429901123,1.0336023569107056,1.0265253782272339,1.0293996334075928,0
2013-04-29,1.0284150838851929,1.035797119140625,1.0277175903320312,1.0282882452011108,0
2013-04-30,1.0344042778015137,1.0384000539779663,1.033271312713623,1.03419029712677,0
2013-05-01,1.037075400352478,1.0383137464523315,1.0272847414016724,1.0372153520584106,0
2013-05-02,1.028573751449585,1.0283622741699219,1.022275447845459,1.0283622741699219,0
2013-05-03,1.0255674123764038,1.0323007106781006,1.0244957208633423,1.0253360271453857,0
2013-05-06,1.0302480459213257,1.0308003425598145,1.0225681066513062,1.029897928237915,0
2013-05-07,1.0244851112365723,1.0253045558929443,1.015671730041504,1.024579644203186,0
2013-05-08,1.0178323984146118,1.0209081172943115,1.0157955884933472,1.0176666975021362,0
2013-05-09,1.0191705226898193,1.025493860244751,1.017998218536377,1.019004464149475,0
2013-05-10,1.00764799118042,1.0094586610794067,0.9962143301963806,1.007637858390808,0
2013-05-13,0.998502254486084,1.0011012554168701,0.9952229857444763,0.998502254486084,0
2013-05-14,0.9971083998680115,1.0003401041030884,0.9891196489334106,0.9971083998680115,0
2013-05-15,0.9908838868141174,0.9918666481971741,0.9856100678443909,0.9906875491142273,0
2013-05-16,0.9898049831390381,0.9914733171463013,0.980199933052063,0.9899029731750488,0
2013-05-17,0.982607901096344,0.9828009605407715,0.9712509512901306,0.9828009605407715,0
2013-05-20,0.9767532348632812,0.9798158407211304,0.9744688868522644,0.9763718247413635,0
2013-05-21,0.9813542366027832,0.9839614629745483,0.9754194021224976,0.9815468788146973,0
2013-05-22,0.9819324612617493,0.982607901096344,0.9676794409751892,0.9819324612617493,0
2013-05-23,0.9663702845573425,0.9779950976371765,0.9602458477020264,0.9667440056800842,0
2013-05-24,0.9684291481971741,0.9706853032112122,0.9649716019630432,0.9684291481971741,0
2013-05-27,0.9637624621391296,0.9669309854507446,0.9618158936500549,0.963483989238739,0
2013-05-28,0.9629273414611816,0.9695559740066528,0.9598771333694458,0.9629273414611816,0
2013-05-29,0.9574875831604004,0.9670243859291077,0.9530163407325745,0.9573042392730713,0
2013-05-30,0.9636695981025696,0.9697439670562744,0.9586808681488037,0.963391125202179,0
2013-05-31,0.9669309854507446,0.9679604768753052,0.9551097750663757,0.9668375253677368,0
2013-06-03,0.9622787237167358,0.9775362610816956,0.9600614309310913,0.9620935320854187,0
2013-06-04,0.975324273109436,0.9762765169143677,0.9637624621391296,0.975134015083313,0
2013-06-05,0.9645061492919922,0.9658195972442627,0.9512937068939209,0.9640412926673889,0
2013-06-06,0.9514747858047485,0.9620935320854187,0.9436632990837097,0.9509319067001343,0
2013-06-07,0.9561508893966675,0.9562972784042358,0.9440018534660339,0.9557487964630127,0
2013-06-10,0.9417969584465027,0.9480469822883606,0.9403798580169678,0.9417969584465027,0
2013-06-11,0.9458053708076477,0.9458233118057251,0.9329228401184082,0.9458233118057251,0
2013-06-12,0.9460737705230713,0.9562057852745056,0.9417969584465027,0.9458053708076477,0
2013-06-13,0.9480469822883606,0.9622787237167358,0.9433072805404663,0.9481368660926819,0
2013-06-14,0.9637624621391296,0.9651577472686768,0.9570294618606567,0.9632055163383484,0
2013-06-17,0.9575792551040649,0.9640412926673889,0.9529255032539368,0.9578543901443481,0
2013-06-18,0.9544716477394104,0.9573959112167358,0.9441978931427002,0.9547451138496399,0
2013-06-19,0.9485865831375122,0.9546539187431335,0.9440196752548218,0.9489466547966003,0
2013-06-20,0.9280742406845093,0.9313588738441467,0.916506290435791,0.9279019832611084,0
2013-06-21,0.9203019142150879,0.9258401393890381,0.9186110496520996,0.9203864932060242,0
2013-06-24,0.923616886138916,0.9270418286323547,0.9152480363845825,0.923787534236908,0
2013-06-25,0.9261832237243652,0.9297136068344116,0.9198785424232483,0.9261832237243652,0
2013-06-26,0.9263548254966736,0.9344921708106995,0.9238728880882263,0.9265264272689819,0
2013-06-27,0.9288501143455505,0.9337068200111389,0.9265264272689819,0.9286775588989258,0
2013-06-28,0.9281604290008545,0.9285050630569458,0.9139096736907959,0.9283241629600525,0
2013-07-01,0.9129085540771484,0.9246416687965393,0.9126585721969604,0.9129918813705444,0
2013-07-02,0.9244707822799683,0.9250693917274475,0.9141603708267212,0.9243853092193604,0
2013-07-03,0.9144947528839111,0.9186110496520996,0.9053869843482971,0.9144947528839111,0
2013-07-04,0.9092562198638916,0.9180207252502441,0.9077128171920776,0.9091735482215881,0
2013-07-05,0.9141603708267212,0.9180207252502441,0.9038322567939758,0.9141603708267212,0
2013-07-08,0.9062075018882751,0.9137426614761353,0.9012256860733032,0.9057971239089966,0
2013-07-09,0.913993239402771,0.9199631810188293,0.9038322567939758,0.913993239402771,0
2013-07-10,0.916506290435791,0.9232758283615112,0.9090908765792847,0.9165903329849243,0
2013-07-11,0.9275577664375305,0.9304922223091125,0.9120758771896362,0.9283326864242554,0
2013-07-12,0.9175995588302612,0.9188643097877502,0.9012256860733032,0.9171788096427917,0
2013-07-15,0.907803475856781,0.9120842218399048,0.9003331065177917,0.9077704548835754,0
2013-07-16,0.9091735482215881,0.923787534236908,0.9068650007247925,0.909008264541626,0
2013-07-17,0.9241290092468262,0.9291952848434448,0.9158347845077515,0.9241290092468262,0
2013-07-18,0.9231905937194824,0.9242998361587524,0.9140768051147461,0.922849714756012,0
2013-07-19,0.9180207252502441,0.9232758283615112,0.9155831933021545,0.9180207252502441,0
2013-07-22,0.9219139218330383,0.9268699884414673,0.9187798500061035,0.9218798875808716,0
2013-07-23,0.9258401393890381,0.9285050630569458,0.9225092530250549,0.9256688356399536,0
2013-07-24,0.9289363026618958,0.9313674569129944,0.9186954498291016,0.9286775588989258,0
2013-07-25,0.9129918813705444,0.9196248054504395,0.9135757684707642,0.9135757684707642,0
2013-07-26,0.9239583015441895,0.9295408725738525,0.922934889793396,0.923787534236908,0
2013-07-29,0.9255831241607666,0.9286775588989258,0.9192866086959839,0.9254974722862244,0
2013-07-30,0.9194557070732117,0.9207425117492676,0.9046417474746704,0.9199631810188293,0
2013-07-31,0.9072763323783875,0.9071940183639526,0.8949346542358398,0.9071940183639526,0
2013-08-01,0.895014762878418,0.8990380167961121,0.8909479379653931,0.8955758213996887,0
2013-08-02,0.8942144513130188,0.8970218896865845,0.8879417777061462,0.8938866853713989,0
2013-08-05,0.8905512690544128,0.8919811248779297,0.8850810527801514,0.890789270401001,0
2013-08-06,0.8914245367050171,0.9005764126777649,0.8907099366188049,0.8915834426879883,0
2013-08-07,0.898876428604126,0.90203857421875,0.8922198414802551,0.8987148404121399,0
2013-08-08,0.9002520442008972,0.9124087691307068,0.8987956643104553,0.9005764126777649,0
2013-08-09,0.9107467532157898,0.9203019142150879,0.9090908765792847,0.9107467532157898,0
2013-08-12,0.9185266494750977,0.9248127341270447,0.9135757684707642,0.9175153374671936,0
2013-08-13,0.911577045917511,0.914829432964325,0.907605767250061,0.911244809627533,0
2013-08-14,0.9099181294441223,0.9157257080078125,0.908265233039856,0.9096697568893433,0
2013-08-15,0.9144947528839111,0.9192866086959839,0.9065361618995667,0.9143274426460266,0
2013-08-16,0.9133254289627075,0.9213193655014038,0.913241982460022,0.913241982460022,0
2013-08-19,0.9199631810188293,0.92336106300354,0.9127418398857117,0.9199631810188293,0
2013-08-20,0.911577045917511,0.9124919772148132,0.902771532535553,0.9116601347923279,0
2013-08-21,0.9062075018882751,0.9058791995048523,0.9001709818840027,0.9058791995048523,0
2013-08-22,0.8969575762748718,0.904322624206543,0.8934155106544495,0.8967805504798889,0
2013-08-23,0.9018758535385132,0.9048135876655579,0.8975049257278442,0.9018758535385132,0
2013-08-26,0.9028530120849609,0.9068650007247925,0.9004141688346863,0.9030975699424744,0
2013-08-27,0.9013881087303162,0.9009009003639221,0.8934155106544495,0.9009009003639221,0
2013-08-28,0.8946143984794617,0.8967805504798889,0.8896005749702454,0.8944543600082397,0
2013-08-29,0.894694447517395,0.8979078531265259,0.8918219804763794,0.8946143984794617,0
2013-08-30,0.8926180005073547,0.8955758213996887,0.8896005749702454,0.8926180005073547,0
2013-09-02,0.8938946723937988,0.9013068675994873,0.8938946723937988,0.8938946723937988,0
2013-09-03,0.900009036064148,0.9070295095443726,0.8975049257278442,0.8997660279273987,0
2013-09-04,0.9056330323219299,0.9187798500061035,0.9041591882705688,0.9053051471710205,0
2013-09-05,0.9171788096427917,0.9188643097877502,0.9119926691055298,0.9168423414230347,0
2013-09-06,0.9119095206260681,0.9215739965438843,0.9119095206260681,0.9119095206260681,0
2013-09-09,0.9196248054504395,0.9232758283615112,0.9169264435768127,0.9191175699234009,0
2013-09-10,0.9231905937194824,0.9314455389976501,0.9232758283615112,0.9232758283615112,0
2013-09-11,0.930059552192688,0.9322270750999451,0.9279019832611084,0.9301460981369019,0
2013-09-12,0.9335324764251709,0.935016393661499,0.9230201244354248,0.9334278702735901,0
2013-09-13,0.926268994808197,0.9267840385437012,0.9226794838905334,0.9264406561851501,0
2013-09-16,0.9323139786720276,0.9387908577919006,0.9323139786720276,0.9324009418487549,0
2013-09-17,0.9322270750999451,0.9366803765296936,0.9288501143455505,0.9320185780525208,0
2013-09-18,0.935366153717041,0.9370315074920654,0.9337940216064453,0.9354537129402161,0
2013-09-19,0.9497578740119934,0.9523810148239136,0.9441978931427002,0.9497578740119934,0
2013-09-20,0.9445546865463257,0.9458948373794556,0.9379982948303223,0.9445546865463257,0
2013-09-23,0.9402031302452087,0.945268988609314,0.9384384155273438,0.939937949180603,0
2013-09-24,0.9423294067382812,0.9422405958175659,0.9366803765296936,0.9420631527900696,0
2013-09-25,0.9384384155273438,0.9394964575767517,0.9339683651924133,0.9383503198623657,0
2013-09-26,0.9365926384925842,0.9402031302452087,0.9346667528152466,0.9362419247627258,0
2013-09-27,0.9359790086746216,0.937558650970459,0.9299730658531189,0.9358913898468018,0
2013-09-30,0.9301460981369019,0.9356287717819214,0.9286775588989258,0.9298000931739807,0
2013-10-01,0.93205326795578,0.9436632990837097,0.9296271800994873,0.9324009418487549,0
2013-10-02,0.9391434788703918,0.9408223032951355,0.9335324764251709,0.9392316937446594,0
2013-10-03,0.9387027025222778,0.9414423108100891,0.9369437098503113,0.9385265111923218,0
2013-10-04,0.9402031302452087,0.9458948373794556,0.9402914643287659,0.9402914643287659,0
2013-10-07,0.9442870616912842,0.945000946521759,0.9388790130615234,0.9441978931427002,0
2013-10-09,0.944822371006012,0.9466111660003662,0.9415308833122253,0.9450902938842773,0
2013-10-10,0.945000946521759,0.946880042552948,0.9393816590309143,0.945000946521759,0
2013-10-11,0.9455639123916626,0.948676586151123,0.944822371006012,0.9456264972686768,0
2013-10-14,0.9447330832481384,0.9485865831375122,0.9435742497444153,0.9447330832481384,0
2013-10-15,0.9512032270431519,0.9549274444580078,0.9509047865867615,0.9512032270431519,0
2013-10-16,0.9537435173988342,0.9543806314468384,0.95084148645401,0.9541074633598328,0
2013-10-17,0.9543806314468384,0.9645991921424866,0.9524716138839722,0.9543806314468384,0
2013-10-18,0.9617233872413635,0.9676794409751892,0.9607070684432983,0.9619084000587463,0
2013-10-21,0.9660902619361877,0.9678667783737183,0.9644131064414978,0.966183602809906,0
2013-10-22,0.9653441309928894,0.9731412529945374,0.9645061492919922,0.9651577472686768,0
2013-10-23,0.9701203107833862,0.9756097793579102,0.9609841108322144,0.9703086018562317,0
2013-10-24,0.9641342163085938,0.9672114849090576,0.9573959112167358,0.9640412926673889,0
2013-10-25,0.9621860980987549,0.9623712301254272,0.9575792551040649,0.9618158936500549,0
2013-10-28,0.9599692821502686,0.9623712301254272,0.9557487964630127,0.9599692821502686,0
2013-10-29,0.954562783241272,0.9549274444580078,0.9487665891647339,0.9543896913528442,0
2013-10-30,0.9478673338890076,0.9515653252601624,0.9461632966995239,0.9479570984840393,0
2013-10-31,0.9470324516296387,0.9526531100273132,0.9458948373794556,0.946790337562561,0
2013-11-01,0.9462528228759766,0.9491268396377563,0.9424182176589966,0.9462528228759766,0
2013-11-04,0.9466111660003662,0.9511128664016724,0.946342408657074,0.946880042552948,0
2013-11-05,0.9512032270431519,0.9537435173988342,0.9465215802192688,0.9512937068939209,0
2013-11-06,0.9500284790992737,0.9541074633598328,0.9487665891647339,0.9498479962348938,0
2013-11-07,0.9527438879013062,0.9527438879013062,0.9447330832481384,0.9527438879013062,0
2013-11-08,0.9456264972686768,0.9479570984840393,0.9354537129402161,0.9456264972686768,0
2013-11-11,0.9369437098503113,0.9389671087265015,0.9351912140846252,0.9371192455291748,0
2013-11-12,0.9364173412322998,0.9366803765296936,0.9313588738441467,0.9364173412322998,0
2013-11-13,0.9304922223091125,0.9319664835929871,0.9282465577125549,0.9302325248718262,0
2013-11-14,0.9365926384925842,0.9384384155273438,0.9285050630569458,0.9364173412322998,0
2013-11-15,0.931011974811554,0.9372949600219727,0.9306654334068298,0.9309253096580505,0
2013-11-18,0.9370315074920654,0.941974401473999,0.9360666275024414,0.9370315074920654,0
2013-11-19,0.9370315074920654,0.9442870616912842,0.9358913898468018,0.9367681741714478,0
2013-11-20,0.9440196752548218,0.9441978931427002,0.9367681741714478,0.9441978931427002,0
2013-11-21,0.9328358173370361,0.9333581924438477,0.9232758283615112,0.9330969452857971,0
2013-11-22,0.9226794838905334,0.92498379945755,0.9156670570373535,0.922934889793396,0
2013-11-25,0.9165903329849243,0.9188643097877502,0.9121590852737427,0.9166743755340576,0
2013-11-26,0.9192866086959839,0.9204712510108948,0.909008264541626,0.9192866086959839,0
2013-11-27,0.9123255610466003,0.9137426614761353,0.9071118235588074,0.9120758771896362,0
2013-11-28,0.9084302186965942,0.9147457480430603,0.9079353213310242,0.9085127711296082,0
2013-11-29,0.9084302186965942,0.9138261675834656,0.9057150483131409,0.9081002473831177,0
2013-12-02,0.9123255610466003,0.9168423414230347,0.9100837707519531,0.9122422933578491,0
2013-12-03,0.9116601347923279,0.9143274426460266,0.9063718318939209,0.9116268754005432,0
2013-12-04,0.9133254289627075,0.9139096736907959,0.9005764126777649,0.9134088158607483,0
2013-12-05,0.9031791687011719,0.9057150483131409,0.9006575345993042,0.9034240245819092,0
2013-12-06,0.9067004919052124,0.9117432832717896,0.8994423747062683,0.9066182971000671,0
2013-12-09,0.9105809926986694,0.9129918813705444,0.9075233936309814,0.9104980826377869,0
2013-12-10,0.909008264541626,0.9156670570373535,0.9083395004272461,0.909008264541626,0
2013-12-11,0.9146620631217957,0.9153318405151367,0.9048135876655579,0.9146620631217957,0
2013-12-12,0.9048135876655579,0.9077704548835754,0.8919015526771545,0.9048954844474792,0
2013-12-13,0.8925384283065796,0.8963786363601685,0.8911067247390747,0.892299473285675,0
2013-12-16,0.8952551484107971,0.8969414234161377,0.8929368853569031,0.8951749801635742,0
2013-12-17,0.894134521484375,0.8959770798683167,0.8883361220359802,0.8942944407463074,0
2013-12-18,0.8921402096748352,0.8929209113121033,0.8874689936637878,0.8919811248779297,0
2013-12-19,0.8847991228103638,0.8874689936637878,0.8823789358139038,0.8844078779220581,0
2013-12-20,0.8863754868507385,0.8930166363716125,0.8857396245002747,0.886210560798645,0
2013-12-23,0.8922198414802551,0.8956560492515564,0.8920606374740601,0.892379105091095,0
2013-12-24,0.8930166363716125,0.8934155106544495,0.8908686637878418,0.893255889415741,0
2013-12-25,0.8926976919174194,0.894134521484375,0.8915834426879883,0.8926976919174194,0
2013-12-26,0.891742467880249,0.8921402096748352,0.8877841234207153,0.8915039300918579,0
2013-12-27,0.8886518478393555,0.8928571343421936,0.8879417777061462,0.8886518478393555,0
2013-12-30,0.8855043053627014,0.8908686637878418,0.8837044835090637,0.885425865650177,0
2013-12-31,0.8919811248779297,0.8954154849052429,0.8912656307220459,0.8925384283065796,0
2014-01-01,0.8915039300918579,0.8925384283065796,0.8915039300918579,0.8915039300918579,0
2014-01-02,0.8892050385475159,0.894134521484375,0.8844861388206482,0.889284074306488,0
2014-01-03,0.8906305432319641,0.9004952907562256,0.8887308835983276,0.8907099366188049,0
2014-01-06,0.8965393900871277,0.898311197757721,0.8936550617218018,0.8965393900871277,0
2014-01-07,0.8967000842094421,0.8968609571456909,0.8896797299385071,0.8967805504798889,0
2014-01-08,0.891742467880249,0.8951749801635742,0.8904719352722168,0.8918458819389343,0
2014-01-09,0.8890469670295715,0.8913450837135315,0.8868393301963806,0.8889679312705994,0
2014-01-10,0.889758825302124,0.8999280333518982,0.8877841234207153,0.889758825302124,0
2014-01-13,0.9013068675994873,0.9085127711296082,0.8987956643104553,0.9013068675994873,0
2014-01-14,0.9049773812294006,0.9054690003395081,0.8971828818321228,0.9048954844474792,0
2014-01-15,0.8961375951766968,0.8971828818321228,0.8890469670295715,0.896217942237854,0
2014-01-16,0.8905512690544128,0.8906305432319641,0.8778089880943298,0.8906305432319641,0
2014-01-17,0.8819897174835205,0.8827683925628662,0.8769621849060059,0.8820675611495972,0
2014-01-20,0.8774238228797913,0.8819897174835205,0.8758867979049683,0.8774238228797913,0
2014-01-21,0.8804367184638977,0.8837044835090637,0.8776549100875854,0.8805142045021057,0
2014-01-22,0.8805918097496033,0.888809859752655,0.8788890838623047,0.8802816867828369,0
2014-01-23,0.8844861388206482,0.8847991228103638,0.8764241933822632,0.8844861388206482,0
2014-01-24,0.8760402798652649,0.8775008320808411,0.8661758303642273,0.875963568687439,0
2014-01-27,0.8694896101951599,0.8755800724029541,0.8679049015045166,0.8695652484893799,0
2014-01-28,0.8732098937034607,0.8821454048156738,0.8732098937034607,0.8732098937034607,0
2014-01-29,0.8788118362426758,0.8824567198753357,0.8730574250221252,0.878348708152771,0
2014-01-30,0.8748906254768372,0.8800492882728577,0.8713078498840332,0.874737560749054,0
2014-01-31,0.8795848488807678,0.8822231888771057,0.8697165250778198,0.8796621561050415,0
2014-02-03,0.87565678358078,0.8830021619796753,0.8740494847297668,0.875733494758606,0
2014-02-04,0.8750437498092651,0.8915039300918579,0.8732861876487732,0.8748906254768372,0
2014-02-05,0.8914245367050171,0.8938946723937988,0.8874689936637878,0.8911861777305603,0
2014-02-06,0.8928571343421936,0.8982304930686951,0.8925384283065796,0.8928571343421936,0
2014-02-07,0.895014762878418,0.8998470306396484,0.8924587368965149,0.8947745561599731,0
2014-02-10,0.894694447517395,0.8958967924118042,0.8908686637878418,0.8944543600082397,0
2014-02-11,0.8945664167404175,0.9039139747619629,0.8945344090461731,0.8945344090461731,0
2014-02-12,0.9021199941635132,0.9068650007247925,0.9009009003639221,0.9021199941635132,0
2014-02-13,0.9024455547332764,0.9032607674598694,0.893096387386322,0.9022827744483948,0
2014-02-14,0.8982304930686951,0.90399569272995,0.8982304930686951,0.898311197757721,0
2014-02-17,0.9059611558914185,0.9069472551345825,0.9025270342826843,0.9059611558914185,0
2014-02-18,0.9039466977119446,0.9079353213310242,0.9003331065177917,0.9038975834846497,0
2014-02-19,0.90203857421875,0.9044862389564514,0.8992806077003479,0.9016319513320923,0
2014-02-20,0.8999280333518982,0.9013881087303162,0.893814742565155,0.8993614912033081,0
2014-02-21,0.9009820818901062,0.9016319513320923,0.8952551484107971,0.9011200666427612,0
2014-02-24,0.8977466821670532,0.9019572138786316,0.8939746022224426,0.8979078531265259,0
2014-02-25,0.9037505388259888,0.904322624206543,0.9007385969161987,0.9036770462989807,0
2014-02-26,0.9009820818901062,0.9026899933815002,0.8959770798683167,0.9011445045471191,0
2014-02-27,0.8963786363601685,0.8968609571456909,0.8907099366188049,0.8963786363601685,0
2014-02-28,0.8961697816848755,0.8987956643104553,0.8927774429321289,0.8959770798683167,0
2014-03-03,0.8902341723442078,0.8942144513130188,0.889284074306488,0.8904719352722168,0
2014-03-04,0.8925384283065796,0.8967000842094421,0.8914245367050171,0.8924587368965149,0
2014-03-05,0.8954154849052429,0.9000900387763977,0.8945344090461731,0.8958967924118042,0
2014-03-06,0.8978192210197449,0.9085953235626221,0.8974243998527527,0.8979078531265259,0
2014-03-07,0.9105809926986694,0.9134923219680786,0.9071940183639526,0.9104151725769043,0
2014-03-10,0.9057971239089966,0.9064539670944214,0.9013068675994873,0.9057150483131409,0
2014-03-11,0.9024455547332764,0.905059278011322,0.9011445045471191,0.9022013545036316,0
2014-03-12,0.8965393900871277,0.8978272080421448,0.8928571343421936,0.8965393900871277,0
2014-03-13,0.8997660279273987,0.9104151725769043,0.8997660279273987,0.8998470306396484,0
2014-03-14,0.9030161499977112,0.9049773812294006,0.8999280333518982,0.9030161499977112,0
2014-03-17,0.9029345512390137,0.9098353385925293,0.9012256860733032,0.9030975699424744,0
2014-03-18,0.9084302186965942,0.9135757684707642,0.9066182971000671,0.9085127711296082,0
2014-03-19,0.9133254289627075,0.9134923219680786,0.9097525477409363,0.9130752682685852,0
2014-03-20,0.9030161499977112,0.904568076133728,0.8997660279273987,0.9030161499977112,0
2014-03-21,0.9038322567939758,0.9094216227531433,0.9037505388259888,0.9038322567939758,0
2014-03-24,0.9094216227531433,0.9130752682685852,0.9053869843482971,0.9093389511108398,0
2014-03-25,0.9129918813705444,0.9158347845077515,0.9120758771896362,0.9129918813705444,0
2014-03-26,0.9162543416023254,0.9246416687965393,0.9155831933021545,0.916338324546814,0
2014-03-27,0.9218289256095886,0.9272136688232422,0.9218289256095886,0.9222539663314819,0
2014-03-28,0.9266981482505798,0.9297136068344116,0.923787534236908,0.9270418286323547,0
2014-03-31,0.9260116219520569,0.9278159141540527,0.9220839738845825,0.92498379945755,0
2014-04-01,0.9268699884414673,0.9294544458389282,0.9231905937194824,0.9272136688232422,0
2014-04-02,0.9238728880882263,0.9264406561851501,0.9226794838905334,0.9238728880882263,0
2014-04-03,0.924727201461792,0.9250693917274475,0.920810341835022,0.9248127341270447,0
2014-04-04,0.9232758283615112,0.9305788278579712,0.9231905937194824,0.9234462380409241,0
2014-04-07,0.9290226101875305,0.9297136068344116,0.9254974722862244,0.9287638664245605,0
2014-04-08,0.9266981482505798,0.9358038306236267,0.9266981482505798,0.9267840385437012,0
2014-04-09,0.9351038336753845,0.9387027025222778,0.9337940216064453,0.9351300001144409,0
2014-04-10,0.9378223419189453,0.9461632966995239,0.9376465678215027,0.9377343654632568,0
2014-04-11,0.9397612810134888,0.9427735805511475,0.9365926384925842,0.9396729469299316,0
2014-04-14,0.9385265111923218,0.9424182176589966,0.9385265111923218,0.9385265111923218,0
2014-04-15,0.9411764740943909,0.9417969584465027,0.9338812828063965,0.9413536787033081,0
2014-04-16,0.9343174695968628,0.9383503198623657,0.9333581924438477,0.9343174695968628,0
2014-04-17,0.9373828172683716,0.9392316937446594,0.9337940216064453,0.937558650970459,0
2014-04-18,0.9330969452857971,0.9344047904014587,0.9324879050254822,0.9330969452857971,0
2014-04-21,0.9333581924438477,0.9347541332244873,0.9318796396255493,0.9331840872764587,0
2014-04-22,0.9337940216064453,0.9378223419189453,0.9332711696624756,0.9337940216064453,0
2014-04-23,0.9370315074920654,0.9378223419189453,0.9270418286323547,0.9372071027755737,0
2014-04-24,0.9288501143455505,0.9304056167602539,0.9254974722862244,0.9293680787086487,0
2014-04-25,0.9270418286323547,0.9298000931739807,0.9254974722862244,0.9266122579574585,0
2014-04-28,0.927385687828064,0.9315323233604431,0.9254974722862244,0.9276438355445862,0
2014-04-29,0.925377607345581,0.9281604290008545,0.9230201244354248,0.9254974722862244,0
2014-04-30,0.9274716973304749,0.9297136068344116,0.9254117608070374,0.9274716973304749,0
2014-05-01,0.9283326864242554,0.9312721490859985,0.9261832237243652,0.9284533858299255,0
2014-05-02,0.9276438355445862,0.9280742406845093,0.9203864932060242,0.9275577664375305,0
2014-05-05,0.9275577664375305,0.9290226101875305,0.9253261685371399,0.9274716973304749,0
2014-05-06,0.9282465577125549,0.9366803765296936,0.927385687828064,0.9283326864242554,0
2014-05-07,0.9351038336753845,0.9355412125587463,0.93205326795578,0.935016393661499,0
2014-05-08,0.9324009418487549,0.9395847320556641,0.9322270750999451,0.9323139786720276,0
2014-05-09,0.9369437098503113,0.9380863308906555,0.934841513633728,0.9369437098503113,0
2014-05-12,0.9360666275024414,0.9387027025222778,0.935016393661499,0.9358913898468018,0
2014-05-13,0.9360666275024414,0.9383503198623657,0.9333581924438477,0.9360666275024414,0
2014-05-14,0.9365049004554749,0.9410879015922546,0.9365049004554749,0.9365049004554749,0
2014-05-15,0.9371192455291748,0.9393199682235718,0.9330969452857971,0.9370315074920654,0
2014-05-16,0.9358038306236267,0.9372949600219727,0.9336196184158325,0.9357163310050964,0
2014-05-19,0.9367681741714478,0.9367681741714478,0.9344921708106995,0.9365926384925842,0
2014-05-20,0.9334453344345093,0.9335324764251709,0.9250693917274475,0.9333581924438477,0
2014-05-21,0.9234462380409241,0.9244707822799683,0.9210647344589233,0.92336106300354,0
2014-05-22,0.923616886138916,0.9274716973304749,0.9219139218330383,0.923787534236908,0
2014-05-23,0.9227646589279175,0.9248982667922974,0.9215739965438843,0.922849714756012,0
2014-05-26,0.924043595790863,0.9250693917274475,0.9231905937194824,0.9239583015441895,0
2014-05-27,0.9256688356399536,0.9277297854423523,0.9237021803855896,0.9258401393890381,0
2014-05-28,0.9265264272689819,0.9271277189254761,0.9215739965438843,0.9266122579574585,0
2014-05-29,0.922934889793396,0.9312721490859985,0.9219139218330383,0.9225092530250549,0
2014-05-30,0.9310986995697021,0.9329228401184082,0.9290226101875305,0.9310986995697021,0
2014-06-02,0.9299730658531189,0.9308386445045471,0.9235315322875977,0.930059552192688,0
2014-06-03,0.9237021803855896,0.9289363026618958,0.92336106300354,0.923787534236908,0
2014-06-04,0.9261832237243652,0.9290226101875305,0.9253261685371399,0.9260116219520569,0
2014-06-05,0.927385687828064,0.9326618909835815,0.9260973930358887,0.9275577664375305,0
2014-06-06,0.9326618909835815,0.9358038306236267,0.9321401715278625,0.9327487945556641,0
2014-06-09,0.9335324764251709,0.9366803765296936,0.9338812828063965,0.9341428875923157,0
2014-06-10,0.9344047904014587,0.9383503198623657,0.9343174695968628,0.9343174695968628,0
2014-06-11,0.9372071027755737,0.940733790397644,0.9365926384925842,0.9371192455291748,0
2014-06-12,0.9381743669509888,0.9438414573669434,0.9369437098503113,0.9379982948303223,0
2014-06-13,0.9425959587097168,0.9425959587097168,0.9377343654632568,0.9423294067382812,0
2014-06-16,0.9391434788703918,0.9416195750236511,0.9374707341194153,0.9393199682235718,0
2014-06-17,0.9394964575767517,0.9395847320556641,0.9331840872764587,0.9392316937446594,0
2014-06-18,0.9337068200111389,0.935016393661499,0.933009922504425,0.9337068200111389,0
2014-06-19,0.9400263428688049,0.9432182908058167,0.9396729469299316,0.9398496150970459,0
2014-06-20,0.9400263428688049,0.9416195750236511,0.9379718899726868,0.9397612810134888,0
2014-06-23,0.9387027025222778,0.9447330832481384,0.9384384155273438,0.9384384155273438,0
2014-06-24,0.941974401473999,0.9432182908058167,0.9373828172683716,0.941974401473999,0
2014-06-25,0.9366803765296936,0.9398496150970459,0.9356287717819214,0.9364173412322998,0
2014-06-26,0.9405568242073059,0.9420631527900696,0.9396729469299316,0.9405568242073059,0
2014-06-27,0.9409107565879822,0.9441087245941162,0.9408223032951355,0.9408223032951355,0
2014-06-30,0.9417082667350769,0.9438414573669434,0.9388790130615234,0.9414423108100891,0
2014-07-01,0.9429514408111572,0.949397087097168,0.9416195750236511,0.9430403709411621,0
2014-07-02,0.9492168426513672,0.9496676325798035,0.943129301071167,0.9493069648742676,0
2014-07-03,0.9434852004051208,0.9441978931427002,0.9333581924438477,0.9434852004051208,0
2014-07-04,0.935016393661499,0.9367681741714478,0.9345793724060059,0.9349289536476135,0
2014-07-07,0.9360666275024414,0.9373828172683716,0.9342302083969116,0.9358038306236267,0
2014-07-08,0.9372949600219727,0.9415308833122253,0.9372071027755737,0.9372071027755737,0
2014-07-09,0.9410879015922546,0.9416195750236511,0.9390552639961243,0.9411764740943909,0
2014-07-10,0.941974401473999,0.943396270275116,0.936154305934906,0.9421518445014954,0
2014-07-11,0.9387027025222778,0.9409993290901184,0.9377343654632568,0.9387027025222778,0
2014-07-14,0.9383503198623657,0.9404683709144592,0.9383503198623657,0.9383503198623657,0
2014-07-15,0.9394081830978394,0.9400263428688049,0.9352349638938904,0.9394081830978394,0
2014-07-16,0.9363296031951904,0.9370315074920654,0.9330969452857971,0.9362419247627258,0
2014-07-17,0.9366803765296936,0.9392316937446594,0.935366153717041,0.9367681741714478,0
2014-07-18,0.9351038336753845,0.9405568242073059,0.9338812828063965,0.9349289536476135,0
2014-07-21,0.9395847320556641,0.939937949180603,0.9372071027755737,0.9395847320556641,0
2014-07-22,0.9367681741714478,0.9421518445014954,0.9363296031951904,0.9367681741714478,0
2014-07-23,0.9388790130615234,0.9455370306968689,0.9383503198623657,0.9390552639961243,0
2014-07-24,0.9441087245941162,0.9470593929290771,0.9414423108100891,0.9441087245941162,0
2014-07-25,0.9417082667350769,0.9425959587097168,0.9401147365570068,0.9417969584465027,0
2014-07-28,0.9402031302452087,0.9413536787033081,0.9386146068572998,0.9402031302452087,0
2014-07-29,0.9411764740943909,0.9417082667350769,0.937558650970459,0.9410879015922546,0
2014-07-30,0.9386146068572998,0.9388790130615234,0.9311854243278503,0.9385265111923218,0
2014-07-31,0.9325748682022095,0.9331840872764587,0.9281604290008545,0.9326618909835815,0
2014-08-01,0.9302325248718262,0.9335324764251709,0.9277297854423523,0.930059552192688,0
2014-08-04,0.9312721490859985,0.9332188367843628,0.9310986995697021,0.9311854243278503,0
2014-08-05,0.9332711696624756,0.9344047904014587,0.9298000931739807,0.9332711696624756,0
2014-08-06,0.9304922223091125,0.9330969452857971,0.9293680787086487,0.93031907081604,0
2014-08-07,0.9346667528152466,0.9358038306236267,0.9260973930358887,0.934841513633728,0
2014-08-08,0.9266122579574585,0.9285913109779358,0.9242144227027893,0.9265264272689819,0
2014-08-11,0.9279019832611084,0.9286775588989258,0.9261832237243652,0.9278159141540527,0
2014-08-12,0.9264406561851501,0.9274716973304749,0.9248982667922974,0.926268994808197,0
2014-08-13,0.9270418286323547,0.9321401715278625,0.9267840385437012,0.9267840385437012,0
2014-08-14,0.9307520985603333,0.9327487945556641,0.9289363026618958,0.9305788278579712,0
2014-08-15,0.9316191077232361,0.9335324764251709,0.9299730658531189,0.9315323233604431,0
2014-08-18,0.9317059516906738,0.9332711696624756,0.9309253096580505,0.9316191077232361,0
2014-08-19,0.9323139786720276,0.9345793724060059,0.9306654334068298,0.9323139786720276,0
2014-08-20,0.9298000931739807,0.9317927956581116,0.9281604290008545,0.9298865795135498,0
2014-08-21,0.9287638664245605,0.9310986995697021,0.9242144227027893,0.9288501143455505,0
2014-08-22,0.93031907081604,0.933009922504425,0.9295408725738525,0.9301460981369019,0
2014-08-25,0.930059552192688,0.9324009418487549,0.9292816519737244,0.9298000931739807,0
2014-08-26,0.9278159141540527,0.9333581924438477,0.927385687828064,0.9277297854423523,0
2014-08-27,0.9317059516906738,0.9355412125587463,0.9311854243278503,0.9317927956581116,0
2014-08-28,0.9336196184158325,0.937558650970459,0.9333581924438477,0.9336196184158325,0
2014-08-29,0.9355412125587463,0.9364173412322998,0.9333581924438477,0.935016393661499,0
2014-09-01,0.933009922504425,0.9352786540985107,0.9327487945556641,0.933009922504425,0
2014-09-02,0.9335324764251709,0.9337068200111389,0.9270418286323547,0.9331840872764587,0
2014-09-03,0.9279881119728088,0.935016393661499,0.9266122579574585,0.9279019832611084,0
2014-09-04,0.9339683651924133,0.9392316937446594,0.9330969452857971,0.9339683651924133,0
2014-09-05,0.9336196184158325,0.939937949180603,0.9334453344345093,0.9334453344345093,0
2014-09-08,0.9363296031951904,0.937558650970459,0.9294544458389282,0.9365049004554749,0
2014-09-09,0.9278159141540527,0.9291089773178101,0.9191175699234009,0.9279019832611084,0
2014-09-10,0.9207255244255066,0.9220839738845825,0.9114938974380493,0.920810341835022,0
2014-09-11,0.9156670570373535,0.9218289256095886,0.9097525477409363,0.9156670570373535,0
2014-09-12,0.9099181294441223,0.9098353385925293,0.9032607674598694,0.9097525477409363,0
2014-09-15,0.9014694094657898,0.905059278011322,0.8985533118247986,0.9012256860733032,0
2014-09-16,0.9036688804626465,0.9098353385925293,0.8991997241973877,0.9034240245819092,0
2014-09-17,0.9085953235626221,0.9085127711296082,0.9019572138786316,0.9081827402114868,0
2014-09-18,0.8958967924118042,0.8992806077003479,0.8929368853569031,0.8962982892990112,0
2014-09-19,0.898311197757721,0.8994423747062683,0.893096387386322,0.898391842842102,0
2014-09-22,0.894134521484375,0.8951749801635742,0.8856611847877502,0.894134521484375,0
2014-09-23,0.8877841234207153,0.8929368853569031,0.8837044835090637,0.8877841234207153,0
2014-09-24,0.8855827450752258,0.8898380398750305,0.8840169906616211,0.8855827450752258,0
2014-09-25,0.8859750032424927,0.8869966268539429,0.8787345886230469,0.8858965039253235,0
2014-09-26,0.8805142045021057,0.8815232515335083,0.8750437498092651,0.8805142045021057,0
2014-09-29,0.8735913038253784,0.8748906254768372,0.8687342405319214,0.8738203644752502,0
2014-09-30,0.8716875910758972,0.8768084645271301,0.8697165250778198,0.8710042834281921,0
2014-10-01,0.8737439513206482,0.8748906254768372,0.8664760589599609,0.8740494847297668,0
2014-10-02,0.8746228218078613,0.8818342685699463,0.874355137348175,0.8744316101074219,0
2014-10-03,0.8795074820518494,0.880669355392456,0.8644536137580872,0.8795074820518494,0
2014-10-06,0.8663259148597717,0.8749672174453735,0.8663259148597717,0.8663259148597717,0
2014-10-07,0.8769621849060059,0.8833922743797302,0.8729812502861023,0.8770390748977661,0
2014-10-08,0.8810572624206543,0.8819119334220886,0.8746610283851624,0.8810572624206543,0
2014-10-09,0.8839388489723206,0.8899964094161987,0.877269983291626,0.8837825655937195,0
2014-10-10,0.8762706518173218,0.8785801529884338,0.8690362572669983,0.8763473629951477,0
2014-10-13,0.8678295612335205,0.8787345886230469,0.8657259345054626,0.8677542209625244,0
2014-10-14,0.8755800724029541,0.8812902569770813,0.8721437454223633,0.875503420829773,0
2014-10-15,0.8709284067153931,0.8830021619796753,0.8679802417755127,0.8709284067153931,0
2014-10-16,0.8792754411697388,0.8814455270767212,0.8689607381820679,0.8792754411697388,0
2014-10-17,0.8771929740905762,0.880669355392456,0.8738203644752502,0.8775008320808411,0
2014-10-20,0.8758100867271423,0.8797395825386047,0.8750437498092651,0.87565678358078,0
2014-10-21,0.8778089880943298,0.8830021619796753,0.8771160244941711,0.8776549100875854,0
2014-10-22,0.8771160244941711,0.8815232515335083,0.8763473629951477,0.8766546845436096,0
2014-10-23,0.8767315745353699,0.8805918097496033,0.8752428889274597,0.8768084645271301,0
2014-10-24,0.87565678358078,0.8823789358139038,0.8724481463432312,0.8755800724029541,0
2014-10-27,0.8804367184638977,0.8823789358139038,0.8790436387062073,0.8805918097496033,0
2014-10-28,0.8804367184638977,0.8879417777061462,0.8802816867828369,0.8805918097496033,0
2014-10-29,0.8861320614814758,0.8911861777305603,0.885425865650177,0.886289119720459,0
2014-10-30,0.8768084645271301,0.8826125264167786,0.8758100867271423,0.8769621849060059,0
2014-10-31,0.8824567198753357,0.8844861388206482,0.8765778541564941,0.8828462958335876,0
2014-11-03,0.8753501176834106,0.8761938214302063,0.8690362572669983,0.8752734661102295,0
2014-11-04,0.8694896101951599,0.8751203417778015,0.8653513789176941,0.8691117763519287,0
2014-11-05,0.8749672174453735,0.8755800724029541,0.8566778302192688,0.8746610283851624,0
2014-11-06,0.8579272627830505,0.8628127574920654,0.8556516170501709,0.8578536510467529,0
2014-11-07,0.8561643958091736,0.8637070655822754,0.8541898131370544,0.8561643958091736,0
2014-11-10,0.8644536137580872,0.8685079216957092,0.8633341789245605,0.8643789291381836,0
2014-11-11,0.8629617094993591,0.8658758401870728,0.8592541813850403,0.8626639246940613,0
2014-11-12,0.8706251382827759,0.8748140931129456,0.8669267892837524,0.8704735040664673,0
2014-11-13,0.8712319731712341,0.8761170506477356,0.8676036596298218,0.8710801601409912,0
2014-11-14,0.8707236051559448,0.8733624815940857,0.8652764558792114,0.8707767724990845,0
2014-11-17,0.8749672174453735,0.8795074820518494,0.869792103767395,0.8751968741416931,0
2014-11-18,0.870852530002594,0.8748140931129456,0.8685833811759949,0.8707009553909302,0
2014-11-19,0.8709284067153931,0.8711560368537903,0.8617717623710632,0.8711560368537903,0
2014-11-20,0.8601410388946533,0.8634087443351746,0.8568246364593506,0.8603630661964417,0
2014-11-21,0.8623663187026978,0.8719915747642517,0.8608074188232422,0.862143337726593,0
2014-11-24,0.868206262588501,0.8703219890594482,0.861474871635437,0.8679802417755127,0
2014-11-25,0.8605111837387085,0.8616233468055725,0.8515712022781372,0.8605111837387085,0
2014-11-26,0.8557248115539551,0.8566043972969055,0.8481044769287109,0.8556516170501709,0
2014-11-27,0.8532422780990601,0.8615490794181824,0.8531695604324341,0.8533151149749756,0
2014-11-28,0.8524422645568848,0.8536065220832825,0.8488243818283081,0.852514922618866,0
2014-12-01,0.8438106775283813,0.8528784513473511,0.8422471284866333,0.8438106775283813,0
2014-12-02,0.8478168845176697,0.8541168570518494,0.8436682820320129,0.8478168845176697,0
2014-12-03,0.846023678779602,0.8467400670051575,0.8391373753547668,0.8458090424537659,0
2014-12-04,0.8401243686676025,0.842957079410553,0.8357710242271423,0.8394191265106201,0
2014-12-05,0.8386447429656982,0.8394895792007446,0.832292914390564,0.8385744094848633,0
2014-12-08,0.8309098482131958,0.8325008153915405,0.8261731863021851,0.8306337594985962,0
2014-12-09,0.8300132751464844,0.8370302319526672,0.822571337223053,0.8300132751464844,0
2014-12-10,0.8300132751464844,0.8349335789680481,0.8267195820808411,0.829944372177124,0
2014-12-11,0.8334027528762817,0.8374508023262024,0.823248565196991,0.8335416913032532,0
2014-12-12,0.8248103260993958,0.8298754692077637,0.8229098320007324,0.8246062397956848,0
2014-12-15,0.8209506869316101,0.8269246220588684,0.8204118609428406,0.821220338344574,0
2014-12-16,0.8216251730918884,0.8274036049842834,0.8204118609428406,0.8213552832603455,0
2014-12-17,0.8225036859512329,0.8235197067260742,0.8143322467803955,0.8223007917404175,0
2014-12-18,0.8125457167625427,0.8203445672988892,0.8118860721588135,0.812809944152832,0
2014-12-19,0.8173273205757141,0.8192691802978516,0.8150623440742493,0.8169934749603271,0
2014-12-22,0.8149294853210449,0.8173941373825073,0.8133386969566345,0.8147303462028503,0
2014-12-23,0.8122817277908325,0.8147303462028503,0.8092579245567322,0.8119518756866455,0
2014-12-24,0.8109642267227173,0.8124136328697205,0.8105698227882385,0.8110299706459045,0
2014-12-25,0.8116224408149719,0.8128759264945984,0.8114249110221863,0.8116224408149719,0
2014-12-26,0.81089848279953,0.8134710788726807,0.8110299706459045,0.8112273812294006,0
2014-12-29,0.8116224408149719,0.8163931965827942,0.8114249110221863,0.8115565776824951,0
2014-12-30,0.8136696815490723,0.8200082182884216,0.8122817277908325,0.8136034607887268,0
2014-12-31,0.818397581577301,0.821692705154419,0.8161267042160034,0.818397581577301,0
2015-01-01,0.817126989364624,0.817126989364624,0.8169934749603271,0.817126989364624,0
2015-01-02,0.8177952170372009,0.8184645771980286,0.8103727698326111,0.8181966543197632,0
2015-01-05,0.8067768812179565,0.8107669949531555,0.8038585186004639,0.8073631525039673,0
2015-01-06,0.8099789619445801,0.8159269094467163,0.8088651895523071,0.8095200061798096,0
2015-01-07,0.8080155253410339,0.8082767128944397,0.8037292957305908,0.807884931564331,0
2015-01-08,0.8075587749481201,0.8125457167625427,0.807884931564331,0.807884931564331,0
2015-01-09,0.8114249110221863,0.8196721076965332,0.8110957741737366,0.8114249110221863,0
2015-01-12,0.8222332000732422,0.8256275057792664,0.8132726550102234,0.8222332000732422,0
2015-01-13,0.8150623440742493,0.8198065161705017,0.8130081295967102,0.8153946399688721,0
2015-01-14,0.8173941373825073,0.8190008401870728,0.807037353515625,0.817126989364624,0
2015-01-15,0.8144648671150208,0.8293936848640442,0.8134710788726807,0.8135372400283813,0
2015-01-16,0.8223684430122375,0.8256956338882446,0.8170602321624756,0.8223684430122375,0
2015-01-19,0.8227066993713379,0.8243343830108643,0.8197393417358398,0.8227066993713379,0
2015-01-20,0.8195378184318542,0.82182776927948,0.8160600662231445,0.8195378184318542,0
2015-01-21,0.8165265321731567,0.8235197067260742,0.8137359023094177,0.8165265321731567,0
2015-01-22,0.8101101517677307,0.8135372400283813,0.8058017492294312,0.810044527053833,0
2015-01-23,0.801988959312439,0.8046994805335999,0.7883948683738708,0.8017317056655884,0
2015-01-26,0.787587583065033,0.7928327918052673,0.7875256538391113,0.7881462574005127,0
2015-01-27,0.7922046780586243,0.7975117564201355,0.7907013297080994,0.7925814390182495,0
2015-01-28,0.7921419143676758,0.8023750185966492,0.7902015447616577,0.7917656302452087,0
2015-01-29,0.7892659902572632,0.7906388640403748,0.7768800854682922,0.7890791296958923,0
2015-01-30,0.7782101631164551,0.7798486948013306,0.7733952403068542,0.7782101631164551,0
2015-02-02,0.7782101631164551,0.7829627394676208,0.7766990065574646,0.7780284881591797,0
2015-02-03,0.7801529169082642,0.7828401327133179,0.7627764940261841,0.7799095511436462,0
2015-02-04,0.7762769460678101,0.7846829891204834,0.7744733095169067,0.7757349610328674,0
2015-02-05,0.7760962843894958,0.7827175855636597,0.7736943960189819,0.7759155631065369,0
2015-02-06,0.7799704074859619,0.787401556968689,0.7785736322402954,0.7800920009613037,0
2015-02-09,0.7760962843894958,0.7836990356445312,0.7749534845352173,0.7763975262641907,0
2015-02-10,0.7799095511436462,0.7841907143592834,0.7750736474990845,0.7796663045883179,0
2015-02-11,0.7783918380737305,0.77948397397995,0.7695267200469971,0.7783312201499939,0
2015-02-12,0.7722604274749756,0.7728572487831116,0.7648183703422546,0.7722604274749756,0
2015-02-13,0.7756748795509338,0.7793017029762268,0.7729169726371765,0.7756748795509338,0
2015-02-16,0.7765783667564392,0.7796055674552917,0.7767593264579773,0.7768800854682922,0
2015-02-17,0.7756748795509338,0.7830240726470947,0.7758553624153137,0.7758553624153137,0
2015-02-18,0.78118896484375,0.7831466794013977,0.7774840593338013,0.78125,0
2015-02-19,0.7808229923248291,0.784436821937561,0.7758553624153137,0.7808839678764343,0
2015-02-20,0.7795447707176208,0.7849909663200378,0.7791802883148193,0.7798486948013306,0
2015-02-23,0.7846214175224304,0.7846829891204834,0.7782707214355469,0.7845598459243774,0
2015-02-24,0.7799704074859619,0.7817997336387634,0.7739937901496887,0.7799095511436462,0
2015-02-25,0.7833307385444641,0.7902015447616577,0.7832080125808716,0.7832080125808716,0
2015-02-26,0.7883948683738708,0.7912644147872925,0.7816774845123291,0.7885191440582275,0
2015-02-27,0.780579149723053,0.7835148572921753,0.7779679298400879,0.7802746295928955,0
2015-03-02,0.7785736322402954,0.7799704074859619,0.7758553624153137,0.7787554860115051,0
2015-03-03,0.7756748795509338,0.7844613790512085,0.7753741145133972,0.7757349610328674,0
2015-03-04,0.7820442914962769,0.7859781384468079,0.7807010412216187,0.7819830775260925,0
2015-03-05,0.7823501825332642,0.7841292023658752,0.7770007848739624,0.7824726104736328,0
2015-03-06,0.7785130143165588,0.784436821937561,0.7716645002365112,0.7786949276924133,0
2015-03-09,0.7722604274749756,0.7739937901496887,0.768757700920105,0.7720815539360046,0
2015-03-10,0.7685213685035706,0.7685213685035706,0.7613826394081116,0.7684032917022705,0
2015-03-11,0.7641754746437073,0.7645260095596313,0.756315290927887,0.7640587091445923,0
2015-03-12,0.7605719566345215,0.7727975249290466,0.7575184106826782,0.7603406310081482,0
2015-03-13,0.770653486251831,0.7707723379135132,0.7610929608345032,0.7705941200256348,0
2015-03-16,0.7616146206855774,0.7681081295013428,0.7618467211723328,0.7618467211723328,0
2015-03-17,0.7644091248512268,0.7665772438049316,0.7614986300468445,0.7643506526947021,0
2015-03-18,0.7623113393783569,0.7654037475585938,0.7593014240264893,0.7621369957923889,0
2015-03-19,0.7778469324111938,0.7808839678764343,0.7618467211723328,0.7777259349822998,0
2015-03-20,0.7658140659332275,0.7762769460678101,0.7650523781776428,0.7662248611450195,0
2015-03-23,0.7783918380737305,0.7852992415428162,0.7765783667564392,0.7783918380737305,0
2015-03-24,0.7875256538391113,0.7937138080596924,0.7843137383460999,0.787587583065033,0
2015-03-25,0.7862871289253235,0.7902638912200928,0.784436821937561,0.7864726781845093,0
2015-03-26,0.7830240726470947,0.7885191440582275,0.7801529169082642,0.7832080125808716,0
2015-03-27,0.783392071723938,0.783392071723938,0.77525395154953,0.7830240726470947,0
2015-03-30,0.773455023765564,0.7739937901496887,0.7634170055389404,0.7735746502876282,0
2015-03-31,0.7658140659332275,0.7662835717201233,0.7592437863349915,0.7655677795410156,0
2015-04-01,0.7613826394081116,0.766166090965271,0.7586102485656738,0.7617886662483215,0
2015-04-02,0.7606876492500305,0.7606876492500305,0.7535226941108704,0.7604562640190125,0
2015-04-03,0.7582076191902161,0.7688168287277222,0.7572888731956482,0.7582076191902161,0
2015-04-06,0.7644091248512268,0.7666947841644287,0.7610929608345032,0.7641170620918274,0
2015-04-07,0.759013295173645,0.7712478637695312,0.7578628659248352,0.7590247988700867,0
2015-04-08,0.7642922401428223,0.7726781368255615,0.7638835906982422,0.7639419436454773,0
2015-04-09,0.7684623003005981,0.7739937901496887,0.7662248611450195,0.7684032917022705,0
2015-04-10,0.7704160213470459,0.772320032119751,0.7640002965927124,0.7704160213470459,0
2015-04-13,0.7669299840927124,0.767283022403717,0.7553440928459167,0.7665772438049316,0
2015-04-14,0.7587253451347351,0.7649353742599487,0.755743682384491,0.7588980793952942,0
2015-04-15,0.761440634727478,0.7638252377510071,0.7573462724685669,0.7615624666213989,0
2015-04-16,0.7678722143173218,0.779672384262085,0.7676364183425903,0.7676953673362732,0
2015-04-17,0.7789375185966492,0.7843752503395081,0.7761564254760742,0.7788161635398865,0
2015-04-20,0.7809448838233948,0.7827175855636597,0.7714858651161194,0.7806401252746582,0
2015-04-21,0.7722604274749756,0.7754342555999756,0.7685213685035706,0.7720815539360046,0
2015-04-22,0.77154541015625,0.7808839678764343,0.7707723379135132,0.7713074088096619,0
2015-04-23,0.7750135660171509,0.7785736322402954,0.7713074088096619,0.7745933532714844,0
2015-04-24,0.7777259349822998,0.7840062379837036,0.7765181064605713,0.7774840593338013,0
2015-04-27,0.7833307385444641,0.7869058847427368,0.77948397397995,0.783392071723938,0
2015-04-28,0.7867201566696167,0.8019246459007263,0.786101758480072,0.7866582870483398,0
2015-04-29,0.7996801733970642,0.8075587749481201,0.7978299260139465,0.7998080253601074,0
2015-04-30,0.7994883060455322,0.8021818995475769,0.7864726781845093,0.7994883060455322,0
2015-05-01,0.7903263568878174,0.7905763387680054,0.7808839678764343,0.789889395236969,0
2015-05-04,0.7830240726470947,0.7851759195327759,0.7804573774337769,0.7826563715934753,0
2015-05-05,0.7843137383460999,0.7952918410301208,0.7804573774337769,0.7841292023658752,0
2015-05-06,0.7935248017311096,0.8030838370323181,0.7928327918052673,0.7932101488113403,0
2015-05-07,0.7956715226173401,0.8005764484405518,0.7908263802528381,0.795418381690979,0
2015-05-08,0.7901390790939331,0.7968127727508545,0.7867820262908936,0.789889395236969,0
2015-05-11,0.7925814390182495,0.7933988571166992,0.7878358364105225,0.7922674417495728,0
2015-05-12,0.7899518013000488,0.799424409866333,0.7888302206993103,0.789639949798584,0
2015-05-13,0.7990411520004272,0.8124796748161316,0.7965589165687561,0.7989773154258728,0
2015-05-14,0.8112932443618774,0.8163264989852905,0.8065166473388672,0.8112273812294006,0
2015-05-15,0.8086689114570618,0.809192419052124,0.7998719811439514,0.8084728121757507,0
2015-05-18,0.8046994805335999,0.8046994805335999,0.7984031438827515,0.8045052289962769,0
2015-05-19,0.7994883060455322,0.8009611368179321,0.7908263802528381,0.799360454082489,0
2015-05-20,0.7922046780586243,0.7937138080596924,0.7870298027992249,0.792330265045166,0
2015-05-21,0.7878358364105225,0.7913897037506104,0.7869678139686584,0.7880220413208008,0
2015-05-22,0.7902015447616577,0.7932101488113403,0.7821054458618164,0.7902015447616577,0
2015-05-25,0.78118896484375,0.7841292023658752,0.7805182337760925,0.78118896484375,0
2015-05-26,0.7827175855636597,0.7843137383460999,0.7738141417503357,0.7823501825332642,0
2015-05-27,0.7744733095169067,0.7768800854682922,0.7693490982055664,0.7748934030532837,0
2015-05-28,0.7735148668289185,0.7759758234024048,0.7618467211723328,0.7736344933509827,0
2015-05-29,0.7658140659332275,0.7675186395645142,0.7633005380630493,0.7657554149627686,0
2015-06-01,0.7645260095596313,0.7668711543083191,0.7605140805244446,0.7640002965927124,0
2015-06-02,0.7614986300468445,0.7769404053688049,0.7614986300468445,0.7614986300468445,0
2015-06-03,0.7763975262641907,0.7818608283996582,0.775494396686554,0.7762166857719421,0
2015-06-04,0.7774840593338013,0.7780889868736267,0.7665772438049316,0.7769404053688049,0
2015-06-05,0.7688168287277222,0.772320032119751,0.7602249979972839,0.768757700920105,0
2015-06-08,0.7621369957923889,0.7659900188446045,0.7608034610748291,0.7617306113243103,0
2015-06-09,0.7688168287277222,0.7722008228302002,0.7648768424987793,0.7686986327171326,0
2015-06-10,0.7691124677658081,0.7785736322402954,0.7641170620918274,0.7692899107933044,0
2015-06-11,0.7731559872627258,0.7788768410682678,0.7701194286346436,0.7727975249290466,0
2015-06-12,0.7748873829841614,0.7758553624153137,0.7681081295013428,0.7750135660171509,0
2015-06-15,0.7730364799499512,0.7777259349822998,0.7705941200256348,0.7726781368255615,0
2015-06-16,0.7757951617240906,0.7780284881591797,0.7723796963691711,0.7759155631065369,0
2015-06-17,0.774713397026062,0.7749534845352173,0.766166090965271,0.7746533751487732,0
2015-06-18,0.7725587487220764,0.7851142287254333,0.7711883783340454,0.7720815539360046,0
2015-06-19,0.7789981961250305,0.7810059189796448,0.7738141417503357,0.7789981961250305,0
2015-06-22,0.7765783667564392,0.7797878980636597,0.773874044418335,0.7768197059631348,0
2015-06-23,0.7728572487831116,0.7747734189033508,0.7681671380996704,0.7728572487831116,0
2015-06-24,0.7742335200309753,0.7768197059631348,0.7684032917022705,0.7746533751487732,0
2015-06-25,0.7709506154060364,0.7753139734268188,0.7707723379135132,0.7708317637443542,0
2015-06-26,0.7733952403068542,0.7735746502876282,0.763242244720459,0.7735148668289185,0
2015-06-29,0.7626601457595825,0.7685213685035706,0.7617886662483215,0.7620790004730225,0
2015-06-30,0.767283022403717,0.7724990248680115,0.7662248611450195,0.767224133014679,0
2015-07-01,0.7694082856178284,0.7736943960189819,0.7654037475585938,0.7693490982055664,0
2015-07-02,0.7641754746437073,0.7658727169036865,0.7591862082481384,0.7638252377510071,0
2015-07-03,0.7638835906982422,0.7652280330657959,0.7510890364646912,0.7637085914611816,0
2015-07-06,0.7484470009803772,0.7531254291534424,0.7466029524803162,0.7488393187522888,0
2015-07-07,0.7478815913200378,0.7498500347137451,0.7400829195976257,0.7476467490196228,0
2015-07-08,0.7458233833312988,0.7456565499305725,0.737626314163208,0.7456565499305725,0
2015-07-09,0.742225170135498,0.7491759061813354,0.7395902872085571,0.7422802448272705,0
2015-07-10,0.7461016178131104,0.7496814131736755,0.7416747212409973,0.7462129592895508,0
2015-07-13,0.7425007820129395,0.7464914917945862,0.7384979128837585,0.7421701550483704,0
2015-07-14,0.7394808530807495,0.7482229471206665,0.7389891147613525,0.7394808530807495,0
2015-07-15,0.7446016073226929,0.7489514946937561,0.7365397214889526,0.7444908022880554,0
2015-07-16,0.7373543977737427,0.7438262104988098,0.735185980796814,0.7370826601982117,0
2015-07-17,0.7415096759796143,0.742225170135498,0.7369740009307861,0.7416747212409973,0
2015-07-20,0.7369197010993958,0.73991858959198,0.733137845993042,0.7369197010993958,0
2015-07-21,0.7375501990318298,0.744657039642334,0.7343222498893738,0.7372456192970276,0
2015-07-22,0.7425007820129395,0.7437156438827515,0.7363227605819702,0.7427213191986084,0
2015-07-23,0.7375174760818481,0.7418947815895081,0.7358351945877075,0.7374087572097778,0
2015-07-24,0.7356186509132385,0.7359976172447205,0.7262164354324341,0.7358893752098083,0
2015-07-27,0.7275902032852173,0.7323861122131348,0.7267441749572754,0.7275902032852173,0
2015-07-28,0.7275902032852173,0.7331916093826294,0.7259528040885925,0.7276961207389832,0
2015-07-29,0.7346999049186707,0.7350239157676697,0.7299802899360657,0.7348078489303589,0
2015-07-30,0.7298737168312073,0.7322788834571838,0.726005494594574,0.7297139763832092,0
2015-07-31,0.7294477820396423,0.7363770008087158,0.7236937284469604,0.7297139763832092,0
2015-08-03,0.7299802899360657,0.7314218878746033,0.7264801859855652,0.7300869226455688,0
2015-08-04,0.7275902032852173,0.7428869009017944,0.7265858054161072,0.7275902032852173,0
2015-08-05,0.737626314163208,0.7392622232437134,0.7337833642959595,0.7376807332038879,0
2015-08-06,0.7352941036224365,0.737626314163208,0.7318500876426697,0.7350239157676697,0
2015-08-07,0.7345379590988159,0.7410151958465576,0.7339987754821777,0.7343761324882507,0
2015-08-10,0.7401924729347229,0.7410151958465576,0.7354563474655151,0.7399733662605286,0
2015-08-11,0.7413997650146484,0.7438815832138062,0.7285444140434265,0.7415096759796143,0
2015-08-12,0.7310475707054138,0.738825261592865,0.7225955128669739,0.7315288782119751,0
2015-08-13,0.7381163239479065,0.7407956123352051,0.732600748538971,0.7384979128837585,0
2015-08-14,0.7375174760818481,0.7398091554641724,0.7357810139656067,0.7373543977737427,0
2015-08-17,0.7369197010993958,0.7388798594474792,0.7345919609069824,0.7369740009307861,0
2015-08-18,0.7370826601982117,0.7386069893836975,0.7323324680328369,0.7375174760818481,0
2015-08-19,0.7339987754821777,0.736594021320343,0.7314218878746033,0.7340526580810547,0
2015-08-20,0.7354563474655151,0.7370826601982117,0.7285974621772766,0.7354563474655151,0
2015-08-21,0.7337295413017273,0.7356186509132385,0.7290223836898804,0.7336757183074951,0
2015-08-24,0.7258474230766296,0.7276961207389832,0.707313597202301,0.7254788279533386,0
2015-08-25,0.7172057628631592,0.7249003052711487,0.716794490814209,0.7177205085754395,0
2015-08-26,0.7105300426483154,0.7153075933456421,0.708014726638794,0.710328221321106,0
2015-08-27,0.7124537229537964,0.717875063419342,0.7100759744644165,0.7121492624282837,0
2015-08-28,0.7174115777015686,0.72061687707901,0.7124029397964478,0.7178235650062561,0
2015-08-31,0.7140816450119019,0.7159220576286316,0.7085163593292236,0.7139797210693359,0
2015-09-01,0.7109341621398926,0.7150007486343384,0.7020007371902466,0.7110353112220764,0
2015-09-02,0.7009181976318359,0.7042253613471985,0.6985679268836975,0.7012130618095398,0
2015-09-03,0.7047216296195984,0.7061149477958679,0.6997900605201721,0.7044237852096558,0
2015-09-04,0.7019021511077881,0.7022964954376221,0.6911805272102356,0.7022964954376221,0
2015-09-07,0.6935774683952332,0.6951202750205994,0.6917064189910889,0.6935774683952332,0
2015-09-08,0.6946374177932739,0.7026913166046143,0.6937218308448792,0.6944444179534912,0
2015-09-09,0.7037792801856995,0.7071135640144348,0.7020007371902466,0.7035812139511108,0
2015-09-10,0.6965728402137756,0.7090187072753906,0.6952168941497803,0.6960395574569702,0
2015-09-11,0.7071135640144348,0.7082153558731079,0.7037297487258911,0.7074137330055237,0
2015-09-14,0.7099751830101013,0.7153075933456421,0.7066138982772827,0.7102777361869812,0
2015-09-15,0.7160758972167969,0.716794490814209,0.7087674736976624,0.7164863348007202,0
2015-09-16,0.7128092050552368,0.7198905944824219,0.7126059532165527,0.7127075791358948,0
2015-09-17,0.7199942469596863,0.72061687707901,0.7141836881637573,0.7200460433959961,0
2015-09-18,0.7189072370529175,0.7280139923095703,0.7170000672340393,0.7191658020019531,0
2015-09-21,0.7190106511116028,0.7198905944824219,0.7123014330863953,0.7193209528923035,0
2015-09-22,0.7130124568939209,0.7160758972167969,0.7060152888298035,0.7131141424179077,0
2015-09-23,0.7079144716262817,0.7087172269821167,0.7003781795501709,0.7075638175010681,0
2015-09-24,0.6998880505561829,0.7023952007293701,0.6942515969276428,0.7004762887954712,0
2015-09-25,0.7011638879776001,0.7043741345405579,0.699349582195282,0.7012130618095398,0
2015-09-28,0.7020993232727051,0.7038784027099609,0.6982167363166809,0.7021978497505188,0
2015-09-29,0.6972042322158813,0.7020993232727051,0.6939143538475037,0.697009801864624,0
2015-09-30,0.7003781795501709,0.7039774656295776,0.6991540193557739,0.7011147737503052,0
2015-10-01,0.7010164856910706,0.7085163593292236,0.700721800327301,0.7009673714637756,0
2015-10-02,0.7036802172660828,0.7062146663665771,0.700427234172821,0.7038784027099609,0
2015-10-05,0.704820990562439,0.711085855960846,0.7044734358787537,0.7046719789505005,0
2015-10-06,0.708817720413208,0.7150007486343384,0.7072135806083679,0.708817720413208,0
2015-10-07,0.7159220576286316,0.7234842777252197,0.71525639295578,0.71602463722229,0
2015-10-08,0.7194762229919434,0.7228044867515564,0.7166917324066162,0.7199942469596863,0
2015-10-09,0.7267441749572754,0.7345919609069824,0.7261109352111816,0.7271140813827515,0
2015-10-12,0.7314754128456116,0.7382253408432007,0.7306736707687378,0.7311010360717773,0
2015-10-13,0.7344300746917725,0.7350239157676697,0.725584089756012,0.7346459031105042,0
2015-10-14,0.7222824096679688,0.7292882204055786,0.7208245992660522,0.7226477861404419,0
2015-10-15,0.7320108413696289,0.736594021320343,0.7270084023475647,0.7324934005737305,0
2015-10-16,0.7329228520393372,0.7327080965042114,0.7254788279533386,0.7327080965042114,0
2015-10-19,0.726005494594574,0.7307270765304565,0.7241129279136658,0.7259528040885925,0
2015-10-20,0.7256367206573486,0.7298204302787781,0.7250580191612244,0.726005494594574,0
2015-10-21,0.7267441749572754,0.7276961207389832,0.7205129861831665,0.7269026637077332,0
2015-10-22,0.7215527892112732,0.7238509058952332,0.7188039422035217,0.7215527892112732,0
2015-10-23,0.721188485622406,0.7295010089874268,0.7205649614334106,0.7213966250419617,0
2015-10-26,0.7223867774009705,0.727219820022583,0.7222824096679688,0.7223867774009705,0
2015-10-27,0.7251105904579163,0.726005494594574,0.7218131422996521,0.7249003052711487,0
2015-10-28,0.7192692160606384,0.7197869420051575,0.7113387584686279,0.7196833491325378,0
2015-10-29,0.7100759744644165,0.7119971513748169,0.7072135806083679,0.709723174571991,0
2015-10-30,0.7090187072753906,0.7134194374084473,0.7086167335510254,0.7092198729515076,0
2015-11-02,0.7137249112129211,0.7154099345207214,0.7130124568939209,0.7137249112129211,0
2015-11-03,0.7159220576286316,0.7216048240661621,0.715103030204773,0.71602463722229,0
2015-11-04,0.7191140651702881,0.7224911451339722,0.7145919799804688,0.7190106511116028,0
2015-11-05,0.71387779712677,0.717154324054718,0.7128092050552368,0.7137249112129211,0
2015-11-06,0.714796245098114,0.7172057628631592,0.7035812139511108,0.7148473858833313,0
2015-11-09,0.7038784027099609,0.7071135640144348,0.7033832669258118,0.7039774656295776,0
2015-11-10,0.7051191329956055,0.7065140604972839,0.7020993232727051,0.7053181529045105,0
2015-11-11,0.7046719789505005,0.7079144716262817,0.7041261792182922,0.7043245434761047,0
2015-11-12,0.7071135640144348,0.7154099345207214,0.7067137956619263,0.7069135904312134,0
2015-11-13,0.7137249112129211,0.7156146764755249,0.710883617401123,0.7136231064796448,0
2015-11-16,0.7105805277824402,0.7132158875465393,0.7084661722183228,0.710883617401123,0
2015-11-17,0.7095217704772949,0.7140816450119019,0.7075638175010681,0.7093204259872437,0
2015-11-18,0.7113893628120422,0.7121999859809875,0.708365797996521,0.7114399671554565,0
2015-11-19,0.7117944359779358,0.7208245992660522,0.7117944359779358,0.7117944359779358,0
2015-11-20,0.7191658020019531,0.7251105904579163,0.7187005877494812,0.7192174792289734,0
2015-11-23,0.7229090332984924,0.7231180667877197,0.716383695602417,0.7225955128669739,0
2015-11-24,0.7189072370529175,0.7241129279136658,0.7188555598258972,0.7189072370529175,0
2015-11-25,0.7257947325706482,0.7283851504325867,0.7228044867515564,0.725426197052002,0
2015-11-26,0.725584089756012,0.7263219356536865,0.721188485622406,0.7256894111633301,0
2015-11-27,0.7219173908233643,0.7240604758262634,0.7185972929000854,0.7221259474754333,0
2015-11-30,0.7183908224105835,0.7247952818870544,0.7172572016716003,0.7185972929000854,0
2015-12-01,0.7232750058174133,0.732225239276886,0.7228044867515564,0.7232750058174133,0
2015-12-02,0.7323324680328369,0.7339987754821777,0.7305669188499451,0.7324934005737305,0
2015-12-03,0.7303001284599304,0.7348078489303589,0.7285974621772766,0.7303001284599304,0
2015-12-04,0.7329766154289246,0.7386069893836975,0.7281200289726257,0.7331916093826294,0
2015-12-07,0.7342144250869751,0.7342144250869751,0.7258474230766296,0.7339987754821777,0
2015-12-08,0.7259001135826111,0.727219820022583,0.7190106511116028,0.7257947325706482,0
2015-12-09,0.7225067615509033,0.724480152130127,0.7173087000846863,0.7223867774009705,0
2015-12-10,0.7235366702079773,0.733406662940979,0.7233796119689941,0.7234842777252197,0
2015-12-11,0.727219820022583,0.7273785471916199,0.7190106511116028,0.7273785471916199,0
2015-12-14,0.7164863348007202,0.726005494594574,0.716383695602417,0.716589093208313,0
2015-12-15,0.7254788279533386,0.7283851504325867,0.7170000672340393,0.7256894111633301,0
2015-12-16,0.7203054428100586,0.7218131422996521,0.7180812358856201,0.7203054428100586,0
2015-12-17,0.7208765745162964,0.7217090129852295,0.7112375497817993,0.7205129861831665,0
2015-12-18,0.7128092050552368,0.7180812358856201,0.7116931080818176,0.7129108309745789,0
2015-12-21,0.7166917324066162,0.7196833491325378,0.7157171368598938,0.7170000672340393,0
2015-12-22,0.7199942469596863,0.7251105904579163,0.7192174792289734,0.7198905944824219,0
2015-12-23,0.7232226729393005,0.7250054478645325,0.721188485622406,0.7232226729393005,0
2015-12-24,0.7233796119689941,0.7282260060310364,0.7232750058174133,0.7232750058174133,0
2015-12-25,0.727219820022583,0.729341447353363,0.7266914248466492,0.7273785471916199,0
2015-12-28,0.7282790541648865,0.7284913063049316,0.7256894111633301,0.7284913063049316,0
2015-12-29,0.7257947325706482,0.7303534746170044,0.7256367206573486,0.7257947325706482,0
2015-12-30,0.7290754914283752,0.7304602265357971,0.7273785471916199,0.7291818857192993,0
2015-12-31,0.7284913063049316,0.7325470447540283,0.7281200289726257,0.7283851504325867,0
2016-01-01,0.7271669507026672,0.7271669507026672,0.7271669507026672,0.7271669507026672,0
2016-01-04,0.7287036180496216,0.7292882204055786,0.7168458700180054,0.7285974621772766,0
2016-01-05,0.7185972929000854,0.7216569185256958,0.7134194374084473,0.718339204788208,0
2016-01-06,0.7162810564041138,0.7173087000846863,0.7058159112930298,0.7161784768104553,0
2016-01-07,0.708014726638794,0.7087674736976624,0.6982265114784241,0.708014726638794,0
2016-01-08,0.7018036246299744,0.7073636651039124,0.6972528100013733,0.7017051577568054,0
2016-01-11,0.6942998170852661,0.7034822702407837,0.6939143538475037,0.694058895111084,0
2016-01-12,0.6987143754959106,0.7023458480834961,0.6943962574005127,0.6989096999168396,0
2016-01-13,0.6987143754959106,0.7049203515052795,0.6983727812767029,0.6986167430877686,0
2016-01-14,0.6935774683952332,0.6973987221717834,0.6910849809646606,0.6936737298965454,0
2016-01-15,0.6996921300888062,0.6998880505561829,0.6866716742515564,0.6998880505561829,0
2016-01-18,0.6861063838005066,0.6926167011260986,0.6854009628295898,0.6859180927276611,0
2016-01-19,0.6878998875617981,0.695894181728363,0.6842284798622131,0.6875215172767639,0
2016-01-20,0.6917064189910889,0.6912283301353455,0.6832000613212585,0.6912283301353455,0
2016-01-21,0.6937218308448792,0.6957005858421326,0.6878525614738464,0.6943480372428894,0
2016-01-22,0.7016066908836365,0.7046223282814026,0.6989096999168396,0.701655924320221,0
2016-01-25,0.7004027366638184,0.7028888463973999,0.697009801864624,0.7001820206642151,0
2016-01-26,0.6939143538475037,0.700721800327301,0.6923289895057678,0.6941069960594177,0
2016-01-27,0.700721800327301,0.7070136070251465,0.6997410655021667,0.700721800327301,0
2016-01-28,0.7016066908836365,0.7126059532165527,0.7010164856910706,0.7014098763465881,0
2016-01-29,0.7086167335510254,0.7141836881637573,0.707313597202301,0.7084159851074219,0
2016-02-01,0.7068636417388916,0.7092198729515076,0.7044237852096558,0.7071135640144348,0
2016-02-02,0.711085855960846,0.7130632996559143,0.7041757702827454,0.710883617401123,0
2016-02-03,0.7029876708984375,0.710782527923584,0.7006235718727112,0.7027900815010071,0
2016-02-04,0.7154611349105835,0.7243227958679199,0.7159220576286316,0.7159220576286316,0
2016-02-05,0.7199423909187317,0.7212925553321838,0.708817720413208,0.7199942469596863,0
2016-02-08,0.7086167335510254,0.7130124568939209,0.705268383026123,0.7086167335510254,0
2016-02-09,0.7079144716262817,0.7082654237747192,0.6976906061172485,0.7078142762184143,0
2016-02-10,0.7067137956619263,0.7125044465065002,0.7039774656295776,0.7066138982772827,0
2016-02-11,0.7103786468505859,0.715103030204773,0.6990562677383423,0.7102272510528564,0
2016-02-12,0.7124029397964478,0.7129108309745789,0.7066138982772827,0.7126059532165527,0
2016-02-15,0.7116931080818176,0.7172057628631592,0.7113387584686279,0.7116931080818176,0
2016-02-16,0.714796245098114,0.7183908224105835,0.7089684009552002,0.7147452235221863,0
2016-02-17,0.7119971513748169,0.7168973088264465,0.708666980266571,0.7117944359779358,0
2016-02-18,0.7176175117492676,0.7183908224105835,0.7136231064796448,0.7173600792884827,0
2016-02-19,0.7150007486343384,0.71525639295578,0.7071235179901123,0.715103030204773,0
2016-02-22,0.7142857313156128,0.7235890030860901,0.7142857313156128,0.7145919799804688,0
2016-02-23,0.7234842777252197,0.7257947325706482,0.7213966250419617,0.7234842777252197,0
2016-02-24,0.7195797562599182,0.721188485622406,0.7148473858833313,0.7195797562599182,0
2016-02-25,0.7194762229919434,0.7217090129852295,0.7160758972167969,0.7194762229919434,0
2016-02-26,0.7235890030860901,0.7254788279533386,0.7161784768104553,0.7239032983779907,0
2016-02-29,0.7128092050552368,0.716589093208313,0.7112881541252136,0.7129108309745789,0
2016-03-01,0.7142857313156128,0.7191140651702881,0.7110353112220764,0.7141836881637573,0
2016-03-02,0.7181844115257263,0.7261636853218079,0.7166917324066162,0.7183908224105835,0
2016-03-03,0.7288098335266113,0.7369740009307861,0.7283851504325867,0.7286505103111267,0
2016-03-04,0.7357810139656067,0.7432181239128113,0.734268307685852,0.7357268929481506,0
2016-03-07,0.7411414980888367,0.7472166419029236,0.7394808530807495,0.7409054040908813,0
2016-03-08,0.7458233833312988,0.7472166419029236,0.7411249876022339,0.7458233833312988,0
2016-03-09,0.7433839440345764,0.7511454820632935,0.7413997650146484,0.7434943914413452,0
2016-03-10,0.7471049427986145,0.7506943941116333,0.7444908022880554,0.7469933032989502,0
2016-03-11,0.7462129592895508,0.7582650780677795,0.7449899315834045,0.7459346652030945,0
2016-03-14,0.756315290927887,0.7594744563102722,0.7497376203536987,0.7563723921775818,0
2016-03-15,0.7521058917045593,0.7528986930847168,0.7447680234909058,0.7519927620887756,0
2016-03-16,0.746324360370636,0.7477194666862488,0.7417847514152527,0.746268630027771,0
2016-03-17,0.7547169327735901,0.7652866244316101,0.7544892430305481,0.7544892430305481,0
2016-03-18,0.7649939060211182,0.7682852149009705,0.7605140805244446,0.7646428942680359,0
2016-03-21,0.7597629427909851,0.7628929018974304,0.7570595741271973,0.7594744563102722,0
2016-03-22,0.7571741938591003,0.7641170620918274,0.7554011344909668,0.7570022940635681,0
2016-03-23,0.7620208859443665,0.7649353742599487,0.7531821727752686,0.7620208859443665,0
2016-03-24,0.7533524632453918,0.7535794973373413,0.7479991316795349,0.7535226941108704,0
2016-03-25,0.7526719570159912,0.7539203763008118,0.7509763240814209,0.752785325050354,0
2016-03-28,0.7505817413330078,0.7559149861335754,0.7496814131736755,0.7504127025604248,0
2016-03-29,0.7556865215301514,0.7572888731956482,0.7511454820632935,0.7554011344909668,0
2016-03-30,0.7640002965927124,0.7705941200256348,0.7616726756095886,0.7638835906982422,0
2016-03-31,0.7661073803901672,0.772320032119751,0.7637085914611816,0.7659900188446045,0
2016-04-01,0.7669888138771057,0.7695859670639038,0.7602828145027161,0.7669888138771057,0
2016-04-04,0.7668711543083191,0.7675186395645142,0.7602249979972839,0.7668123245239258,0
2016-04-05,0.7599939703941345,0.7626601457595825,0.7512019276618958,0.7598784565925598,0
2016-04-06,0.7546030879020691,0.7617306113243103,0.753409206867218,0.7545461654663086,0
2016-04-07,0.7612088322639465,0.7637085914611816,0.7494004368782043,0.7611508965492249,0
2016-04-08,0.7513712644577026,0.7580926418304443,0.7511454820632935,0.7515971660614014,0
2016-04-11,0.7564868927001953,0.7629510760307312,0.7531254291534424,0.7566013336181641,0
2016-04-12,0.7594744563102722,0.7674008011817932,0.7587253451347351,0.7594167590141296,0
2016-04-13,0.7685213685035706,0.7717240452766418,0.7635336518287659,0.7686986327171326,0
2016-04-14,0.7662248611450195,0.7735746502876282,0.7620790004730225,0.7659900188446045,0
2016-04-15,0.7695859670639038,0.7735148668289185,0.7682852149009705,0.7688758969306946,0
2016-04-18,0.7640002965927124,0.7759758234024048,0.7637085914611816,0.7645260095596313,0
2016-04-19,0.7771215438842773,0.782166600227356,0.7760962843894958,0.7771819233894348,0
2016-04-20,0.7796663045883179,0.7829627394676208,0.7768800854682922,0.7799704074859619,0
2016-04-21,0.7802137732505798,0.7835148572921753,0.775494396686554,0.7802746295928955,0
2016-04-22,0.7742934823036194,0.7774840593338013,0.7711883783340454,0.7744133472442627,0
2016-04-25,0.7710813879966736,0.7730962634086609,0.7692899107933044,0.7710694670677185,0
2016-04-26,0.7717240452766418,0.7765783667564392,0.7701194286346436,0.7714858651161194,0
2016-04-27,0.7747734189033508,0.7765783667564392,0.7576905488967896,0.774713397026062,0
2016-04-28,0.7603984475135803,0.7659900188446045,0.7579202651977539,0.7602828145027161,0
2016-04-29,0.7634170055389404,0.7668123245239258,0.7603984475135803,0.7634752988815308,0
2016-05-02,0.7617306113243103,0.7656381726264954,0.7597051858901978,0.7616146206855774,0
2016-05-03,0.7663775086402893,0.7713074088096619,0.7495689988136292,0.766400933265686,0
2016-05-04,0.7499625086784363,0.7519361972808838,0.745489776134491,0.7499062418937683,0
2016-05-05,0.7467144727706909,0.7514277100563049,0.7457677721977234,0.7467144727706909,0
2016-05-06,0.7476076483726501,0.7477753758430481,0.7341604828834534,0.7474958896636963,0
2016-05-09,0.737626314163208,0.7387160658836365,0.7312079668045044,0.7375174760818481,0
2016-05-10,0.731689453125,0.7374631762504578,0.7301401495933533,0.7319036722183228,0
2016-05-11,0.7373000383377075,0.7403568625450134,0.7337295413017273,0.7373000383377075,0
2016-05-12,0.7357810139656067,0.7374631762504578,0.7314218878746033,0.7359976172447205,0
2016-05-13,0.7317965626716614,0.732225239276886,0.725584089756012,0.7317965626716614,0
2016-05-16,0.7274843454360962,0.7309941649436951,0.727219820022583,0.727219820022583,0
2016-05-17,0.7288098335266113,0.7367568016052246,0.7284913063049316,0.7290754914283752,0
2016-05-18,0.731368362903595,0.7320108413696289,0.7253209352493286,0.7320108413696289,0
2016-05-19,0.7226999998092651,0.7234842777252197,0.7180297374725342,0.7222824096679688,0
2016-05-20,0.7232226729393005,0.7251105904579163,0.7213445901870728,0.7232226729393005,0
2016-05-23,0.7228044867515564,0.7262164354324341,0.7197869420051575,0.7226999998092651,0
2016-05-24,0.7223867774009705,0.7224911451339722,0.7146226167678833,0.7221259474754333,0
2016-05-25,0.719062328338623,0.7220216393470764,0.7175660133361816,0.7192174792289734,0
2016-05-26,0.7186489701271057,0.7244277596473694,0.7172057628631592,0.7187005877494812,0
2016-05-27,0.7225955128669739,0.7236413955688477,0.7187005877494812,0.7225955128669739,0
2016-05-30,0.7184939980506897,0.7190106511116028,0.7152052521705627,0.7179781794548035,0
2016-05-31,0.7195797562599182,0.7267969846725464,0.7188039422035217,0.7196833491325378,0
2016-06-01,0.7236937284469604,0.7299802899360657,0.7229612469673157,0.7237984538078308,0
2016-06-02,0.7250054478645325,0.7269555330276489,0.7203054428100586,0.7252157330513,0
2016-06-03,0.7231180667877197,0.7350239157676697,0.7225955128669739,0.7230135202407837,0
2016-06-06,0.7346999049186707,0.7382253408432007,0.7318500876426697,0.7343761324882507,0
2016-06-07,0.7373543977737427,0.7458789944648743,0.7362686395645142,0.7375121116638184,0
2016-06-08,0.7446016073226929,0.7482789158821106,0.7433286309242249,0.7447125315666199,0
2016-06-09,0.7496814131736755,0.7504127025604248,0.7421701550483704,0.7492882013320923,0
2016-06-10,0.7416747212409973,0.7427213191986084,0.7392622232437134,0.7413997650146484,0
2016-06-13,0.7374087572097778,0.7411799430847168,0.7363227605819702,0.7373000383377075,0
2016-06-14,0.7381163239479065,0.7406309843063354,0.7331916093826294,0.7378984093666077,0
2016-06-15,0.7356186509132385,0.7421150207519531,0.7336218357086182,0.7352400422096252,0
2016-06-16,0.7416197061538696,0.7431628704071045,0.7286505103111267,0.7414547204971313,0
2016-06-17,0.7387160658836365,0.7411249876022339,0.7374631762504578,0.7392075657844543,0
2016-06-20,0.7431076765060425,0.7482789158821106,0.7427765130996704,0.7429972290992737,0
2016-06-21,0.7461016178131104,0.7514277100563049,0.7455453872680664,0.7461016178131104,0
2016-06-22,0.7453786730766296,0.7528419494628906,0.7443799376487732,0.745323121547699,0
2016-06-23,0.7514277100563049,0.7597051858901978,0.7513712644577026,0.7513712644577026,0
2016-06-24,0.7535226941108704,0.7583225965499878,0.731689453125,0.7551729083061218,0
2016-06-27,0.7431076765060425,0.7452120184898376,0.7336757183074951,0.7429972290992737,0
2016-06-28,0.7357268929481506,0.7416747212409973,0.7344300746917725,0.7356186509132385,0
2016-06-29,0.7405213713645935,0.7458233833312988,0.7383888363838196,0.7403020262718201,0
2016-06-30,0.7469933032989502,0.7469933032989502,0.7378984093666077,0.7468817830085754,0
2016-07-01,0.7448789477348328,0.7504127025604248,0.743992269039154,0.7449899315834045,0
2016-07-04,0.7463800311088562,0.7547169327735901,0.7464914917945862,0.7467144727706909,0
2016-07-05,0.7530120611190796,0.7546030879020691,0.7457677721977234,0.7530120611190796,0
2016-07-06,0.7443799376487732,0.7515971660614014,0.7411799430847168,0.7442137002944946,0
2016-07-07,0.7518796920776367,0.7539203763008118,0.7474958896636963,0.7513148188591003,0
2016-07-08,0.7494004368782043,0.7564868927001953,0.7476076483726501,0.7496252059936523,0
2016-07-11,0.7559149861335754,0.7577479481697083,0.7523888349533081,0.7558007836341858,0
2016-07-12,0.7538067698478699,0.7638835906982422,0.753409206867218,0.7538067698478699,0
2016-07-13,0.7605719566345215,0.7638835906982422,0.7578628659248352,0.7603117227554321,0
2016-07-14,0.7596474885940552,0.7652280330657959,0.7593591213226318,0.7594744563102722,0
2016-07-15,0.7614986300468445,0.7676953673362732,0.7581501007080078,0.7614986300468445,0
2016-07-18,0.759013295173645,0.760861337184906,0.7576331496238708,0.759013295173645,0
2016-07-19,0.7575184106826782,0.7575757503509521,0.7477753758430481,0.7575757503509521,0
2016-07-20,0.750750720500946,0.7512019276618958,0.746324360370636,0.7509763240814209,0
2016-07-21,0.747160792350769,0.7515971660614014,0.7459346652030945,0.7466029524803162,0
2016-07-22,0.7506943941116333,0.7506380081176758,0.7443799376487732,0.7505817413330078,0
2016-07-25,0.7476076483726501,0.7493443489074707,0.745712161064148,0.747439980506897,0
2016-07-26,0.7476076483726501,0.7542046904563904,0.7464914917945862,0.7475517392158508,0
2016-07-27,0.7516536712646484,0.7570022940635681,0.745712161064148,0.7514841556549072,0
2016-07-28,0.7517440319061279,0.7551158666610718,0.7505817413330078,0.7522755861282349,0
2016-07-29,0.751258373260498,0.7610929608345032,0.7494566440582275,0.7513148188591003,0
2016-08-01,0.7587829232215881,0.7616146206855774,0.7552869915962219,0.7587829232215881,0
2016-08-02,0.7528419494628906,0.7638252377510071,0.7503564357757568,0.753068745136261,0
2016-08-03,0.7599939703941345,0.7614986300468445,0.7570022940635681,0.7600516676902771,0
2016-08-04,0.759013295173645,0.7639419436454773,0.7588980793952942,0.7588980793952942,0
2016-08-05,0.7640002965927124,0.7665772438049316,0.7598206996917725,0.7641754746437073,0
2016-08-08,0.7611798048019409,0.767283022403717,0.7599362134933472,0.7612667679786682,0
2016-08-09,0.7660487294197083,0.7687636017799377,0.7624857425689697,0.7661073803901672,0
2016-08-10,0.7664597034454346,0.7757349610328674,0.7663422226905823,0.7663422226905823,0
2016-08-11,0.77154541015625,0.7724990248680115,0.7693490982055664,0.7712478637695312,0
2016-08-12,0.7695859670639038,0.7725587487220764,0.7669299840927124,0.7693490982055664,0
2016-08-15,0.7656381726264954,0.7690532803535461,0.7638835906982422,0.7656381726264954,0
2016-08-16,0.7676364183425903,0.774713397026062,0.7656381726264954,0.767754316329956,0
2016-08-17,0.7700778245925903,0.7707723379135132,0.7614986300468445,0.7696748375892639,0
2016-08-18,0.766400933265686,0.7722008228302002,0.7650523781776428,0.7662835717201233,0
2016-08-19,0.7678722143173218,0.767754316329956,0.7600516676902771,0.767754316329956,0
2016-08-22,0.7608034610748291,0.7638252377510071,0.7584951519966125,0.7606876492500305,0
2016-08-23,0.7630093097686768,0.7656381726264954,0.7627764940261841,0.7631257772445679,0
2016-08-24,0.7613826394081116,0.7635336518287659,0.759013295173645,0.7613247036933899,0
2016-08-25,0.7610350251197815,0.7640002965927124,0.7603984475135803,0.760861337184906,0
2016-08-26,0.7624857425689697,0.7690532803535461,0.761440634727478,0.762427568435669,0
2016-08-29,0.7544322609901428,0.7576331496238708,0.7527286410331726,0.7538579106330872,0
2016-08-30,0.7577479481697083,0.7580351233482361,0.7510890364646912,0.7575757503509521,0
2016-08-31,0.7524454593658447,0.7535226941108704,0.7491759061813354,0.7523888349533081,0
2016-09-01,0.7519927620887756,0.7552869915962219,0.7506943941116333,0.7519361972808838,0
2016-09-02,0.7552869915962219,0.7612667679786682,0.753863513469696,0.7551158666610718,0
2016-09-05,0.7564868927001953,0.7608034610748291,0.7564868927001953,0.7564868927001953,0
2016-09-06,0.7593014240264893,0.7685213685035706,0.7593014240264893,0.7593014240264893,0
2016-09-07,0.7688168287277222,0.7697636485099792,0.7654037475585938,0.768580436706543,0
2016-09-08,0.7669299840927124,0.7732157707214355,0.7665772438049316,0.7669299840927124,0
2016-09-09,0.7650523781776428,0.7658140659332275,0.7551158666610718,0.7649939060211182,0
2016-09-12,0.7544892430305481,0.7550019025802612,0.749512791633606,0.7542616128921509,0
2016-09-13,0.7567158937454224,0.7570022940635681,0.7468817830085754,0.7567158937454224,0
2016-09-14,0.7469375729560852,0.7496252059936523,0.7452675700187683,0.7467144727706909,0
2016-09-15,0.7482229471206665,0.7515971660614014,0.7449344992637634,0.7483349442481995,0
2016-09-16,0.7513148188591003,0.752785325050354,0.7476635575294495,0.7513148188591003,0
2016-09-19,0.7501875758171082,0.7575757503509521,0.7502550482749939,0.7503001093864441,0
2016-09-20,0.7537499070167542,0.7567731142044067,0.7531254291534424,0.7539772391319275,0
2016-09-21,0.7558007836341858,0.7605140805244446,0.7536931037902832,0.755743682384491,0
2016-09-22,0.763242244720459,0.7675774693489075,0.7628347277641296,0.7638835906982422,0
2016-09-23,0.7649353742599487,0.7654037475585938,0.7612088322639465,0.7646019458770752,0
2016-09-26,0.7616146206855774,0.7649939060211182,0.7603984475135803,0.7614986300468445,0
2016-09-27,0.763382077217102,0.7697044014930725,0.7613826394081116,0.7632655501365662,0
2016-09-28,0.7669888138771057,0.7688758969306946,0.764584481716156,0.7668711543083191,0
2016-09-29,0.7694082856178284,0.7711883783340454,0.7654623985290527,0.7692307829856873,0
2016-09-30,0.7628347277641296,0.767283022403717,0.7591285705566406,0.7628929018974304,0
2016-10-03,0.7644091248512268,0.7684032917022705,0.7642338275909424,0.7645260095596313,0
2016-10-04,0.7686395049095154,0.7688168287277222,0.7638252377510071,0.7684623003005981,0
2016-10-05,0.7610929608345032,0.7645260095596313,0.7595321536064148,0.7612088322639465,0
2016-10-06,0.7623694539070129,0.7623113393783569,0.7563723921775818,0.7620790004730225,0
2016-10-07,0.7578054070472717,0.762427568435669,0.7555152177810669,0.7576102018356323,0
2016-10-10,0.7599939703941345,0.7631257772445679,0.7581501007080078,0.7601094245910645,0
2016-10-11,0.7599939703941345,0.7599939703941345,0.7537499070167542,0.7599939703941345,0
2016-10-12,0.7562580704689026,0.7591285705566406,0.7553440928459167,0.756315290927887,0
2016-10-13,0.7558007836341858,0.7567731142044067,0.7508634924888611,0.7555152177810669,0
2016-10-14,0.7563723921775818,0.7648768424987793,0.755743682384491,0.756315290927887,0
2016-10-17,0.7596474885940552,0.7628929018974304,0.7583225965499878,0.7595898509025574,0
2016-10-18,0.7640587091445923,0.7691715955734253,0.7641754746437073,0.7642922401428223,0
2016-10-19,0.7674597501754761,0.7717240452766418,0.766166090965271,0.767283022403717,0
2016-10-20,0.7726184129714966,0.7735746502876282,0.762543797492981,0.7727378010749817,0
2016-10-21,0.7633005380630493,0.7648768424987793,0.759013295173645,0.7633588314056396,0
2016-10-24,0.7602249979972839,0.7641754746437073,0.7592437863349915,0.7602828145027161,0
2016-10-25,0.7594167590141296,0.7655795216560364,0.7593591213226318,0.7593591213226318,0
2016-10-26,0.7650523781776428,0.7707723379135132,0.7642922401428223,0.7651109099388123,0
2016-10-27,0.7649939060211182,0.7652866244316101,0.7595898509025574,0.7648768424987793,0
2016-10-28,0.759013295173645,0.7609191536903381,0.7559149861335754,0.7591285705566406,0
2016-10-31,0.7598206996917725,0.761904776096344,0.7585526704788208,0.7594744563102722,0
2016-11-01,0.7607455253601074,0.768994152545929,0.7599362134933472,0.7608034610748291,0
2016-11-02,0.7645260095596313,0.767990231513977,0.7614870071411133,0.7646428942680359,0
2016-11-03,0.7653451561927795,0.768580436706543,0.7638835906982422,0.7651694416999817,0
2016-11-04,0.768580436706543,0.7698229551315308,0.7654037475585938,0.7685213685035706,0
2016-11-07,0.7678722143173218,0.7708911895751953,0.7668711543083191,0.7678132653236389,0
2016-11-08,0.7720219492912292,0.772320032119751,0.7690532803535461,0.7720815539360046,0
2016-11-09,0.7745933532714844,0.7771215438842773,0.7584951519966125,0.774713397026062,0
2016-11-10,0.7649353742599487,0.7741735577583313,0.7572888731956482,0.7650523781776428,0
2016-11-11,0.760861337184906,0.7630093097686768,0.7540909647941589,0.7609770894050598,0
2016-11-14,0.754944920539856,0.7574610114097595,0.7526153922080994,0.7552869915962219,0
2016-11-15,0.7571169137954712,0.7588980793952942,0.7513148188591003,0.7568303942680359,0
2016-11-16,0.7553440928459167,0.7572888731956482,0.746324360370636,0.7554582357406616,0
2016-11-17,0.7494566440582275,0.7496814131736755,0.7450454235076904,0.7491759061813354,0
2016-11-18,0.7398091554641724,0.7406858801841736,0.7343761324882507,0.7400829195976257,0
2016-11-21,0.7323324680328369,0.7382797598838806,0.7313148975372314,0.7325470447540283,0
2016-11-22,0.7376807332038879,0.7414547204971313,0.7371912598609924,0.7377351522445679,0
2016-11-23,0.7410151958465576,0.7445462346076965,0.7375174760818481,0.7411249876022339,0
2016-11-24,0.7374631762504578,0.7416197061538696,0.736594021320343,0.7375174760818481,0
2016-11-25,0.7416747212409973,0.7467702031135559,0.7401376962661743,0.7417847514152527,0
2016-11-28,0.7445462346076965,0.7494004368782043,0.7434943914413452,0.7442137002944946,0
2016-11-29,0.7494566440582275,0.7498500347137451,0.7434667944908142,0.7495689988136292,0
2016-11-30,0.7484470009803772,0.7497376203536987,0.7388798594474792,0.7485030293464661,0
2016-12-01,0.7388798594474792,0.7420599460601807,0.737626314163208,0.7390437126159668,0
2016-12-02,0.7421150207519531,0.7468259930610657,0.7402471899986267,0.7422802448272705,0
2016-12-05,0.7443799376487732,0.7469933032989502,0.7415646910667419,0.7439368963241577,0
2016-12-06,0.747439980506897,0.7482789158821106,0.7433839440345764,0.7473227381706238,0
2016-12-07,0.7472166419029236,0.7482229471206665,0.7418947815895081,0.7472724914550781,0
2016-12-08,0.748615026473999,0.7506380081176758,0.7430524230003357,0.7486711144447327,0
2016-12-09,0.7459513545036316,0.7496814131736755,0.7444908022880554,0.7459346652030945,0
2016-12-12,0.7448234558105469,0.7505254149436951,0.7438262104988098,0.7448789477348328,0
2016-12-13,0.7497376203536987,0.7523888349533081,0.7476635575294495,0.7496814131736755,0
2016-12-14,0.7494566440582275,0.7522755861282349,0.7483349442481995,0.7494566440582275,0
2016-12-15,0.7410700917243958,0.7430524230003357,0.7349158525466919,0.7406309843063354,0
2016-12-16,0.7368110418319702,0.7369740009307861,0.7269449234008789,0.7367568016052246,0
2016-12-19,0.7291286587715149,0.7314754128456116,0.7250580191612244,0.7291818857192993,0
2016-12-20,0.7251105904579163,0.726374626159668,0.7223867774009705,0.7252157330513,0
2016-12-21,0.7269555330276489,0.7282260060310364,0.7241653800010681,0.7268498539924622,0
2016-12-22,0.7235366702079773,0.7257947325706482,0.7199423909187317,0.7235890030860901,0
2016-12-23,0.7221781015396118,0.7229090332984924,0.7160758972167969,0.7221781015396118,0
2016-12-26,0.7179266214370728,0.7246376872062683,0.716794490814209,0.7177205085754395,0
2016-12-27,0.7180812358856201,0.7199942469596863,0.7174115777015686,0.7181328535079956,0
2016-12-28,0.7191140651702881,0.7220216393470764,0.7164863348007202,0.7191140651702881,0
2016-12-29,0.7184939980506897,0.7220216393470764,0.7183908224105835,0.7184939980506897,0
2016-12-30,0.7234842777252197,0.7247952818870544,0.7217090129852295,0.7236413955688477,0
2017-01-02,0.7209805250167847,0.7221781015396118,0.7170000672340393,0.7209805250167847,0
2017-01-03,0.7196833491325378,0.7237984538078308,0.7195797562599182,0.7195797562599182,0
2017-01-04,0.7229925990104675,0.7279609441757202,0.7221155166625977,0.7230657935142517,0
2017-01-05,0.7287036180496216,0.7349158525466919,0.7279079556465149,0.7289161086082458,0
2017-01-06,0.7338372468948364,0.7355104684829712,0.7307270765304565,0.7337833642959595,0
2017-01-09,0.7312079668045044,0.7346999049186707,0.7303001284599304,0.7312614321708679,0
2017-01-10,0.7359976172447205,0.7386069893836975,0.7333528995513916,0.7357268929481506,0
2017-01-11,0.7361602187156677,0.7398091554641724,0.7353481650352478,0.7360517978668213,0
2017-01-12,0.7447125315666199,0.7519927620887756,0.7430524230003357,0.7448234558105469,0
2017-01-13,0.7488393187522888,0.7508071064949036,0.745156466960907,0.7487832307815552,0
2017-01-16,0.7497938275337219,0.7501875758171082,0.7459346652030945,0.7501875758171082,0
2017-01-17,0.7473283410072327,0.7562580704689026,0.746597409248352,0.7472724914550781,0
2017-01-18,0.7550702691078186,0.7567158937454224,0.7540625333786011,0.7549676895141602,0
2017-01-19,0.7509198784828186,0.7572315335273743,0.7494117021560669,0.7510326504707336,0
2017-01-20,0.7566586136817932,0.7588980793952942,0.7518231272697449,0.7566586136817932,0
2017-01-23,0.7573462724685669,0.7587829232215881,0.7551158666610718,0.7571628093719482,0
2017-01-24,0.7582650780677795,0.7609770894050598,0.7554296255111694,0.7582650780677795,0
2017-01-25,0.7592437863349915,0.7598206996917725,0.7516536712646484,0.7589672207832336,0
2017-01-26,0.7574036121368408,0.7586102485656738,0.7528873085975647,0.7578628659248352,0
2017-01-27,0.7533524632453918,0.7571169137954712,0.7513486742973328,0.7531821727752686,0
2017-01-30,0.7553611993789673,0.7567731142044067,0.7529553771018982,0.755469560623169,0
2017-01-31,0.7565441131591797,0.7605719566345215,0.7543696761131287,0.7563095092773438,0
2017-02-01,0.7580351233482361,0.7598206996917725,0.7552014589309692,0.7578054070472717,0
2017-02-02,0.7583800554275513,0.7695859670639038,0.7585526704788208,0.7585526704788208,0
2017-02-03,0.7654623985290527,0.7695859670639038,0.7636502385139465,0.7656967639923096,0
2017-02-06,0.7676010727882385,0.7681081295013428,0.7630326151847839,0.7678132653236389,0
2017-02-07,0.764584481716156,0.768226146697998,0.7608034610748291,0.7647013664245605,0
2017-02-08,0.7622532248497009,0.7665184736251831,0.7613826394081116,0.7620324492454529,0
2017-02-09,0.7631723284721375,0.766400933265686,0.7612493634223938,0.7634752988815308,0
2017-02-10,0.7625904083251953,0.7675186395645142,0.7620092630386353,0.7627183198928833,0
2017-02-13,0.7670122981071472,0.767990231513977,0.763242244720459,0.7669476270675659,0
2017-02-14,0.7642396688461304,0.7698822021484375,0.7624857425689697,0.7642689347267151,0
2017-02-15,0.7669299840927124,0.7689350247383118,0.76377272605896,0.7669417858123779,0
2017-02-16,0.7721471190452576,0.7732277512550354,0.7686100006103516,0.7723796963691711,0
2017-02-17,0.7698229551315308,0.7714263200759888,0.7659900188446045,0.7697636485099792,0
2017-02-20,0.7668006420135498,0.7688817977905273,0.7661073803901672,0.7668123245239258,0
2017-02-21,0.7688758969306946,0.7689350247383118,0.7650875449180603,0.7688699960708618,0
2017-02-22,0.7676364183425903,0.7711288928985596,0.7667535543441772,0.7676600217819214,0
2017-02-23,0.7697044014930725,0.7741735577583313,0.7666712403297424,0.7697518467903137,0
2017-02-24,0.7713074088096619,0.7720815539360046,0.7666301131248474,0.7713074088096619,0
2017-02-27,0.767047643661499,0.7704516053199768,0.7666947841644287,0.7668711543083191,0
2017-02-28,0.7676364183425903,0.7695859670639038,0.7668711543083191,0.7675598859786987,0
2017-03-01,0.7642280459403992,0.7697636485099792,0.7640002965927124,0.7642922401428223,0
2017-03-02,0.7657554149627686,0.7665772438049316,0.7568017840385437,0.7659782767295837,0
2017-03-03,0.7572315335273743,0.7584375739097595,0.7544892430305481,0.757260262966156,0
2017-03-06,0.7594744563102722,0.7609770894050598,0.7571741938591003,0.7590420842170715,0
2017-03-07,0.7589211463928223,0.7629219889640808,0.7585526704788208,0.7591572999954224,0
2017-03-08,0.7594974637031555,0.7609770894050598,0.7534658908843994,0.7592322826385498,0
2017-03-09,0.7528986930847168,0.7534658908843994,0.7493443489074707,0.7527286410331726,0
2017-03-10,0.750750720500946,0.7554924488067627,0.7506380081176758,0.750750720500946,0
2017-03-13,0.7543753385543823,0.7593014240264893,0.7535226941108704,0.7540397644042969,0
2017-03-14,0.7566586136817932,0.7577077746391296,0.7540909647941589,0.7571169137954712,0
2017-03-15,0.7565498352050781,0.7602828145027161,0.7556865215301514,0.7566184997558594,0
2017-03-16,0.7705941200256348,0.7716287970542908,0.7664597034454346,0.7706297636032104,0
2017-03-17,0.7669888138771057,0.7717240452766418,0.7666889429092407,0.7671653032302856,0
2017-03-20,0.7704753875732422,0.7746893167495728,0.7698822021484375,0.7707723379135132,0
2017-03-21,0.7730364799499512,0.7750736474990845,0.7700600624084473,0.7730962634086609,0
2017-03-22,0.7674126029014587,0.7684032917022705,0.7640820145606995,0.767283022403717,0
2017-03-23,0.7669417858123779,0.7669888138771057,0.762543797492981,0.7668123245239258,0
2017-03-24,0.7634170055389404,0.7642338275909424,0.7605488300323486,0.7635919451713562,0
2017-03-27,0.7633005380630493,0.7649939060211182,0.7610350251197815,0.7634403705596924,0
2017-03-28,0.7628929018974304,0.7655795216560364,0.7588980793952942,0.7629510760307312,0
2017-03-29,0.7652397751808167,0.7665772438049316,0.7634170055389404,0.7654623985290527,0
2017-03-30,0.767047643661499,0.7681081295013428,0.7651109099388123,0.7672712206840515,0
2017-03-31,0.7655209302902222,0.766400933265686,0.762427568435669,0.7651694416999817,0
2017-04-03,0.7629918456077576,0.7641170620918274,0.7591862082481384,0.7630675435066223,0
2017-04-04,0.7605140805244446,0.7614986300468445,0.7546600699424744,0.7605082988739014,0
2017-04-05,0.756887674331665,0.7587829232215881,0.7560864686965942,0.7568303942680359,0
2017-04-06,0.7567788362503052,0.7569449543952942,0.7533524632453918,0.7566013336181641,0
2017-04-07,0.7541478276252747,0.7546030879020691,0.7505084872245789,0.7539772391319275,0
2017-04-10,0.7507225871086121,0.7509198784828186,0.7476803064346313,0.7506943941116333,0
2017-04-11,0.7506943941116333,0.7515971660614014,0.7476076483726501,0.7506775259971619,0
2017-04-12,0.7503620386123657,0.7509763240814209,0.7481110692024231,0.7500300407409668,0
2017-04-13,0.7539090514183044,0.7595898509025574,0.7533296942710876,0.7538180351257324,0
2017-04-14,0.7566013336181641,0.7584951519966125,0.7560178637504578,0.7566013336181641,0
2017-04-17,0.7580926418304443,0.7610582113265991,0.7579776644706726,0.7580926418304443,0
2017-04-18,0.7591862082481384,0.7597051858901978,0.753409206867218,0.7591862082481384,0
2017-04-19,0.7559149861335754,0.7562580704689026,0.7496814131736755,0.7559149861335754,0
2017-04-20,0.7496252059936523,0.7547739148139954,0.7495184540748596,0.7495184540748596,0
2017-04-21,0.751908004283905,0.7546030879020691,0.7516480088233948,0.7518231272697449,0
2017-04-24,0.7555723190307617,0.7583800554275513,0.7548878788948059,0.7558007836341858,0
2017-04-25,0.755972146987915,0.7567158937454224,0.7521058917045593,0.756149411201477,0
2017-04-26,0.7536931037902832,0.7546030879020691,0.7455509305000305,0.7536874413490295,0
2017-04-27,0.7480326294898987,0.7492320537567139,0.7441030144691467,0.7478871941566467,0
2017-04-28,0.746720016002655,0.7485030293464661,0.7448234558105469,0.7471049427986145,0
2017-05-01,0.7483405470848083,0.7542046904563904,0.7474958896636963,0.7483909726142883,0
2017-05-02,0.753409206867218,0.7556865215301514,0.7510890364646912,0.7531311511993408,0
2017-05-03,0.7543184757232666,0.7546600699424744,0.744657039642334,0.7544322609901428,0
2017-05-04,0.7428869009017944,0.7431076765060425,0.7383888363838196,0.7428979277610779,0
2017-05-05,0.7412348985671997,0.7418947815895081,0.7370283007621765,0.7411249876022339,0
2017-05-08,0.7415812015533447,0.7423353791236877,0.7381163239479065,0.7413503527641296,0
2017-05-09,0.7388798594474792,0.73991858959198,0.733030378818512,0.7389726638793945,0
2017-05-10,0.7342413067817688,0.7393824458122253,0.7340526580810547,0.7341604828834534,0
2017-05-11,0.7361059784889221,0.7378494143486023,0.7339449524879456,0.7358026504516602,0
2017-05-12,0.7378984093666077,0.7422802448272705,0.7369087934494019,0.7377895712852478,0
2017-05-15,0.7392895221710205,0.7446016073226929,0.7389180660247803,0.7393715381622314,0
2017-05-16,0.7420544624328613,0.7438262104988098,0.7395793199539185,0.7420158982276917,0
2017-05-17,0.7421150207519531,0.7442913055419922,0.7389726638793945,0.742225170135498,0
2017-05-18,0.7431076765060425,0.7467144727706909,0.7409493327140808,0.7429972290992737,0
2017-05-19,0.742225170135498,0.7460459470748901,0.7407956123352051,0.7420599460601807,0
2017-05-22,0.7452120184898376,0.7488673329353333,0.7436050176620483,0.745156466960907,0
2017-05-23,0.7471049427986145,0.7518231272697449,0.7468873858451843,0.7472166419029236,0
2017-05-24,0.747160792350769,0.748615026473999,0.7443245053291321,0.7474958896636963,0
2017-05-25,0.7497488260269165,0.7518796920776367,0.7461683750152588,0.7497488260269165,0
2017-05-26,0.7456009387969971,0.7461573481559753,0.7422802448272705,0.7454341650009155,0
2017-05-29,0.7444353699684143,0.7452120184898376,0.7428702712059021,0.7443245053291321,0
2017-05-30,0.7438815832138062,0.7466029524803162,0.7419498562812805,0.7438926100730896,0
2017-05-31,0.7459346652030945,0.7476076483726501,0.7427599430084229,0.7459902763366699,0
2017-06-01,0.7426661252975464,0.745323121547699,0.7373543977737427,0.7425559163093567,0
2017-06-02,0.7379528880119324,0.7443799376487732,0.7374794483184814,0.7380618453025818,0
2017-06-05,0.7428702712059021,0.7487832307815552,0.7423353791236877,0.7426661252975464,0
2017-06-06,0.7487271428108215,0.7522190809249878,0.7458512187004089,0.7488954067230225,0
2017-06-07,0.7509763240814209,0.7566586136817932,0.7501313090324402,0.7510101199150085,0
2017-06-08,0.7542046904563904,0.7555723190307617,0.752558708190918,0.7539772391319275,0
2017-06-09,0.7528306245803833,0.7543924450874329,0.7520097494125366,0.7528419494628906,0
2017-06-12,0.7530120611190796,0.7547739148139954,0.7522190809249878,0.7528419494628906,0
2017-06-13,0.7547739148139954,0.7564868927001953,0.752558708190918,0.7548878788948059,0
2017-06-14,0.7538067698478699,0.7635336518287659,0.7533524632453918,0.7536987662315369,0
2017-06-15,0.7588980793952942,0.7634170055389404,0.7569907903671265,0.7589556574821472,0
2017-06-16,0.7585526704788208,0.7627183198928833,0.7577422261238098,0.7587829232215881,0
2017-06-19,0.7621369957923889,0.7631257772445679,0.7586102485656738,0.7617828249931335,0
2017-06-20,0.7591918706893921,0.7622532248497009,0.7573290467262268,0.7591976523399353,0
2017-06-21,0.7576102018356323,0.757972002029419,0.7548308968544006,0.7576905488967896,0
2017-06-22,0.7550873756408691,0.756315290927887,0.7536305785179138,0.7551729083061218,0
2017-06-23,0.7541478276252747,0.7583225965499878,0.7541478276252747,0.7542046904563904,0
2017-06-26,0.7567674517631531,0.7601094245910645,0.7566013336181641,0.7571741938591003,0
2017-06-27,0.7584375739097595,0.7627183198928833,0.7577709555625916,0.7582880854606628,0
2017-06-28,0.7586677670478821,0.7640587091445923,0.7578685879707336,0.7586677670478821,0
2017-06-29,0.7635919451713562,0.7686986327171326,0.7637085914611816,0.7637085914611816,0
2017-06-30,0.7685213685035706,0.7710099816322327,0.7668711543083191,0.7686572670936584,0
2017-07-03,0.7688285708427429,0.7694023847579956,0.764584481716156,0.768994152545929,0
2017-07-04,0.7666183710098267,0.768226146697998,0.7591862082481384,0.7666183710098267,0
2017-07-05,0.7612088322639465,0.7631607055664062,0.7571741938591003,0.7612088322639465,0
2017-07-06,0.7600921392440796,0.761440634727478,0.7578054070472717,0.7599188089370728,0
2017-07-07,0.7579776644706726,0.7621369957923889,0.7572888731956482,0.7580351233482361,0
2017-07-10,0.7605140805244446,0.7616146206855774,0.7587829232215881,0.7605140805244446,0
2017-07-12,0.7639011144638062,0.7684623003005981,0.7637669444084167,0.7639419436454773,0
2017-07-13,0.7679194211959839,0.774113655090332,0.7676482200622559,0.767990231513977,0
2017-07-14,0.774053692817688,0.7828708291053772,0.7735387682914734,0.7741735577583313,0
2017-07-17,0.7825216054916382,0.7838219404220581,0.7803903818130493,0.7824910283088684,0
2017-07-18,0.7791013717651367,0.7944073677062988,0.7787554860115051,0.7790892124176025,0
2017-07-19,0.7918283343315125,0.7954816818237305,0.7912706732749939,0.7919538021087646,0
2017-07-20,0.7960199117660522,0.7984669208526611,0.7898083329200745,0.7959691882133484,0
2017-07-21,0.7947861552238464,0.7950389385223389,0.7878730297088623,0.794811487197876,0
2017-07-24,0.7925311923027039,0.7967492341995239,0.790513813495636,0.7924558520317078,0
2017-07-25,0.7927699685096741,0.7970667481422424,0.790838897228241,0.7925311923027039,0
2017-07-26,0.7932730913162231,0.7937326431274414,0.7879972457885742,0.7931408882141113,0
2017-07-27,0.8000128269195557,0.8065817356109619,0.795810878276825,0.8000768423080444,0
2017-07-28,0.7973591089248657,0.8006789684295654,0.79377681016922,0.7976071834564209,0
2017-07-31,0.7985944747924805,0.7989134788513184,0.795772910118103,0.7981928586959839,0
2017-08-01,0.7998719811439514,0.8045052289962769,0.7961973547935486,0.8003777861595154,0
2017-08-02,0.7956082820892334,0.7985306978225708,0.7942811846733093,0.7956715226173401,0
2017-08-03,0.7955195903778076,0.795893132686615,0.791702926158905,0.7956082820892334,0
2017-08-04,0.7959882616996765,0.798084557056427,0.7892037034034729,0.7956715226173401,0
2017-08-07,0.7930842638015747,0.7947230935096741,0.7902638912200928,0.7929773926734924,0
2017-08-08,0.791671633720398,0.7942811846733093,0.7889670729637146,0.7915776371955872,0
2017-08-09,0.7898269891738892,0.7899019122123718,0.7858299016952515,0.7893905639648438,0
2017-08-10,0.7891601324081421,0.7910829782485962,0.7867511510848999,0.7892659902572632,0
2017-08-11,0.7866582870483398,0.7908263802528381,0.7840369939804077,0.7866582870483398,0
2017-08-14,0.7904075980186462,0.7919538021087646,0.7856693863868713,0.7904513478279114,0
2017-08-15,0.7853608131408691,0.7876496315002441,0.7808229923248291,0.785582959651947,0
2017-08-16,0.7825950980186462,0.7892037034034729,0.7825338840484619,0.7826563715934753,0
2017-08-17,0.7932101488113403,0.796279788017273,0.7910891175270081,0.7932101488113403,0
2017-08-18,0.7875256538391113,0.7939028143882751,0.7874636054039001,0.7874636054039001,0
2017-08-21,0.7927510738372803,0.7951021790504456,0.7911391854286194,0.7928516268730164,0
2017-08-22,0.79377681016922,0.7950389385223389,0.7898269891738892,0.7939658164978027,0
2017-08-23,0.7913270592689514,0.7911391854286194,0.7884196639060974,0.7911016941070557,0
2017-08-24,0.79107666015625,0.7916402220726013,0.7867696285247803,0.7914710640907288,0
2017-08-25,0.7900142073631287,0.7953614592552185,0.7886372804641724,0.789702296257019,0
2017-08-28,0.794060468673706,0.7963685393333435,0.7927699685096741,0.7942496538162231,0
2017-08-29,0.7924558520317078,0.7982374429702759,0.792330265045166,0.7925814390182495,0
2017-08-30,0.7956715226173401,0.7996801733970642,0.7891227006912231,0.7959375381469727,0
2017-08-31,0.7907013297080994,0.7939658164978027,0.7872775793075562,0.7906388640403748,0
2017-09-01,0.7939658164978027,0.7992327809333801,0.7922674417495728,0.7941991686820984,0
2017-09-04,0.796470046043396,0.7971938848495483,0.7943821549415588,0.7964954376220703,0
2017-09-05,0.7945336103439331,0.8028130531311035,0.7944578528404236,0.794590413570404,0
2017-09-06,0.8006982207298279,0.801988959312439,0.7965589165687561,0.8007687330245972,0
2017-09-07,0.8010895252227783,0.8045052289962769,0.7977407574653625,0.8008328676223755,0
2017-09-08,0.8058017492294312,0.8124268651008606,0.8051788806915283,0.8056005239486694,0
2017-09-11,0.8051530122756958,0.8059316277503967,0.8022462725639343,0.8048030734062195,0
2017-09-12,0.8023750185966492,0.8048872947692871,0.7999359965324402,0.8023750185966492,0
2017-09-13,0.8020082116127014,0.8045052289962769,0.7973718643188477,0.801796019077301,0
2017-09-14,0.797957181930542,0.8016674518585205,0.7959818840026855,0.798180103302002,0
2017-09-15,0.8001792430877686,0.8029419779777527,0.7987794876098633,0.8002817034721375,0
2017-09-18,0.7996801733970642,0.803535521030426,0.7964954376220703,0.7996801733970642,0
2017-09-19,0.7971112728118896,0.8014104962348938,0.7963114976882935,0.7970095872879028,0
2017-09-20,0.8005764484405518,0.8073306083679199,0.8000640273094177,0.8005764484405518,0
2017-09-21,0.8016674518585205,0.8019246459007263,0.7917907238006592,0.8016674518585205,0
2017-09-22,0.7930591702461243,0.7986774444580078,0.7909578084945679,0.7930213809013367,0
2017-09-25,0.7964954376220703,0.7973210215568542,0.7934618592262268,0.7963685393333435,0
2017-09-26,0.7936822772026062,0.7951021790504456,0.7870978713035583,0.7937138080596924,0
2017-09-27,0.7877613306045532,0.7888302206993103,0.7837481498718262,0.7876496315002441,0
2017-09-28,0.785071074962616,0.7857928276062012,0.7800312638282776,0.785071074962616,0
2017-09-29,0.7846275568008423,0.7856076955795288,0.7822278141975403,0.7847322225570679,0
2017-10-02,0.7845598459243774,0.7846214175224304,0.7796055674552917,0.7841415405273438,0
2017-10-03,0.7827175855636597,0.7845598459243774,0.7786949276924133,0.7827298641204834,0
2017-10-04,0.783631443977356,0.7874636054039001,0.7835087180137634,0.7835761904716492,0
2017-10-05,0.7861697673797607,0.786596417427063,0.7795994877815247,0.7862686514854431,0
2017-10-06,0.7790589332580566,0.7799095511436462,0.7734370827674866,0.7791621088981628,0
2017-10-09,0.7779377102851868,0.7782707214355469,0.7748814821243286,0.7778529524803162,0
2017-10-10,0.7759155631065369,0.7797027826309204,0.775861382484436,0.7759095430374146,0
2017-10-11,0.7786524295806885,0.7807376384735107,0.7776049971580505,0.7785130143165588,0
2017-10-12,0.7804573774337769,0.7834227681159973,0.7799946665763855,0.7806401252746582,0
2017-10-13,0.7827788591384888,0.789639949798584,0.7823501825332642,0.7827420830726624,0
2017-10-16,0.7885688543319702,0.7888985872268677,0.7857620120048523,0.7886186838150024,0
2017-10-17,0.7844183444976807,0.7862253189086914,0.781921923160553,0.7845906615257263,0
2017-10-18,0.7851697206497192,0.7857928276062012,0.781921923160553,0.7849971055984497,0
2017-10-19,0.7842522263526917,0.7884569764137268,0.7843137383460999,0.7843198776245117,0
2017-10-20,0.7875069975852966,0.7878978848457336,0.7808839678764343,0.7878109812736511,0
2017-10-23,0.7807010412216187,0.7835148572921753,0.7797088623046875,0.7807010412216187,0
2017-10-24,0.78125,0.7825950980186462,0.7771517634391785,0.781298816204071,0
2017-10-25,0.7775444984436035,0.7786949276924133,0.7692899107933044,0.7776049971580505,0
2017-10-26,0.770790159702301,0.7720219492912292,0.7674597501754761,0.7708317637443542,0
2017-10-27,0.7659724950790405,0.7671064734458923,0.7626717686653137,0.7662423849105835,0
2017-10-30,0.7668123245239258,0.7687281370162964,0.7657026648521423,0.7666360139846802,0
2017-10-31,0.7697636485099792,0.7698229551315308,0.7641112208366394,0.7695267200469971,0
2017-11-01,0.7659900188446045,0.7695978283882141,0.7648827433586121,0.7659372091293335,0
2017-11-02,0.7676953673362732,0.7730364799499512,0.7677484154701233,0.7677484154701233,0
2017-11-03,0.7713906764984131,0.7717240452766418,0.7640703916549683,0.771378755569458,0
2017-11-06,0.7651694416999817,0.7677307724952698,0.7640002965927124,0.7650406956672668,0
2017-11-07,0.768994152545929,0.770048201084137,0.7628812789916992,0.7686986327171326,0
2017-11-08,0.7655092477798462,0.7685213685035706,0.7645260095596313,0.7655619978904724,0
2017-11-09,0.7678722143173218,0.7694082856178284,0.7650290131568909,0.7678722143173218,0
2017-11-10,0.7682615518569946,0.7695385813713074,0.7655677795410156,0.7682615518569946,0
2017-11-13,0.7647013664245605,0.7666947841644287,0.7621951103210449,0.7647013664245605,0
2017-11-14,0.7614986300468445,0.7651109099388123,0.7613595128059387,0.7616146206855774,0
2017-11-15,0.7631257772445679,0.7632830142974854,0.7574610114097595,0.7630675435066223,0
2017-11-17,0.7587311267852783,0.7608034610748291,0.7536363005638123,0.7587253451347351,0
2017-11-20,0.7554011344909668,0.7574036121368408,0.7545404434204102,0.7552984356880188,0
2017-11-21,0.7555723190307617,0.7589787244796753,0.7533013820648193,0.7554525136947632,0
2017-11-22,0.7584893703460693,0.7598784565925598,0.7555780410766602,0.7586102485656738,0
2017-11-23,0.7613826394081116,0.7638835906982422,0.7604389190673828,0.7613826394081116,0
2017-11-24,0.7625671029090881,0.7628929018974304,0.7607686519622803,0.7625322341918945,0
2017-11-27,0.7611972093582153,0.7648183703422546,0.7594283223152161,0.7612667679786682,0
2017-11-28,0.7607165575027466,0.7620208859443665,0.7589211463928223,0.760861337184906,0
2017-11-29,0.7605488300323486,0.7608034610748291,0.7554011344909668,0.7606297731399536,0
2017-11-30,0.7566586136817932,0.7594918012619019,0.7558807134628296,0.756315290927887,0
2017-12-01,0.7563438415527344,0.7638835906982422,0.7558007836341858,0.7564868927001953,0
2017-12-04,0.759013295173645,0.7616726756095886,0.7580409049987793,0.7591285705566406,0
2017-12-05,0.7604100108146667,0.7654623985290527,0.7601672410964966,0.7603984475135803,0
2017-12-06,0.7604620456695557,0.7613826394081116,0.7560293078422546,0.7606876492500305,0
2017-12-07,0.7566872239112854,0.756887674331665,0.7515519857406616,0.756887674331665,0
2017-12-08,0.7512019276618958,0.7532956600189209,0.750221312046051,0.7510326504707336,0
2017-12-11,0.7508071064949036,0.7544892430305481,0.7507394552230835,0.7507789731025696,0
2017-12-12,0.7529497146606445,0.7580926418304443,0.7519927620887756,0.7531254291534424,0
2017-12-13,0.7556580305099487,0.7616146206855774,0.7554582357406616,0.7558178901672363,0
2017-12-14,0.7633005380630493,0.7675774693489075,0.7628987431526184,0.7630908489227295,0
2017-12-15,0.7665008306503296,0.7695267200469971,0.7642922401428223,0.7665596008300781,0
2017-12-18,0.7651109099388123,0.7676953673362732,0.7641521096229553,0.7648183703422546,0
2017-12-19,0.7665772438049316,0.7684032917022705,0.7646428942680359,0.7664303779602051,0
2017-12-20,0.7653451561927795,0.768226146697998,0.7652515172958374,0.7652515172958374,0
2017-12-21,0.767224133014679,0.7704160213470459,0.7654389142990112,0.7672006487846375,0
2017-12-22,0.7707723379135132,0.772320032119751,0.7703685760498047,0.7705941200256348,0
2017-12-25,0.7714858651161194,0.7758553624153137,0.7711883783340454,0.7716049551963806,0
2017-12-26,0.7725587487220764,0.7727975249290466,0.7713668942451477,0.7724990248680115,0
2017-12-27,0.7730425000190735,0.7776049971580505,0.7730364799499512,0.7730484008789062,0
2017-12-28,0.7774840593338013,0.7811279296875,0.7774840593338013,0.7775444984436035,0
2017-12-29,0.7794293165206909,0.7825950980186462,0.7789981961250305,0.77948397397995,0
2018-01-01,0.7802137732505798,0.7814942002296448,0.7801529169082642,0.7807010412216187,0
2018-01-02,0.7801042199134827,0.7846214175224304,0.7800312638282776,0.7800312638282776,0
2018-01-03,0.783392071723938,0.7844982743263245,0.780579149723053,0.7832693457603455,0
2018-01-04,0.7828401327133179,0.7862809300422668,0.7815369367599487,0.782901406288147,0
2018-01-05,0.7863799333572388,0.7870917320251465,0.7835885286331177,0.7863922119140625,0
2018-01-08,0.786101758480072,0.7872528433799744,0.7828401327133179,0.7861635684967041,0
2018-01-09,0.7848061919212341,0.7864912748336792,0.780829131603241,0.7844982743263245,0
2018-01-10,0.7810669541358948,0.7866582870483398,0.7809327840805054,0.7811523675918579,0
2018-01-11,0.7847322225570679,0.7887057662010193,0.783944845199585,0.7847076654434204,0
2018-01-12,0.7885813117027283,0.790320098400116,0.7848677635192871,0.7885813117027283,0
2018-01-15,0.7908889651298523,0.7978935837745667,0.7908889651298523,0.7908889651298523,0
2018-01-16,0.7962924242019653,0.7977026104927063,0.79377681016922,0.7960516214370728,0
2018-01-17,0.797130286693573,0.7998976111412048,0.7941297888755798,0.7972574234008789,0
2018-01-18,0.7972510457038879,0.8007045984268188,0.7942811846733093,0.7971621155738831,0
2018-01-19,0.8005764484405518,0.8039877414703369,0.7993988990783691,0.8006918430328369,0
2018-01-22,0.8002112507820129,0.802890419960022,0.7979381680488586,0.8001920580863953,0
2018-01-23,0.8008328676223755,0.8030193448066711,0.7956968545913696,0.800819993019104,0
2018-01-24,0.8004482388496399,0.8082767128944397,0.799424409866333,0.8003841638565063,0
2018-01-25,0.8048937320709229,0.8120178580284119,0.8051205277442932,0.8051205277442932,0
2018-01-26,0.8029226064682007,0.8108327388763428,0.8026068806648254,0.8030193448066711,0
2018-01-29,0.8116883039474487,0.8118201494216919,0.8075587749481201,0.8116026520729065,0
2018-01-30,0.8095985651016235,0.8112998008728027,0.8043822646141052,0.8096969127655029,0
2018-01-31,0.8101101517677307,0.8116224408149719,0.8046929836273193,0.8097821474075317,0
2018-02-01,0.806126594543457,0.8067118525505066,0.7989134788513184,0.8061915636062622,0
2018-02-02,0.8040524125099182,0.8041170835494995,0.7922046780586243,0.8041170835494995,0
2018-02-05,0.7906388640403748,0.7954373955726624,0.7903888821601868,0.7906700968742371,0
2018-02-06,0.7874636054039001,0.7890791296958923,0.7836376428604126,0.7876372933387756,0
2018-02-07,0.7893905639648438,0.7907763719558716,0.7839078903198242,0.7892783880233765,0
2018-02-08,0.7817386388778687,0.7843752503395081,0.7784523963928223,0.7817386388778687,0
2018-02-09,0.7787495255470276,0.783011794090271,0.7760360240936279,0.7785736322402954,0
2018-02-12,0.7820197939872742,0.784510612487793,0.781115710735321,0.7819830775260925,0
2018-02-13,0.7859163880348206,0.787587583065033,0.7830975651741028,0.785749614238739,0
2018-02-14,0.786101758480072,0.789016842842102,0.7775444984436035,0.7861387729644775,0
2018-02-15,0.7928327918052673,0.7966857552528381,0.7893283367156982,0.7929584980010986,0
2018-02-16,0.7943821549415588,0.7989773154258728,0.7904513478279114,0.7947230935096741,0
2018-02-19,0.7912018299102783,0.7937138080596924,0.7900017499923706,0.7912080883979797,0
2018-02-20,0.7908889651298523,0.7931472063064575,0.7881028056144714,0.7909515500068665,0
2018-02-21,0.7880903482437134,0.7898269891738892,0.7830608487129211,0.7880903482437134,0
2018-02-22,0.7798426151275635,0.7859781384468079,0.779119610786438,0.7797574996948242,0
2018-02-23,0.7839509844779968,0.7843752503395081,0.7806401252746582,0.7838219404220581,0
2018-02-26,0.7838403582572937,0.7890791296958923,0.7828217148780823,0.783944845199585,0
2018-02-27,0.7849909663200378,0.7869058847427368,0.7796176671981812,0.7849909663200378,0
2018-02-28,0.7793624997138977,0.7821054458618164,0.7783312201499939,0.7790406942367554,0
2018-03-01,0.7765783667564392,0.7766990065574646,0.7713668942451477,0.77619868516922,0
2018-03-02,0.776469886302948,0.7774236798286438,0.7738141417503357,0.77655428647995,0
2018-03-05,0.7754703164100647,0.7771215438842773,0.7726781368255615,0.7756086587905884,0
2018-03-06,0.7766990065574646,0.784067690372467,0.7757229804992676,0.7766507863998413,0
2018-03-07,0.7786343097686768,0.7829811573028564,0.7773028016090393,0.7786343097686768,0
2018-03-08,0.7827115058898926,0.7838219404220581,0.7777259349822998,0.7829627394676208,0
2018-03-09,0.7790589332580566,0.7852992415428162,0.7777682542800903,0.7789981961250305,0
2018-03-12,0.7862686514854431,0.7880220413208008,0.785582959651947,0.7862871289253235,0
2018-03-13,0.7872899770736694,0.789889395236969,0.7859596014022827,0.7872775793075562,0
2018-03-14,0.7857990264892578,0.791702926158905,0.7857311367988586,0.7859781384468079,0
2018-03-15,0.7879785895347595,0.7885813117027283,0.7810059189796448,0.7881711721420288,0
2018-03-16,0.7789375185966492,0.780579149723053,0.7719683051109314,0.7790589332580566,0
2018-03-19,0.7716049551963806,0.7722008228302002,0.768757700920105,0.77154541015625,0
2018-03-20,0.7708317637443542,0.7720815539360046,0.7683442234992981,0.7710159420967102,0
2018-03-21,0.7690532803535461,0.7713074088096619,0.7673419117927551,0.768994152545929,0
2018-03-22,0.777478039264679,0.7781980037689209,0.7690710425376892,0.7777259349822998,0
2018-03-23,0.7693490982055664,0.7742934823036194,0.7696393132209778,0.7698229551315308,0
2018-03-26,0.7708614468574524,0.7747973799705505,0.7711288928985596,0.7713074088096619,0
2018-03-27,0.7756146788597107,0.7759155631065369,0.7697873711585999,0.7755124568939209,0
2018-03-28,0.768757700920105,0.7704753875732422,0.7654623985290527,0.7687221765518188,0
2018-03-29,0.766007661819458,0.7688758969306946,0.7643506526947021,0.7662013173103333,0
2018-03-30,0.768580436706543,0.7709506154060364,0.7674420475959778,0.7686808705329895,0
2018-04-02,0.768302857875824,0.7695741057395935,0.7653979063034058,0.7683678269386292,0
2018-04-03,0.7654623985290527,0.7707723379135132,0.7653627395629883,0.7654037475585938,0
2018-04-04,0.768202543258667,0.7717240452766418,0.766348123550415,0.768226146697998,0
2018-04-05,0.7719981074333191,0.7724990248680115,0.7676364183425903,0.7720219492912292,0
2018-04-06,0.7668300271034241,0.7699295878410339,0.7667535543441772,0.7671476602554321,0
2018-04-09,0.768226146697998,0.7708911895751953,0.7652866244316101,0.7679017186164856,0
2018-04-10,0.7699592709541321,0.776469886302948,0.7694082856178284,0.7700007557868958,0
2018-04-11,0.7763975262641907,0.7774236798286438,0.774053692817688,0.7763372659683228,0
2018-04-12,0.7765181064605713,0.7773028016090393,0.7739937901496887,0.7763372659683228,0
2018-04-13,0.7757349610328674,0.7811279296875,0.7760360240936279,0.7761203050613403,0
2018-04-16,0.7774477601051331,0.7782888412475586,0.7753741145133972,0.7773088216781616,0
2018-04-17,0.7772907018661499,0.7791802883148193,0.7760962843894958,0.7774236798286438,0
2018-04-18,0.7766990065574646,0.7797271013259888,0.7745933532714844,0.7767894864082336,0
2018-04-19,0.778889000415802,0.7814942002296448,0.7748334407806396,0.7788768410682678,0
2018-04-20,0.7723379135131836,0.7727975249290466,0.7655912637710571,0.7720815539360046,0
2018-04-23,0.7659900188446045,0.7685213685035706,0.7609770894050598,0.765960693359375,0
2018-04-24,0.7603406310081482,0.7623113393783569,0.7582650780677795,0.7603002190589905,0
2018-04-25,0.7606297731399536,0.7604389190673828,0.7553440928459167,0.7604389190673828,0
2018-04-26,0.7571169137954712,0.7591285705566406,0.7548308968544006,0.7568590641021729,0
2018-04-27,0.7556865215301514,0.7573003768920898,0.7532956600189209,0.7556865215301514,0
2018-04-30,0.7575184106826782,0.7582076191902161,0.7536363005638123,0.7572888731956482,0
2018-05-01,0.7532389163970947,0.7546600699424744,0.747439980506897,0.7532843351364136,0
2018-05-02,0.7482901811599731,0.7529553771018982,0.7477194666862488,0.7485030293464661,0
2018-05-03,0.7486711144447327,0.7542616128921509,0.7486711144447327,0.7487271428108215,0
2018-05-04,0.7528419494628906,0.756315290927887,0.7493443489074707,0.7529553771018982,0
2018-05-07,0.7524227499961853,0.7544892430305481,0.7494004368782043,0.7526719570159912,0
2018-05-08,0.7518796920776367,0.752785325050354,0.7434778809547424,0.7518796920776367,0
2018-05-09,0.7449344992637634,0.7471886873245239,0.7413997650146484,0.7444908022880554,0
2018-05-10,0.7459346652030945,0.7531821727752686,0.7456009387969971,0.7461016178131104,0
2018-05-11,0.7526153922080994,0.7565441131591797,0.7523888349533081,0.752558708190918,0
2018-05-14,0.7551102638244629,0.7565441131591797,0.7543753385543823,0.7551158666610718,0
2018-05-15,0.7525983452796936,0.7536931037902832,0.7449400424957275,0.7527286410331726,0
2018-05-16,0.7468482851982117,0.7518231272697449,0.7448511719703674,0.7468482851982117,0
2018-05-17,0.7517666816711426,0.7548878788948059,0.7499681115150452,0.7517101764678955,0
2018-05-18,0.7506380081176758,0.752785325050354,0.7489514946937561,0.750457763671875,0
2018-05-21,0.752428412437439,0.7571169137954712,0.7503564357757568,0.7522190809249878,0
2018-05-22,0.7582650780677795,0.7605488300323486,0.7573462724685669,0.7580696940422058,0
2018-05-23,0.7578915357589722,0.7583225965499878,0.7523322105407715,0.7579776644706726,0
2018-05-24,0.7567158937454224,0.7574036121368408,0.7543753385543823,0.7566013336181641,0
2018-05-25,0.7571971416473389,0.7591285705566406,0.7550589442253113,0.7570022940635681,0
2018-05-28,0.7556865215301514,0.7582076191902161,0.7545461654663086,0.7556865215301514,0
2018-05-29,0.7547739148139954,0.7554011344909668,0.7510213851928711,0.7546600699424744,0
2018-05-30,0.7481670379638672,0.7574610114097595,0.7483349442481995,0.7484470009803772,0
2018-05-31,0.7571169137954712,0.7593014240264893,0.7553896903991699,0.7572086453437805,0
2018-06-01,0.7562122941017151,0.7569106221199036,0.7519361972808838,0.7561436891555786,0
2018-06-04,0.7568819522857666,0.7666419148445129,0.7569220066070557,0.7569220066070557,0
2018-06-05,0.7654037475585938,0.7655795216560364,0.7595494389533997,0.7652866244316101,0
2018-06-06,0.7624624371528625,0.7678132653236389,0.762427568435669,0.7624857425689697,0
2018-06-07,0.7665772438049316,0.767283022403717,0.7627764940261841,0.7663422226905823,0
2018-06-08,0.761440634727478,0.7627183198928833,0.7561436891555786,0.7614580392837524,0
2018-06-11,0.7601903676986694,0.7622532248497009,0.7596302032470703,0.7602018713951111,0
2018-06-12,0.7604620456695557,0.7624857425689697,0.7586677670478821,0.7604793906211853,0
2018-06-13,0.7575757503509521,0.7610929608345032,0.755743682384491,0.7574036121368408,0
2018-06-14,0.7570710182189941,0.7575184106826782,0.7510326504707336,0.7568303942680359,0
2018-06-15,0.7465472221374512,0.7479991316795349,0.7446514964103699,0.7465025782585144,0
2018-06-18,0.743992269039154,0.7454341650009155,0.7417847514152527,0.7439700961112976,0
2018-06-19,0.7403568625450134,0.7425559163093567,0.7348618507385254,0.7405213713645935,0
2018-06-20,0.738825261592865,0.7409054040908813,0.7370609045028687,0.7390982508659363,0
2018-06-21,0.7374087572097778,0.7392075657844543,0.7346459031105042,0.7371912598609924,0
2018-06-22,0.7378984093666077,0.7442137002944946,0.7377079129219055,0.7377895712852478,0
2018-06-25,0.743837296962738,0.7441030144691467,0.7398474812507629,0.7438262104988098,0
2018-06-26,0.7409602999687195,0.7425007820129395,0.7382253408432007,0.7409054040908813,0
2018-06-27,0.7391692996025085,0.7407627105712891,0.7362686395645142,0.7390982508659363,0
2018-06-28,0.7343222498893738,0.7363227605819702,0.733030378818512,0.7341874241828918,0
2018-06-29,0.7346459031105042,0.7401924729347229,0.7336218357086182,0.7346999049186707,0
2018-07-02,0.7398638129234314,0.73991858959198,0.7313148975372314,0.7398638129234314,0
2018-07-03,0.7338911294937134,0.740411639213562,0.7317215800285339,0.7338372468948364,0
2018-07-04,0.7378440499305725,0.742225170135498,0.7375718951225281,0.7378440499305725,0
2018-07-05,0.7381708025932312,0.7408505082130432,0.7362794280052185,0.7378440499305725,0
2018-07-06,0.738661527633667,0.7444021105766296,0.7377895712852478,0.7387160658836365,0
2018-07-09,0.7436326146125793,0.748407781124115,0.7436050176620483,0.7436050176620483,0
2018-07-10,0.7470491528511047,0.7483909726142883,0.7431076765060425,0.7470491528511047,0
2018-07-11,0.7413997650146484,0.7429088950157166,0.7383888363838196,0.7417517304420471,0
2018-07-12,0.7365885972976685,0.741960883140564,0.7361927032470703,0.7365397214889526,0
2018-07-13,0.7406858801841736,0.7422802448272705,0.7369197010993958,0.7407023310661316,0
2018-07-16,0.7421150207519531,0.7443245053291321,0.7410426735877991,0.74187833070755,0
2018-07-17,0.7414712309837341,0.7438262104988098,0.7387160658836365,0.7413997650146484,0
2018-07-18,0.7377406358718872,0.7396066784858704,0.7344193458557129,0.7378984093666077,0
2018-07-19,0.7398912310600281,0.743992269039154,0.7324182987213135,0.7401924729347229,0
2018-07-20,0.7362794280052185,0.7422802448272705,0.7320643663406372,0.7363227605819702,0
2018-07-23,0.7433009743690491,0.7435276508331299,0.7376589179039001,0.7433120608329773,0
2018-07-24,0.7380073666572571,0.7433839440345764,0.7361276745796204,0.7380073666572571,0
2018-07-25,0.7426220178604126,0.7440476417541504,0.7392622232437134,0.742710292339325,0
2018-07-26,0.7459402084350586,0.7463800311088562,0.7379528880119324,0.7460459470748901,0
2018-07-27,0.7380073666572571,0.7416197061538696,0.7370609045028687,0.7383342981338501,0
2018-07-30,0.7400829195976257,0.7413997650146484,0.7387324571609497,0.7400281429290771,0
2018-07-31,0.7407297492027283,0.7442137002944946,0.740460991859436,0.7409383058547974,0
2018-08-01,0.7419498562812805,0.7425007820129395,0.7399295568466187,0.741850733757019,0
2018-08-02,0.7405816912651062,0.741020679473877,0.735640287399292,0.7405816912651062,0
2018-08-03,0.7360084652900696,0.7411249876022339,0.7348780632019043,0.7359814047813416,0
2018-08-06,0.7395902872085571,0.7405762076377869,0.7375718951225281,0.7394425868988037,0
2018-08-07,0.738552451133728,0.7441030144691467,0.7384979128837585,0.7386069893836975,0
2018-08-08,0.7424456477165222,0.7436050176620483,0.7384924292564392,0.7426109910011292,0
2018-08-09,0.7427765130996704,0.745323121547699,0.7392895221710205,0.742660641670227,0
2018-08-10,0.7372456192970276,0.7376807332038879,0.7285444140434265,0.7373543977737427,0
2018-08-13,0.7288098335266113,0.7292882204055786,0.726332426071167,0.7287620306015015,0
2018-08-14,0.7267969846725464,0.7283851504325867,0.7237879633903503,0.726422131061554,0
2018-08-15,0.7235890030860901,0.7237984538078308,0.7203054428100586,0.7237984538078308,0
2018-08-16,0.7233691811561584,0.7287036180496216,0.7228044867515564,0.7236937284469604,0
2018-08-17,0.7259528040885925,0.7290223836898804,0.7255314588546753,0.7261109352111816,0
2018-08-20,0.7308178544044495,0.7318500876426697,0.72965008020401,0.7308873534202576,0
2018-08-21,0.7336488366127014,0.736594021320343,0.7334389090538025,0.7336218357086182,0
2018-08-22,0.7359814047813416,0.7365397214889526,0.7335143089294434,0.7361981272697449,0
2018-08-23,0.7332990765571594,0.733406662940979,0.7262691855430603,0.733406662940979,0
2018-08-24,0.7243227958679199,0.7344300746917725,0.7238980531692505,0.7244277596473694,0
2018-08-27,0.7344084978103638,0.7350239157676697,0.7308873534202576,0.734268307685852,0
2018-08-28,0.7348618507385254,0.7363770008087158,0.7322573661804199,0.7349698543548584,0
2018-08-29,0.7341066002845764,0.7350779175758362,0.7276961207389832,0.7346999049186707,0
2018-08-30,0.7311919331550598,0.7311117649078369,0.7261900305747986,0.7311117649078369,0
2018-08-31,0.7261636853218079,0.7264801859855652,0.7190106511116028,0.7261636853218079,0
2018-09-03,0.7193209528923035,0.7223867774009705,0.7170000672340393,0.7189124226570129,0
2018-09-04,0.7208245992660522,0.7235890030860901,0.7159323692321777,0.72061687707901,0
2018-09-05,0.718339204788208,0.7218131422996521,0.714796245098114,0.71854567527771,0
2018-09-06,0.719610869884491,0.721084475517273,0.7167431116104126,0.7196160554885864,0
2018-09-07,0.719062328338623,0.7192381620407104,0.7128092050552368,0.719062328338623,0
2018-09-10,0.7117944359779358,0.7134194374084473,0.7099902629852295,0.7113893628120422,0
2018-09-11,0.7109847068786621,0.7130124568939209,0.7086167335510254,0.710883617401123,0
2018-09-12,0.7110706567764282,0.7180812358856201,0.7094210982322693,0.711186945438385,0
2018-09-13,0.7170617580413818,0.7230135202407837,0.7168510556221008,0.7170514464378357,0
2018-09-14,0.7188039422035217,0.7217090129852295,0.7171286344528198,0.7187005877494812,0
2018-09-17,0.7145919799804688,0.7197351455688477,0.7142601609230042,0.7142601609230042,0
2018-09-18,0.7145919799804688,0.7221259474754333,0.7144898176193237,0.7144898176193237,0
2018-09-19,0.7226007580757141,0.7274314761161804,0.7215006947517395,0.7224911451339722,0
2018-09-20,0.7259528040885925,0.7290223836898804,0.72552090883255,0.7259475588798523,0
2018-09-21,0.7286505103111267,0.7303001284599304,0.7265488505363464,0.7287036180496216,0
2018-09-24,0.7278549671173096,0.7282790541648865,0.7253209352493286,0.7280139923095703,0
2018-09-25,0.7253209352493286,0.726374626159668,0.7236937284469604,0.7252578735351562,0
2018-09-26,0.7249003052711487,0.7284913063049316,0.7241129279136658,0.7248477339744568,0
2018-09-27,0.725789487361908,0.7269026637077332,0.7210325598716736,0.7255314588546753,0
2018-09-28,0.7205129861831665,0.7242178320884705,0.7204610705375671,0.7205804586410522,0
2018-10-01,0.7223920226097107,0.7228044867515564,0.7207674384117126,0.7222980856895447,0
2018-10-02,0.7228567600250244,0.7237460613250732,0.7163323760032654,0.7228097319602966,0
2018-10-03,0.7187522649765015,0.7195797562599182,0.7135721445083618,0.7187005877494812,0
2018-10-04,0.7096225023269653,0.7102777361869812,0.7066688537597656,0.7096678018569946,0
2018-10-05,0.7080999612808228,0.7086619734764099,0.7047911882400513,0.70806485414505,0
2018-10-08,0.7052882313728333,0.7078142762184143,0.7043097019195557,0.7054175734519958,0
2018-10-09,0.7073636651039124,0.7096225023269653,0.7054673433303833,0.707313597202301,0
2018-10-10,0.7114905714988708,0.7132158875465393,0.708817720413208,0.7113792300224304,0
2018-10-11,0.7064142823219299,0.7128092050552368,0.7060650587081909,0.7065140604972839,0
2018-10-12,0.7124537229537964,0.7138421535491943,0.7112021446228027,0.7124384641647339,0
2018-10-15,0.710782527923584,0.7147452235221863,0.7099247574806213,0.7106714248657227,0
2018-10-16,0.713541567325592,0.7151541113853455,0.7113184928894043,0.7137249112129211,0
2018-10-17,0.7139134407043457,0.7159681916236877,0.7112375497817993,0.7139797210693359,0
2018-10-18,0.7111009955406189,0.7152052521705627,0.711085855960846,0.711085855960846,0
2018-10-19,0.709723174571991,0.7150007486343384,0.7091091871261597,0.709551990032196,0
2018-10-22,0.7113286256790161,0.7126059532165527,0.7084159851074219,0.7115918397903442,0
2018-10-23,0.7072685956954956,0.7091192603111267,0.7056117653846741,0.7071635127067566,0
2018-10-24,0.7091192603111267,0.710782527923584,0.7068636417388916,0.7093104124069214,0
2018-10-25,0.7062994837760925,0.7100255489349365,0.7057660818099976,0.7063144445419312,0
2018-10-26,0.7081149816513062,0.7089182138442993,0.7021978497505188,0.7079395651817322,0
2018-10-29,0.709773600101471,0.710888683795929,0.7073986530303955,0.7097585201263428,0
2018-10-30,0.7063294053077698,0.7120478749275208,0.7059604525566101,0.7064142823219299,0
2018-10-31,0.7099247574806213,0.7106209397315979,0.7074637413024902,0.7099196910858154,0
2018-11-01,0.7083156108856201,0.7209805250167847,0.7080799341201782,0.7083156108856201,0
2018-11-02,0.7205129861831665,0.7259001135826111,0.7193726897239685,0.7204506993293762,0
2018-11-05,0.7198283672332764,0.7218131422996521,0.7183908224105835,0.7198076248168945,0
2018-11-06,0.7212925553321838,0.7240604758262634,0.7206895351409912,0.7212405204772949,0
2018-11-07,0.7243595123291016,0.7301934957504272,0.7214486598968506,0.7242597937583923,0
2018-11-08,0.7275902032852173,0.7300922274589539,0.7265593409538269,0.727569043636322,0
2018-11-09,0.7266808152198792,0.7271140813827515,0.7224389910697937,0.7265858054161072,0
2018-11-12,0.7226999998092651,0.7239032983779907,0.7188555598258972,0.7227104902267456,0
2018-11-13,0.7175660133361816,0.7223345637321472,0.716589093208313,0.7173600792884827,0
2018-11-14,0.7231390476226807,0.7237879633903503,0.7189072370529175,0.7231180667877197,0
2018-11-15,0.7234842777252197,0.7297672033309937,0.7233691811561584,0.7234319448471069,0
2018-11-16,0.7271669507026672,0.7319893836975098,0.7250895500183105,0.7271881103515625,0
2018-11-19,0.7317965626716614,0.7327080965042114,0.7286877036094666,0.7320108413696289,0
2018-11-20,0.7295010089874268,0.7301934957504272,0.7233116030693054,0.7296713590621948,0
2018-11-21,0.7216569185256958,0.727802038192749,0.721084475517273,0.7217194437980652,0
2018-11-22,0.7262164354324341,0.7270084023475647,0.7235994935035706,0.7262216806411743,0
2018-11-23,0.725021243095398,0.7256894111633301,0.722000777721405,0.7251631617546082,0
2018-11-26,0.7233796119689941,0.7276961207389832,0.7225955128669739,0.7233272790908813,0
2018-11-27,0.7223502397537231,0.7269555330276489,0.7205129861831665,0.7224911451339722,0
2018-11-28,0.7229612469673157,0.7249003052711487,0.7222615480422974,0.7229194045066833,0
2018-11-29,0.7302521467208862,0.7344840168952942,0.7295914888381958,0.7305135726928711,0
2018-11-30,0.7321876883506775,0.7327080965042114,0.7285974621772766,0.7322788834571838,0
2018-12-03,0.7373108863830566,0.7393168807029724,0.7349158525466919,0.7373543977737427,0
2018-12-04,0.7356890439987183,0.7393168807029724,0.7349482178688049,0.7355645298957825,0
2018-12-05,0.7345919609069824,0.7355104684829712,0.7260476350784302,0.7346999049186707,0
2018-12-06,0.7266386151313782,0.726374626159668,0.7194193005561829,0.726374626159668,0
2018-12-07,0.7231180667877197,0.7241129279136658,0.7206479907035828,0.7234005928039551,0
2018-12-10,0.7184939980506897,0.7228044867515564,0.7181276679039001,0.7183598279953003,0
2018-12-11,0.7190985083580017,0.7226999998092651,0.7185972929000854,0.7193209528923035,0
2018-12-12,0.7212925553321838,0.7233168482780457,0.7203054428100586,0.721308171749115,0
2018-12-13,0.7221259474754333,0.7246901988983154,0.7212925553321838,0.7213966250419617,0
2018-12-14,0.7224911451339722,0.7228515148162842,0.71529221534729,0.7222301959991455,0
2018-12-17,0.7175660133361816,0.7187315821647644,0.7170000672340393,0.7175660133361816,0
2018-12-18,0.7177205085754395,0.72061687707901,0.7171388864517212,0.7179781794548035,0
2018-12-19,0.7188039422035217,0.7202016711235046,0.71708744764328,0.718989908695221,0
2018-12-20,0.7113893628120422,0.7149393558502197,0.7087172269821167,0.7113589644432068,0
2018-12-21,0.7115918397903442,0.7123014330863953,0.7072135806083679,0.7117944359779358,0
2018-12-24,0.7050197124481201,0.7070136070251465,0.7045577764511108,0.7049004435539246,0
2018-12-25,0.7052186131477356,0.707764208316803,0.7036307454109192,0.7047712802886963,0
2018-12-26,0.7046124339103699,0.7072135806083679,0.7033288478851318,0.7049203515052795,0
2018-12-27,0.7074787616729736,0.707764208316803,0.7018036246299744,0.7072886228561401,0
2018-12-28,0.7035317420959473,0.7069135904312134,0.7030915021896362,0.7034327387809753,0
2018-12-31,0.7044734358787537,0.707313597202301,0.7036307454109192,0.7043245434761047,0
2019-01-01,0.7041757702827454,0.7110353112220764,0.7015082240104675,0.7041757702827454,0
2019-01-02,0.7047911882400513,0.704820990562439,0.6984703540802002,0.7047216296195984,0
2019-01-03,0.6918978691101074,0.7019514441490173,0.6919457912445068,0.6920079588890076,0
2019-01-04,0.7006235718727112,0.7112375497817993,0.6994963884353638,0.700721800327301,0
2019-01-07,0.7123776078224182,0.7143877744674683,0.711551308631897,0.7126059532165527,0
2019-01-08,0.7145919799804688,0.715103030204773,0.7117893695831299,0.7146021723747253,0
2019-01-09,0.7163323760032654,0.7194244861602783,0.7143877744674683,0.7162297964096069,0
2019-01-10,0.7175660133361816,0.7197869420051575,0.7146430611610413,0.7176483869552612,0
2019-01-11,0.7187005877494812,0.7234842777252197,0.7182875871658325,0.719062328338623,0
2019-01-14,0.7205129861831665,0.7217194437980652,0.7177205085754395,0.7203054428100586,0
2019-01-15,0.7199423909187317,0.7225955128669739,0.7185404896736145,0.7201083302497864,0
2019-01-16,0.7207674384117126,0.721188485622406,0.7162810564041138,0.7206687927246094,0
2019-01-17,0.7173087000846863,0.7176175117492676,0.7147452235221863,0.7169898152351379,0
2019-01-18,0.7190313339233398,0.7205129861831665,0.7168458700180054,0.7191140651702881,0
2019-01-21,0.716383695602417,0.717875063419342,0.7140613198280334,0.7163323760032654,0
2019-01-22,0.7158913612365723,0.7160758972167969,0.7122507095336914,0.7159220576286316,0
2019-01-23,0.7122101187705994,0.7145919799804688,0.7120478749275208,0.7121492624282837,0
2019-01-24,0.714796245098114,0.7166917324066162,0.7085666060447693,0.7147400975227356,0
2019-01-25,0.7091192603111267,0.7177205085754395,0.7076990604400635,0.7089182138442993,0
2019-01-28,0.7179421186447144,0.72061687707901,0.7164350152015686,0.7179781794548035,0
2019-01-29,0.7165992856025696,0.7176175117492676,0.7139593362808228,0.7165992856025696,0
2019-01-30,0.7159220576286316,0.72061687707901,0.715103030204773,0.7158196568489075,0
2019-01-31,0.7254682779312134,0.7294797301292419,0.7246901988983154,0.7253788113594055,0
2019-02-01,0.7271669507026672,0.7283851504325867,0.7236937284469604,0.727219820022583,0
2019-02-04,0.7249003052711487,0.725426197052002,0.721188485622406,0.7249581217765808,0
2019-02-05,0.7214018106460571,0.7266914248466492,0.7195487022399902,0.7214174270629883,0
2019-02-06,0.7243752479553223,0.7247952818870544,0.7122710347175598,0.7243752479553223,0
2019-02-07,0.7109948396682739,0.7119971513748169,0.7091695666313171,0.7112830877304077,0
2019-02-08,0.709541916847229,0.7101768255233765,0.7061149477958679,0.7094311714172363,0
2019-02-11,0.7101768255233765,0.7107522487640381,0.7060650587081909,0.7100104689598083,0
2019-02-12,0.7063493728637695,0.7099247574806213,0.705566942691803,0.7064142823219299,0
2019-02-13,0.7104795575141907,0.7136739492416382,0.709270179271698,0.7102777361869812,0
2019-02-14,0.7092198729515076,0.7133176326751709,0.7079645991325378,0.7091394066810608,0
2019-02-15,0.710328221321106,0.7125044465065002,0.7081601619720459,0.7104392051696777,0
2019-02-18,0.7145408987998962,0.7160758972167969,0.712550163269043,0.714459240436554,0
2019-02-19,0.7132158875465393,0.7150007486343384,0.7104290723800659,0.7130632996559143,0
2019-02-20,0.7166917324066162,0.7179318070411682,0.7142347097396851,0.7168973088264465,0
2019-02-21,0.7170000672340393,0.7208765745162964,0.7077391147613525,0.7171028852462769,0
2019-02-22,0.710883617401123,0.7141836881637573,0.7085163593292236,0.7107118368148804,0
2019-02-25,0.7159220576286316,0.718442440032959,0.7135212421417236,0.7155993580818176,0
2019-02-26,0.7174115777015686,0.7184939980506897,0.7142347097396851,0.7173087000846863,0
2019-02-27,0.719398558139801,0.7196833491325378,0.7129616141319275,0.7194296717643738,0
2019-02-28,0.7148473858833313,0.7165787816047668,0.709723174571991,0.7145919799804688,0
2019-03-01,0.7102777361869812,0.7124029397964478,0.7079645991325378,0.7100205421447754,0
2019-03-04,0.7100305557250977,0.7100759744644165,0.7076139450073242,0.7099247574806213,0
2019-03-05,0.7092198729515076,0.7092198729515076,0.7060152888298035,0.7091192603111267,0
2019-03-06,0.7087423801422119,0.7091594934463501,0.7022520899772644,0.7088679671287537,0
2019-03-07,0.7034822702407837,0.7053181529045105,0.7023606300354004,0.7032843232154846,0
2019-03-08,0.7023458480834961,0.7053181529045105,0.7003880143165588,0.7022176384925842,0
2019-03-11,0.7039278745651245,0.7067137956619263,0.7027110457420349,0.7036901712417603,0
2019-03-12,0.7073386311531067,0.7093204259872437,0.706189751625061,0.7071986198425293,0
2019-03-13,0.7064142823219299,0.7088679671287537,0.7050197124481201,0.7063144445419312,0
2019-03-14,0.7087172269821167,0.7087172269821167,0.7042253613471985,0.7086318135261536,0
2019-03-15,0.706813633441925,0.709723174571991,0.706763744354248,0.7069635987281799,0
2019-03-18,0.7082905769348145,0.7121999859809875,0.7063643336296082,0.7084159851074219,0
2019-03-19,0.7099751830101013,0.7113893628120422,0.7092801928520203,0.7098188996315002,0
2019-03-20,0.7089684009552002,0.7103786468505859,0.7058209180831909,0.708817720413208,0
2019-03-21,0.7135212421417236,0.716794490814209,0.7103180885314941,0.7136231064796448,0
2019-03-22,0.710782527923584,0.7115918397903442,0.7076289653778076,0.710782527923584,0
2019-03-25,0.7083156108856201,0.7117944359779358,0.7066138982772827,0.7080898880958557,0
2019-03-26,0.7116121053695679,0.714796245098114,0.7113893628120422,0.7113893628120422,0
2019-03-27,0.713699460029602,0.7139797210693359,0.7069635987281799,0.7137249112129211,0
2019-03-28,0.7084510922431946,0.710782527923584,0.7071635127067566,0.7079144716262817,0
2019-03-29,0.7083156108856201,0.7104795575141907,0.707679033279419,0.7082654237747192,0
2019-04-01,0.7113893628120422,0.7132158875465393,0.7109341621398926,0.7113387584686279,0
2019-04-02,0.710989773273468,0.7115918397903442,0.7054175734519958,0.711085855960846,0
2019-04-03,0.7058408260345459,0.7127075791358948,0.7055171132087708,0.7056167125701904,0
2019-04-04,0.7117488384246826,0.7129108309745789,0.7098743319511414,0.7117944359779358,0
2019-04-05,0.7110353112220764,0.7132158875465393,0.7093104124069214,0.7109847068786621,0
2019-04-08,0.7101768255233765,0.7129108309745789,0.7088679671287537,0.7101768255233765,0
2019-04-09,0.7121593952178955,0.7155122756958008,0.7121492624282837,0.7121492624282837,0
2019-04-10,0.7129108309745789,0.7160297632217407,0.7110605239868164,0.712839663028717,0
2019-04-11,0.7166917324066162,0.7168973088264465,0.7126314043998718,0.716589093208313,0
2019-04-12,0.7122507095336914,0.7192174792289734,0.7116677761077881,0.7120985388755798,0
2019-04-15,0.7173087000846863,0.7181999087333679,0.7164812088012695,0.7174115777015686,0
2019-04-16,0.7176175117492676,0.7180812358856201,0.7140816450119019,0.7176175117492676,0
2019-04-17,0.7164915204048157,0.7205649614334106,0.7157222628593445,0.7164812088012695,0
2019-04-18,0.7174115777015686,0.7194193005561829,0.7147452235221863,0.7174013257026672,0
2019-04-19,0.714796245098114,0.7161784768104553,0.7145919799804688,0.7147298455238342,0
2019-04-22,0.715103030204773,0.7152052521705627,0.7129006385803223,0.714796245098114,0
2019-04-23,0.7137249112129211,0.7134194374084473,0.708165168762207,0.7130632996559143,0
2019-04-24,0.7096678018569946,0.7099298238754272,0.7022964954376221,0.7097181677818298,0
2019-04-25,0.7014589905738831,0.7024939060211182,0.6990073919296265,0.7013606429100037,0
2019-04-26,0.7017790079116821,0.7060800194740295,0.7008199691772461,0.7017051577568054,0
2019-04-29,0.7044287323951721,0.7064142823219299,0.7039774656295776,0.7045230269432068,0
2019-04-30,0.7055171132087708,0.706763744354248,0.7032595872879028,0.7054823040962219,0
2019-05-01,0.705129086971283,0.7064142823219299,0.7035911083221436,0.7048706412315369,0
2019-05-02,0.7014589905738831,0.7029876708984375,0.6995893716812134,0.701311469078064,0
2019-05-03,0.6995453238487244,0.7024939060211182,0.6987290382385254,0.699349582195282,0
2019-05-06,0.69733065366745,0.7000986933708191,0.6963497400283813,0.6972576975822449,0
2019-05-07,0.6992518305778503,0.7048706412315369,0.6989585757255554,0.6994474530220032,0
2019-05-08,0.7008494734764099,0.7026913166046143,0.6995453238487244,0.7008494734764099,0
2019-05-09,0.6994963884353638,0.699594259262085,0.6965388655662537,0.6992420554161072,0
2019-05-10,0.6987094879150391,0.7019021511077881,0.6986020803451538,0.6989096999168396,0
2019-05-13,0.6985093951225281,0.6987143754959106,0.6944878101348877,0.6983289122581482,0
2019-05-14,0.6945891380310059,0.6959426403045654,0.6935774683952332,0.6945409178733826,0
2019-05-15,0.6939143538475037,0.6938180923461914,0.6915485858917236,0.6938180923461914,0
2019-05-16,0.6927126049995422,0.6933370232582092,0.6900835037231445,0.6925687193870544,0
2019-05-17,0.6893223524093628,0.6898930668830872,0.6871435642242432,0.6891798973083496,0
2019-05-20,0.690321683883667,0.6934812664985657,0.6900597214698792,0.690121591091156,0
2019-05-21,0.6920607089996338,0.692520797252655,0.6867188811302185,0.6921613216400146,0
2019-05-23,0.6877579092979431,0.6897978782653809,0.686568021774292,0.6878525614738464,0
2019-05-24,0.689959704875946,0.6923769116401672,0.68822181224823,0.6899406909942627,0
2019-05-27,0.6932889819145203,0.6940106749534607,0.6915629506111145,0.6929910778999329,0
2019-05-28,0.6919936537742615,0.6935774683952332,0.6917064189910889,0.6920079588890076,0
2019-05-29,0.6926167011260986,0.6932889819145203,0.6905600428581238,0.6926406621932983,0
2019-05-30,0.691840410232544,0.6937218308448792,0.6901311278343201,0.69194096326828,0
2019-05-31,0.6906077861785889,0.6943962574005127,0.6902502179145813,0.6905123591423035,0
2019-06-03,0.6929622888565063,0.6966699361801147,0.6928422451019287,0.6928614377975464,0
2019-06-04,0.6972042322158813,0.699349582195282,0.6964418292045593,0.6970389485359192,0
2019-06-05,0.6991393566131592,0.7008199691772461,0.69730144739151,0.6991686820983887,0
2019-06-06,0.6971070170402527,0.6992518305778503,0.6964758634567261,0.6970778703689575,0
2019-06-07,0.6975446939468384,0.7021682858467102,0.6964806914329529,0.6973987221717834,0
2019-06-10,0.6995893716812134,0.7000839710235596,0.6960395574569702,0.6996089220046997,0
2019-06-11,0.6961122155189514,0.6966213583946228,0.6948304176330566,0.6962576508522034,0
2019-06-12,0.6960880160331726,0.6962818503379822,0.6942515969276428,0.6960880160331726,0
2019-06-13,0.6930487751960754,0.6938180923461914,0.6902406811714172,0.6929526925086975,0
2019-06-14,0.6913239359855652,0.6916107535362244,0.6871435642242432,0.6911805272102356,0
2019-06-17,0.6878904104232788,0.6885156035423279,0.6851004362106323,0.6877579092979431,0
2019-06-18,0.6854009628295898,0.6880891919136047,0.683312177658081,0.6852130889892578,0
2019-06-19,0.6880418062210083,0.6887052059173584,0.6856359243392944,0.6881839036941528,0
2019-06-20,0.688548743724823,0.6934956908226013,0.6884017586708069,0.6885156035423279,0
2019-06-21,0.6922379732131958,0.6938180923461914,0.6904169917106628,0.6920079588890076,0
2019-06-24,0.6944299936294556,0.697009801864624,0.6944396495819092,0.6946181058883667,0
2019-06-25,0.696567952632904,0.6976906061172485,0.6954103112220764,0.6967912912368774,0
2019-06-26,0.6961848735809326,0.6994963884353638,0.6956812143325806,0.6963788270950317,0
2019-06-27,0.6986606121063232,0.700721800327301,0.6985386610031128,0.6986167430877686,0
2019-06-28,0.7003781795501709,0.7019021511077881,0.6998880505561829,0.7005744576454163,0
2019-07-01,0.702331006526947,0.7024939060211182,0.6960880160331726,0.7022324204444885,0
2019-07-02,0.6964758634567261,0.7002801299095154,0.696247935295105,0.6965194940567017,0
2019-07-03,0.699594259262085,0.7038784027099609,0.6986167430877686,0.6995453238487244,0
2019-07-04,0.7031310796737671,0.7050197124481201,0.7016804814338684,0.7030865550041199,0
2019-07-05,0.702538251876831,0.7029876708984375,0.6958893537521362,0.7024939060211182,0
2019-07-08,0.6982752084732056,0.699594259262085,0.6968398094177246,0.6981289982795715,0
2019-07-09,0.6973987221717834,0.6976906061172485,0.692228376865387,0.6972090601921082,0
2019-07-10,0.6927126049995422,0.6964758634567261,0.6911184191703796,0.6928086280822754,0
2019-07-11,0.6961848735809326,0.6989096999168396,0.6955118179321289,0.6958506107330322,0
2019-07-12,0.6972576975822449,0.7009673714637756,0.6972382664680481,0.6974959969520569,0
2019-07-15,0.7017790079116821,0.7039774656295776,0.7012819647789001,0.7017987370491028,0
2019-07-16,0.7040022611618042,0.7045230269432068,0.7018036246299744,0.7039080858230591,0
2019-07-17,0.701655924320221,0.7022964954376221,0.6997215151786804,0.7016214728355408,0
2019-07-18,0.7010164856910706,0.7045230269432068,0.7006726861000061,0.700869083404541,0
2019-07-19,0.7067188024520874,0.7079144716262817,0.7042253613471985,0.7068586349487305,0
2019-07-22,0.7043097019195557,0.7058159112930298,0.7032200694084167,0.7043245434761047,0
2019-07-23,0.7031854391098022,0.7036802172660828,0.699682354927063,0.7030865550041199,0
2019-07-24,0.6997410655021667,0.6996921300888062,0.6973987221717834,0.6996921300888062,0
2019-07-25,0.697934091091156,0.6987143754959106,0.6952024102210999,0.6978123188018799,0
2019-07-26,0.6952168941497803,0.6957005858421326,0.6904503703117371,0.6950719356536865,0
2019-07-29,0.6906220316886902,0.6918021440505981,0.6897217631340027,0.6907030940055847,0
2019-07-30,0.6899406909942627,0.6910849809646606,0.6869499683380127,0.6898930668830872,0
2019-07-31,0.6875215172767639,0.6900835037231445,0.6863512396812439,0.6873797178268433,0
2019-08-01,0.6846501231193542,0.6865397095680237,0.6831534504890442,0.6844907999038696,0
2019-08-02,0.6803507804870605,0.6819886565208435,0.6765213012695312,0.6804202795028687,0
2019-08-05,0.6793016791343689,0.6805036067962646,0.6749915480613708,0.6790710091590881,0
2019-08-06,0.6763520240783691,0.6799945831298828,0.6763108372688293,0.6763108372688293,0
2019-08-07,0.6763017177581787,0.6782788038253784,0.6678510308265686,0.6762239336967468,0
2019-08-08,0.6758126616477966,0.6821282505989075,0.6750826835632324,0.6758126616477966,0
2019-08-09,0.6811710596084595,0.6818538308143616,0.679347813129425,0.6811988949775696,0
2019-08-12,0.6776812076568604,0.6795417070388794,0.6746181845664978,0.678104043006897,0
2019-08-13,0.6755889058113098,0.6817561984062195,0.6748549342155457,0.6756391525268555,0
2019-08-14,0.6797772645950317,0.6805081963539124,0.673681914806366,0.6796802878379822,0
2019-08-15,0.6754018664360046,0.6788405776023865,0.6754474639892578,0.6755204796791077,0
2019-08-16,0.6772773265838623,0.6795786619186401,0.6771397590637207,0.67728191614151,0
2019-08-19,0.6786608695983887,0.6791171431541443,0.6768189668655396,0.678656280040741,0
2019-08-20,0.6755843758583069,0.6795324683189392,0.6756619811058044,0.6756619811058044,0
2019-08-21,0.6775205135345459,0.6799945831298828,0.6773691177368164,0.6774609088897705,0
2019-08-22,0.678499698638916,0.6785181164741516,0.6751738786697388,0.678380012512207,0
2019-08-23,0.6755843758583069,0.6776904463768005,0.6737409830093384,0.6756893992424011,0
2019-08-26,0.6708078384399414,0.6788405776023865,0.6709113121032715,0.6709113121032715,0
2019-08-27,0.6769564151763916,0.6776904463768005,0.6747638583183289,0.6770022511482239,0
2019-08-28,0.6754383444786072,0.6760868430137634,0.6735684871673584,0.6754931211471558,0
2019-08-29,0.6739588975906372,0.6754931211471558,0.6718082427978516,0.6739680171012878,0
2019-08-30,0.673582136631012,0.674081563949585,0.6707807779312134,0.6735594272613525,0
2019-09-02,0.672766387462616,0.673582136631012,0.6710508465766907,0.672671377658844,0
2019-09-03,0.6712490320205688,0.6759039759635925,0.6688963174819946,0.6712760925292969,0
2019-09-04,0.6763977408409119,0.6799945831298828,0.675995409488678,0.6764892935752869,0
2019-09-05,0.6799945831298828,0.6830134391784668,0.6797172427177429,0.6798096895217896,0
2019-09-06,0.6811803579330444,0.6862005591392517,0.6807815432548523,0.6812499165534973,0
2019-09-09,0.6846688985824585,0.6877105832099915,0.6839103102684021,0.684622049331665,0
2019-09-10,0.6865302920341492,0.6870018839836121,0.6849690079689026,0.6864360570907593,0
2019-09-11,0.6858522295951843,0.6884918212890625,0.6849408745765686,0.68572998046875,0
2019-09-12,0.6873797178268433,0.6894649863243103,0.6863417625427246,0.687474250793457,0
2019-09-13,0.6863889098167419,0.6891798973083496,0.6860122084617615,0.6865773797035217,0
2019-09-16,0.6879944801330566,0.6886103749275208,0.6854619979858398,0.6879518628120422,0
2019-09-17,0.686294674873352,0.6867188811302185,0.6831067800521851,0.6863417625427246,0
2019-09-18,0.6866245269775391,0.6866387128829956,0.6829621195793152,0.6866387128829956,0
2019-09-19,0.6825705766677856,0.6823516488075256,0.6781499981880188,0.6823516488075256,0
2019-09-20,0.6792786121368408,0.6811061501502991,0.6767273545265198,0.6790249347686768,0
2019-09-23,0.6769014596939087,0.678380012512207,0.6766357421875,0.6768785119056702,0
2019-09-24,0.6775985956192017,0.6806888580322266,0.6766357421875,0.6774150133132935,0
2019-09-25,0.6799483299255371,0.6803183555603027,0.6740361452102661,0.6797911524772644,0
2019-09-26,0.6755387783050537,0.6780120730400085,0.6747638583183289,0.6754018664360046,0
2019-09-27,0.6754018664360046,0.6779661178588867,0.6744452714920044,0.675269603729248,0
2019-09-30,0.6760868430137634,0.6768189668655396,0.6741724610328674,0.6761279702186584,0
2019-10-01,0.6753106117248535,0.6760091185569763,0.6673785448074341,0.6754018664360046,0
2019-10-02,0.6708707809448242,0.6720881462097168,0.6671558618545532,0.6708393096923828,0
2019-10-03,0.6709608435630798,0.6754018664360046,0.6704210042953491,0.6709157824516296,0
2019-10-04,0.6745316982269287,0.6769564151763916,0.6744179725646973,0.6745999455451965,0
2019-10-07,0.6764526963233948,0.6765899658203125,0.673278272151947,0.6764526963233948,0
2019-10-08,0.6732510924339294,0.6759039759635925,0.6724904179573059,0.6733099818229675,0
2019-10-09,0.6728116869926453,0.6749551296234131,0.6726577877998352,0.6729475259780884,0
2019-10-10,0.6718172430992126,0.6770939230918884,0.6714383959770203,0.6719978451728821,0
2019-10-11,0.6763200163841248,0.6811061501502991,0.6760319471359253,0.6762102842330933,0
2019-10-14,0.679638683795929,0.6801009178161621,0.6751738786697388,0.6794401407241821,0
2019-10-15,0.6775398254394531,0.6789327263832092,0.6744089126586914,0.6773002743721008,0
2019-10-16,0.6753197908401489,0.6755889058113098,0.6724298596382141,0.6753380298614502,0
2019-10-17,0.6756391525268555,0.6835998892784119,0.6754401922225952,0.6754702925682068,0
2019-10-18,0.6825472712516785,0.6852999329566956,0.682400107383728,0.6827000975608826,0
2019-10-21,0.6847720146179199,0.6882999539375305,0.6848705410957336,0.6848705410957336,0
2019-10-22,0.6870585680007935,0.6883686184883118,0.6850999593734741,0.6870680451393127,0
2019-10-23,0.6861298680305481,0.6862999200820923,0.683461606502533,0.686059296131134,0
2019-10-24,0.6850300431251526,0.6859999895095825,0.6813799142837524,0.6850300431251526,0
2019-10-25,0.6816632747650146,0.6836204528808594,0.6811001300811768,0.681742250919342,0
2019-10-28,0.682400107383728,0.6839804649353027,0.6811599731445312,0.6822492480278015,0
2019-10-29,0.6839599013328552,0.6872998476028442,0.6839804649353027,0.6839804649353027,0
2019-10-30,0.6855888962745667,0.6878000497817993,0.6850019097328186,0.6857102513313293,0
2019-10-31,0.6897883415222168,0.6932000517845154,0.6889092326164246,0.6901311278343201,0
2019-11-01,0.6892986297607422,0.6920602321624756,0.6884501576423645,0.6893499493598938,0
2019-11-04,0.6917997598648071,0.6927001476287842,0.689480185508728,0.691658616065979,0
2019-11-05,0.6890279054641724,0.6928998231887817,0.6878799796104431,0.6887099742889404,0
2019-11-06,0.6890848875045776,0.6909999847412109,0.6876699328422546,0.6889700293540955,0
2019-11-07,0.6877300143241882,0.6912999749183655,0.6862617135047913,0.687947154045105,0
2019-11-08,0.6860997080802917,0.6868999600410461,0.6848611235618591,0.6865797638893127,0
2019-11-11,0.6858004927635193,0.6866000294685364,0.6847800016403198,0.6859087347984314,0
2019-11-12,0.6850253343582153,0.6858997344970703,0.6832299828529358,0.6848601698875427,0
2019-11-13,0.6843999624252319,0.685600221157074,0.6822101473808289,0.6841798424720764,0
2019-11-14,0.6839500665664673,0.6841498613357544,0.6770398020744324,0.6839804649353027,0
2019-11-15,0.6788313388824463,0.6816999912261963,0.6781499981880188,0.6787299513816833,0
2019-11-18,0.6815982460975647,0.682400107383728,0.6799099445343018,0.6815285086631775,0
2019-11-19,0.680522084236145,0.6833098530769348,0.6786000728607178,0.680522084236145,0
2019-11-20,0.6824899911880493,0.6833000183105469,0.6796700954437256,0.682590126991272,0
2019-11-21,0.6798997521400452,0.6814077496528625,0.6787000298500061,0.6799483299255371,0
2019-11-22,0.6789419054985046,0.6803507804870605,0.678179919719696,0.6788197755813599,0
2019-11-25,0.6792001724243164,0.6801000237464905,0.6768602132797241,0.6792001724243164,0
2019-11-26,0.677639901638031,0.6793298125267029,0.6772498488426208,0.6776697635650635,0
2019-11-27,0.6789000034332275,0.6793016791343689,0.6772401928901672,0.6787497997283936,0
2019-11-28,0.6767200231552124,0.6774998903274536,0.6762285232543945,0.6769105792045593,0
2019-11-29,0.6769000291824341,0.6780998706817627,0.6755898594856262,0.6768648028373718,0
2019-12-02,0.6764801144599915,0.682400107383728,0.6764801144599915,0.6764892935752869,0
2019-12-03,0.6818817257881165,0.6862999200820923,0.6816586256027222,0.681751549243927,0
2019-12-04,0.6848700046539307,0.6856998801231384,0.681419849395752,0.6850300431251526,0
2019-12-05,0.684960126876831,0.6855419278144836,0.6821421980857849,0.6849098801612854,0
2019-12-06,0.6833000183105469,0.68572998046875,0.682429850101471,0.683438241481781,0
2019-12-09,0.683531641960144,0.6837999224662781,0.6820798516273499,0.6835409998893738,0
2019-12-10,0.6827998757362366,0.6839000582695007,0.6800916790962219,0.6827000975608826,0
2019-12-11,0.6811400055885315,0.6868999600410461,0.6805197596549988,0.6812899112701416,0
2019-12-12,0.687049150466919,0.6908801794052124,0.6870585680007935,0.6870585680007935,0
2019-12-13,0.6927126049995422,0.6930001974105835,0.6865302920341492,0.692520797252655,0
2019-12-16,0.6874789595603943,0.6900001764297485,0.6869499683380127,0.6875200271606445,0
2019-12-17,0.6874316930770874,0.6880002021789551,0.6838897466659546,0.6875120401382446,0
2019-12-18,0.6852600574493408,0.6865001320838928,0.6840179562568665,0.6851999759674072,0
2019-12-19,0.6854700446128845,0.6888100504875183,0.6854385137557983,0.6855512857437134,0
2019-12-20,0.6893000602722168,0.6908000111579895,0.6885629892349243,0.6890397667884827,0
2019-12-23,0.6903898119926453,0.693100094795227,0.6897788047790527,0.6906220316886902,0
2019-12-24,0.6925197839736938,0.6932000517845154,0.6913099884986877,0.6925783753395081,0
2019-12-25,0.6921852231025696,0.6927126049995422,0.6916107535362244,0.6922810673713684,0
2019-12-26,0.6924728155136108,0.6942033767700195,0.6921852231025696,0.692799985408783,0
2019-12-27,0.6946374177932739,0.6986001133918762,0.6943702101707458,0.694800078868866,0
2019-12-30,0.6982996463775635,0.7007001042366028,0.6983923316001892,0.6983923316001892,0
2019-12-31,0.7001398801803589,0.7032744884490967,0.6999801397323608,0.7002899646759033,0
2020-01-01,0.7017002105712891,0.7045001983642578,0.7015082240104675,0.7015082240104675,0
2020-01-02,0.7019514441490173,0.7020997405052185,0.6981300115585327,0.7018922567367554,0
2020-01-03,0.6985191702842712,0.6986606121063232,0.6931399703025818,0.6983698606491089,0
2020-01-06,0.694420337677002,0.695900022983551,0.6926023364067078,0.6947290897369385,0
2020-01-07,0.693731427192688,0.6940998435020447,0.6861110925674438,0.6937198638916016,0
2020-01-08,0.6860399842262268,0.6885999441146851,0.684969961643219,0.6859510540962219,0
2020-01-09,0.6873801350593567,0.688069760799408,0.6851999759674072,0.6875403523445129,0
2020-01-10,0.6853210926055908,0.6906697154045105,0.6851192116737366,0.6854385137557983,0
2020-01-13,0.6900601387023926,0.6922000646591187,0.689560055732727,0.689812183380127,0
2020-01-14,0.6898902058601379,0.6909999847412109,0.6886497735977173,0.6897698044776917,0
2020-01-15,0.6896551251411438,0.691399872303009,0.6878799796104431,0.6893998980522156,0
2020-01-16,0.6907795071601868,0.6934999823570251,0.6892701387405396,0.6907985806465149,0
2020-01-17,0.6901001930236816,0.6912999749183655,0.6872899532318115,0.6897498369216919,0
2020-01-20,0.6881791353225708,0.6889999508857727,0.6855983138084412,0.6882880926132202,0
2020-01-21,0.6876397132873535,0.6881999969482422,0.6845002174377441,0.6876798868179321,0
2020-01-22,0.684689998626709,0.6858000159263611,0.6827901005744934,0.684729814529419,0
2020-01-23,0.6842987537384033,0.6880002021789551,0.6830880641937256,0.6842284798622131,0
2020-01-24,0.6839804649353027,0.6858000159263611,0.6820300817489624,0.6847814321517944,0
2020-01-27,0.680188775062561,0.6818998456001282,0.6754401922225952,0.6802906394004822,0
2020-01-28,0.6761700510978699,0.6766998767852783,0.6739180088043213,0.6761101484298706,0
2020-01-29,0.6764206886291504,0.6780000925064087,0.6736683249473572,0.6764101386070251,0
2020-01-30,0.6752194762229919,0.6752787232398987,0.6701698899269104,0.6752103567123413,0
2020-01-31,0.6708257794380188,0.6728999614715576,0.6683598756790161,0.6708707809448242,0
2020-02-03,0.66936194896698,0.6709000468254089,0.6684398055076599,0.6692320108413696,0
2020-02-04,0.6690497994422913,0.6735299229621887,0.6680606603622437,0.668999195098877,0
2020-02-05,0.6731785535812378,0.6774998903274536,0.6724904179573059,0.6732900142669678,0
2020-02-06,0.6751797795295715,0.6766000390052795,0.6731377840042114,0.6751784682273865,0
2020-02-07,0.6733997464179993,0.6732646822929382,0.6662700176239014,0.6732193231582642,0
2020-02-10,0.6672316193580627,0.6708001494407654,0.6669601202011108,0.6669601202011108,0
2020-02-11,0.6690099835395813,0.6736547350883484,0.6683107018470764,0.6688694953918457,0
2020-02-12,0.6720998883247375,0.6751000285148621,0.6713797450065613,0.6719617247581482,0
2020-02-13,0.6713197827339172,0.6744316220283508,0.6712697744369507,0.6713098883628845,0
2020-02-14,0.6721997857093811,0.6731001138687134,0.6710999608039856,0.6719797849655151,0
2020-02-17,0.6725989580154419,0.673445999622345,0.6713598966598511,0.6725085377693176,0
2020-02-18,0.6711999773979187,0.6710057854652405,0.6674720644950867,0.6709787845611572,0
2020-02-19,0.6696000099182129,0.670744776725769,0.6665897965431213,0.6694797873497009,0
2020-02-20,0.6684000492095947,0.6691998243331909,0.6610901355743408,0.6680901646614075,0
2020-02-21,0.6613800525665283,0.6639665365219116,0.6586799621582031,0.6612597703933716,0
2020-02-24,0.6606900691986084,0.6620998978614807,0.6587802171707153,0.6605587005615234,0
2020-02-25,0.6612007021903992,0.6623998880386353,0.6587181091308594,0.6611198782920837,0
2020-02-26,0.6605198383331299,0.6606001853942871,0.655339777469635,0.6604500412940979,0
2020-02-27,0.6546516418457031,0.6591523289680481,0.6546387672424316,0.6548917293548584,0
2020-02-28,0.6580203175544739,0.658490002155304,0.6442999839782715,0.6580600738525391,0
2020-03-02,0.6516313552856445,0.6568998694419861,0.6489397883415222,0.6515379548072815,0
2020-03-03,0.6547498106956482,0.6645004153251648,0.6509992480278015,0.6545800566673279,0
2020-03-04,0.6582195162773132,0.6629000902175903,0.6586499810218811,0.6586499810218811,0
2020-03-05,0.6626901030540466,0.663702130317688,0.6586183309555054,0.6626299023628235,0
2020-03-06,0.6615506410598755,0.6658232808113098,0.6586101055145264,0.6618309020996094,0
2020-03-09,0.6613581776618958,0.6683499813079834,0.6335899233818054,0.6614237427711487,0
2020-03-10,0.6597998738288879,0.6604998111724854,0.6474294066429138,0.6600598692893982,0
2020-03-11,0.6499098539352417,0.6539499759674072,0.6489587426185608,0.6495699882507324,0
2020-03-12,0.647939920425415,0.6480998992919922,0.6269985437393188,0.6478500962257385,0
2020-03-13,0.6274116039276123,0.6323099136352539,0.6153997778892517,0.6282101273536682,0
2020-03-16,0.6177682876586914,0.6189115047454834,0.6081400513648987,0.6178712844848633,0
2020-03-17,0.6099420189857483,0.6148000955581665,0.5960800647735596,0.6104499101638794,0
2020-03-18,0.5992200374603271,0.6026782989501953,0.5817911028862,0.5988300442695618,0
2020-03-19,0.5809798836708069,0.5962399840354919,0.5520000457763672,0.5799498558044434,0
2020-03-20,0.5742902159690857,0.5978501439094543,0.5711772441864014,0.5746399760246277,0
2020-03-23,0.5753309726715088,0.5840200185775757,0.5702099800109863,0.5755262970924377,0
2020-03-24,0.5876600742340088,0.5974100828170776,0.5868889093399048,0.587630033493042,0
2020-03-25,0.597550094127655,0.6069986820220947,0.5934499502182007,0.596839964389801,0
2020-03-26,0.5908098220825195,0.606549859046936,0.5871500968933105,0.590440034866333,0
2020-03-27,0.60791015625,0.6130982041358948,0.6025000214576721,0.6075101494789124,0
2020-03-30,0.618058443069458,0.618230402469635,0.6117001175880432,0.6172192096710205,0
2020-03-31,0.6168993711471558,0.6209698915481567,0.6081700325012207,0.6164315938949585,0
2020-04-01,0.6136998534202576,0.6146398782730103,0.6041200757026672,0.6140099763870239,0
2020-04-02,0.6091395616531372,0.6118999719619751,0.6011598706245422,0.6087598204612732,0
2020-04-03,0.6063215136528015,0.6075998544692993,0.5981698036193848,0.6068900227546692,0
2020-04-06,0.5994700789451599,0.61055988073349,0.5992401838302612,0.599628210067749,0
2020-04-07,0.6117599606513977,0.6208480596542358,0.6098498106002808,0.6118303537368774,0
2020-04-08,0.6152199506759644,0.6236785650253296,0.6117405295372009,0.6154501438140869,0
2020-04-09,0.6235308051109314,0.6312999725341797,0.6196600794792175,0.6235191226005554,0
2020-04-10,0.6332600712776184,0.6369998455047607,0.6314598321914673,0.6334999799728394,0
2020-04-13,0.6335208415985107,0.6385288238525391,0.6332099437713623,0.633930504322052,0
2020-04-14,0.6401106119155884,0.6432605981826782,0.6376615762710571,0.6398100256919861,0
2020-04-15,0.6434298753738403,0.6434592008590698,0.628539502620697,0.6433764696121216,0
2020-04-16,0.6308901309967041,0.63319993019104,0.6266488432884216,0.6309000849723816,0
2020-04-17,0.6358600854873657,0.638243556022644,0.6316800117492676,0.6361727714538574,0
2020-04-20,0.6340188980102539,0.6393412351608276,0.6337296366691589,0.6340108513832092,0
2020-04-21,0.6345701217651367,0.6346498131752014,0.6255199909210205,0.6346498131752014,0
2020-04-22,0.6293998956680298,0.635299801826477,0.6281698942184448,0.6296800971031189,0
2020-04-23,0.6298998594284058,0.6405000686645508,0.628869891166687,0.6297998428344727,0
2020-04-24,0.6376798748970032,0.6384097933769226,0.633860170841217,0.6378405094146729,0
2020-04-27,0.6397543549537659,0.6471000909805298,0.6395089030265808,0.6397134065628052,0
2020-04-28,0.6449116468429565,0.6512918472290039,0.6435200572013855,0.6452999114990234,0
2020-04-29,0.6502699255943298,0.6547001004219055,0.6501299738883972,0.6502880454063416,0
2020-04-30,0.6555013060569763,0.6569598317146301,0.6491698026657104,0.6554999947547913,0
2020-05-01,0.6495501399040222,0.6495898365974426,0.6418600678443909,0.6495898365974426,0
2020-05-04,0.6376819014549255,0.6431612968444824,0.6373283267021179,0.6380997896194458,0
2020-05-05,0.642611563205719,0.6474201679229736,0.6418201327323914,0.6428098678588867,0
2020-05-06,0.6436000466346741,0.6452999114990234,0.6408100128173828,0.643339991569519,0
2020-05-07,0.6390756368637085,0.6500006318092346,0.6396099328994751,0.6399180889129639,0
2020-05-08,0.6503299474716187,0.6547999382019043,0.6499583721160889,0.6503798961639404,0
2020-05-11,0.653710126876831,0.6560999751091003,0.6465097665786743,0.6535306572914124,0
2020-05-12,0.6484664082527161,0.6535998582839966,0.6433201432228088,0.6485589146614075,0
2020-05-13,0.6455298662185669,0.6521897912025452,0.6453598737716675,0.645732045173645,0
2020-05-14,0.6454944014549255,0.6459997892379761,0.6405300498008728,0.6451400518417358,0
2020-05-15,0.6471235156059265,0.6474000811576843,0.6403606534004211,0.6471193432807922,0
2020-05-18,0.6425785422325134,0.6516610383987427,0.6420958042144775,0.6426900029182434,0
2020-05-19,0.652600109577179,0.6570798754692078,0.6511001586914062,0.6523897647857666,0
2020-05-20,0.6540094017982483,0.6615598201751709,0.6528399586677551,0.6543098092079163,0
2020-05-21,0.65923011302948,0.6598047018051147,0.6549200415611267,0.6589399576187134,0
2020-05-22,0.6566894054412842,0.6573999524116516,0.6507599353790283,0.6569300889968872,0
2020-05-25,0.6545788049697876,0.6549997925758362,0.6521000862121582,0.6547930836677551,0
2020-05-26,0.6547399163246155,0.6659208536148071,0.6543800234794617,0.6548599600791931,0
2020-05-27,0.6646699905395508,0.6679999828338623,0.6573001742362976,0.6646726131439209,0
2020-05-28,0.6620806455612183,0.6668000221252441,0.6589399576187134,0.6620499491691589,0
2020-05-29,0.6633498668670654,0.6683598756790161,0.662060022354126,0.6633807420730591,0
2020-06-01,0.6659784913063049,0.6787198185920715,0.6659208536148071,0.6659208536148071,0
2020-06-02,0.6786000728607178,0.6893318891525269,0.677570104598999,0.6787999868392944,0
2020-06-03,0.6914199590682983,0.6983001232147217,0.6857581734657288,0.6915299296379089,0
2020-06-04,0.6929046511650085,0.6987997889518738,0.6883899569511414,0.6929142475128174,0
2020-06-05,0.6939899921417236,0.7013301849365234,0.6932000517845154,0.6941999793052673,0
2020-06-08,0.700239896774292,0.7003998160362244,0.6962799429893494,0.699300229549408,0
2020-06-09,0.7024494409561157,0.7040765881538391,0.6900302171707153,0.702299952507019,0
2020-06-10,0.6942998170852661,0.7020997405052185,0.6933000087738037,0.6940101981163025,0
2020-06-11,0.6968300938606262,0.699600100517273,0.6881398558616638,0.6967698931694031,0
2020-06-12,0.6830880641937256,0.691109836101532,0.6801000237464905,0.68302983045578,0
2020-06-15,0.6825007200241089,0.6869301795959473,0.6780000925064087,0.6829201579093933,0
2020-06-16,0.695820152759552,0.6972284913063049,0.6837901473045349,0.6961398124694824,0
2020-06-17,0.6895315051078796,0.6920500993728638,0.6852600574493408,0.6894701719284058,0
2020-06-18,0.6875702142715454,0.6902998089790344,0.6838598251342773,0.6877105832099915,0
2020-06-19,0.6857205629348755,0.6910998225212097,0.6842200756072998,0.6856998801231384,0
2020-06-22,0.6822911500930786,0.6910501718521118,0.6820305585861206,0.6821793913841248,0
2020-06-23,0.6931601762771606,0.6974959969520569,0.6864200234413147,0.692928671836853,0
2020-06-24,0.6940299272537231,0.6964001655578613,0.6866000294685364,0.6944401264190674,0
2020-06-25,0.685678243637085,0.6889999508857727,0.6848198771476746,0.685859739780426,0
2020-06-26,0.6888190507888794,0.6897998452186584,0.6842299699783325,0.6888399720191956,0
2020-06-29,0.6861910820007324,0.688979983329773,0.6841901540756226,0.6862099170684814,0
2020-06-30,0.6871907711029053,0.6911184191703796,0.6834009289741516,0.6870396733283997,0
2020-07-01,0.69020015001297,0.6943721175193787,0.6878600716590881,0.6900501847267151,0
2020-07-02,0.6913239359855652,0.6949700117111206,0.6904299259185791,0.691399872303009,0
2020-07-03,0.6919199228286743,0.6945891380310059,0.6914199590682983,0.6920099258422852,0
2020-07-06,0.694840133190155,0.6987500190734863,0.694800078868866,0.6953000426292419,0
2020-07-07,0.6976999044418335,0.6997900605201721,0.6923601627349854,0.6971001625061035,0
2020-07-08,0.6942322850227356,0.6974619626998901,0.6929301023483276,0.6938517689704895,0
2020-07-09,0.6989096999168396,0.7002001404762268,0.6951589584350586,0.6985289454460144,0
2020-07-10,0.695894181728363,0.6967698931694031,0.6924699544906616,0.6962818503379822,0
2020-07-13,0.6950284838676453,0.6991999745368958,0.6941118240356445,0.6948999762535095,0
2020-07-14,0.6940106749534607,0.6973987221717834,0.6922600269317627,0.693669855594635,0
2020-07-15,0.6988999247550964,0.7037198543548584,0.6987583041191101,0.6988100409507751,0
2020-07-16,0.7009181976318359,0.7012130618095398,0.697179913520813,0.7007001042366028,0
2020-07-17,0.6978002190589905,0.699499785900116,0.6975252032279968,0.697640061378479,0
2020-07-20,0.7004998922348022,0.7017002105712891,0.6974959969520569,0.7002702951431274,0
2020-07-21,0.7025925517082214,0.7119971513748169,0.7016199827194214,0.7024592757225037,0
2020-07-22,0.7135599255561829,0.7181122303009033,0.7113797068595886,0.7139797210693359,0
2020-07-23,0.7140816450119019,0.7161784768104553,0.7093304991722107,0.713870108127594,0
2020-07-24,0.7100104689598083,0.7126059532165527,0.7065140604972839,0.7099101543426514,0
2020-07-27,0.7098188996315002,0.714970052242279,0.7098188996315002,0.7099998593330383,0
2020-07-28,0.7159000635147095,0.7176175117492676,0.711469829082489,0.7158093452453613,0
2020-07-29,0.71602463722229,0.7193209528923035,0.714970052242279,0.7160800099372864,0
2020-07-30,0.7171697616577148,0.7187000513076782,0.712410032749176,0.7176000475883484,0
2020-07-31,0.7203676700592041,0.7229090332984924,0.7154601216316223,0.7202597260475159,0
2020-08-03,0.7146890163421631,0.7152001261711121,0.707729160785675,0.7147707343101501,0
2020-08-04,0.7117944359779358,0.7158600687980652,0.7106512188911438,0.7116298079490662,0
2020-08-05,0.7177102565765381,0.7239399552345276,0.716740071773529,0.7176901698112488,0
2020-08-06,0.7199097275733948,0.7229999303817749,0.7176097631454468,0.7199999690055847,0
2020-08-07,0.7230997681617737,0.72430020570755,0.716009795665741,0.7229602336883545,0
2020-08-10,0.7157120108604431,0.7183500528335571,0.7140898704528809,0.7157581448554993,0
2020-08-11,0.7158001661300659,0.7191000580787659,0.7146297693252563,0.7155302166938782,0
2020-08-12,0.7145199775695801,0.7172499895095825,0.7110397815704346,0.714900016784668,0
2020-08-13,0.7164863348007202,0.7188090682029724,0.7156899571418762,0.7171028852462769,0
2020-08-14,0.7148800492286682,0.7173101902008057,0.7132998704910278,0.7147901654243469,0
2020-08-17,0.7192589044570923,0.7226999998092651,0.7172098755836487,0.71940016746521,0
2020-08-18,0.7218131422996521,0.7264701724052429,0.7209898829460144,0.7215215563774109,0
2020-08-19,0.7257947325706482,0.7275997400283813,0.7228598594665527,0.7253599166870117,0
2020-08-20,0.7188039422035217,0.71940016746521,0.713749885559082,0.7184578776359558,0
2020-08-21,0.7206116914749146,0.7216048240661621,0.7140699625015259,0.7206220626831055,0
2020-08-24,0.7161374688148499,0.7204091548919678,0.7155686020851135,0.7160913348197937,0
2020-08-25,0.7168900370597839,0.7192997336387634,0.7154001593589783,0.7168797850608826,0
2020-08-26,0.7199320793151855,0.7231180667877197,0.7188297510147095,0.7198201417922974,0
2020-08-27,0.7245011925697327,0.7290117740631104,0.7219101190567017,0.7244701981544495,0
2020-08-28,0.7269898653030396,0.7357810139656067,0.7256399393081665,0.7269924879074097,0
2020-08-31,0.7373000383377075,0.7399898171424866,0.7342197895050049,0.7370391488075256,0
2020-09-01,0.738099992275238,0.7412997484207153,0.7368301153182983,0.7381097674369812,0
2020-09-02,0.7378494143486023,0.738099992275238,0.73021000623703,0.7376497387886047,0
2020-09-03,0.7331109642982483,0.7335143089294434,0.7269798517227173,0.7328998446464539,0
2020-09-04,0.725584089756012,0.7298998236656189,0.722409725189209,0.7259001135826111,0
2020-09-07,0.7282207608222961,0.7298737168312073,0.7271299362182617,0.7281200289726257,0
2020-09-08,0.7280998229980469,0.7308301329612732,0.7218798995018005,0.7280399203300476,0
2020-09-09,0.7209399938583374,0.7280998229980469,0.7206501364707947,0.7209701538085938,0
2020-09-10,0.727660059928894,0.7324396967887878,0.7262802720069885,0.727802038192749,0
2020-09-11,0.7262997627258301,0.7307804822921753,0.7259802222251892,0.7264300584793091,0
2020-09-14,0.728151798248291,0.730620265007019,0.7264901995658875,0.7283904552459717,0
2020-09-15,0.7286000847816467,0.7344840168952942,0.7268002033233643,0.7281200289726257,0
2020-09-16,0.7296819686889648,0.7346000671386719,0.7290382981300354,0.7295116782188416,0
2020-09-17,0.7295500040054321,0.7314218878746033,0.7255798578262329,0.7296399474143982,0
2020-09-18,0.7313095927238464,0.7333098649978638,0.7283501029014587,0.7317901849746704,0
2020-09-21,0.729341447353363,0.732600212097168,0.7200601100921631,0.7293893098831177,0
2020-09-22,0.7231180667877197,0.7236999869346619,0.7165900468826294,0.7228301167488098,0
2020-09-23,0.717442512512207,0.7177205085754395,0.708827793598175,0.7174115777015686,0
2020-09-24,0.7069001197814941,0.7082153558731079,0.7017691731452942,0.7071000337600708,0
2020-09-25,0.7057162523269653,0.7089001536369324,0.7007001042366028,0.7056316137313843,0
2020-09-28,0.7041906118392944,0.7074998021125793,0.7033387422561646,0.7043245434761047,0
2020-09-29,0.7095197439193726,0.713799774646759,0.7075097560882568,0.7096225023269653,0
2020-09-30,0.714360237121582,0.7172001600265503,0.7100497484207153,0.714580237865448,0
2020-10-01,0.716650664806366,0.7209997773170471,0.7155901789665222,0.7167497873306274,0
2020-10-02,0.7182875871658325,0.7185998558998108,0.7134601473808289,0.7181122303009033,0
2020-10-05,0.7177205085754395,0.7194244861602783,0.7163800597190857,0.7174013257026672,0
2020-10-06,0.7193209528923035,0.7208713889122009,0.714600145816803,0.7191300988197327,0
2020-10-07,0.7110099792480469,0.7151597738265991,0.7099298238754272,0.7110403180122375,0
2020-10-08,0.713820219039917,0.7170201539993286,0.7124282717704773,0.7137249112129211,0
2020-10-09,0.7177998423576355,0.7242000102996826,0.7169691920280457,0.7175201773643494,0
2020-10-12,0.7224597930908203,0.7237984538078308,0.7206199765205383,0.7223085165023804,0
2020-10-13,0.721188485622406,0.7209181785583496,0.7157325148582458,0.7209181785583496,0
2020-10-14,0.7164401412010193,0.7191998958587646,0.7155799269676208,0.7166999578475952,0
2020-10-15,0.7141479849815369,0.7147998809814453,0.7056500911712646,0.7142601609230042,0
2020-10-16,0.7088397741317749,0.7098239660263062,0.7071100473403931,0.7087298035621643,0
2020-10-19,0.7095997929573059,0.7117944359779358,0.7084199786186218,0.7093999981880188,0
2020-10-20,0.7056167125701904,0.7060152888298035,0.7021200060844421,0.7053598761558533,0
2020-10-21,0.7049998641014099,0.7128000259399414,0.7051191329956055,0.7051191329956055,0
2020-10-22,0.7105603218078613,0.7118000388145447,0.7087001800537109,0.710399866104126,0
2020-10-23,0.7126100659370422,0.7158001661300659,0.7101601958274841,0.7127100825309753,0
2020-10-26,0.7132006287574768,0.7147002220153809,0.7104700207710266,0.7131395936012268,0
2020-10-27,0.7117098569869995,0.7145000696182251,0.7118096351623535,0.7120123505592346,0
2020-10-28,0.7123100757598877,0.7157171368598938,0.7039700746536255,0.7121999859809875,0
2020-10-29,0.7055200934410095,0.7079144716262817,0.7004601359367371,0.7055400609970093,0
2020-10-30,0.7037599682807922,0.7070900201797485,0.7012180089950562,0.7036401629447937,0
2020-11-02,0.7008199691772461,0.7054002285003662,0.6993398666381836,0.7009722590446472,0
2020-11-03,0.7053698301315308,0.7174115777015686,0.7029481530189514,0.7055002450942993,0
2020-11-04,0.7196833491325378,0.7216001749038696,0.7051201462745667,0.7197097539901733,0
2020-11-05,0.7180498242378235,0.7275298833847046,0.7146798372268677,0.7176000475883484,0
2020-11-06,0.7262701988220215,0.7287902235984802,0.7240898609161377,0.7262322306632996,0
2020-11-09,0.7286717891693115,0.7339600324630737,0.7268287539482117,0.728900134563446,0
2020-11-10,0.7282000184059143,0.7296000123023987,0.7253577709197998,0.7277601957321167,0
2020-11-11,0.7281697988510132,0.731775164604187,0.7261800169944763,0.7283602356910706,0
2020-11-12,0.7284275889396667,0.7294105291366577,0.7247999906539917,0.7283098697662354,0
2020-11-13,0.7240185737609863,0.7263598442077637,0.722240149974823,0.7241601347923279,0
2020-11-16,0.729080855846405,0.732600212097168,0.7280898094177246,0.7287407517433167,0
2020-11-17,0.7320997714996338,0.7339987754821777,0.7289602160453796,0.7319893836975098,0
2020-11-18,0.7296000123023987,0.7328998446464539,0.7273398637771606,0.7296202182769775,0
2020-11-19,0.7301988005638123,0.7300176024436951,0.7255498766899109,0.7296000123023987,0
2020-11-20,0.7269100546836853,0.7324998378753662,0.7271299362182617,0.7271299362182617,0
2020-11-23,0.7317001819610596,0.7338000535964966,0.7266602516174316,0.7312614321708679,0
2020-11-24,0.7298204302787781,0.7369001507759094,0.7292100787162781,0.7295297384262085,0
2020-11-25,0.7366699576377869,0.7373999953269958,0.7325899600982666,0.7365902066230774,0
2020-11-26,0.736485481262207,0.7376001477241516,0.7354298830032349,0.736594021320343,0
2020-11-27,0.7357999682426453,0.73991858959198,0.7353097796440125,0.7356100082397461,0
2020-11-30,0.7400281429290771,0.7409998178482056,0.734899640083313,0.740132212638855,0
2020-12-01,0.7356798052787781,0.737240195274353,0.7343599796295166,0.7359705567359924,0
2020-12-02,0.7380890846252441,0.7396597266197205,0.7352400422096252,0.7379801869392395,0
2020-12-03,0.7418001294136047,0.7448501586914062,0.7398474812507629,0.7413898706436157,0
2020-12-04,0.7438998222351074,0.744399905204773,0.7412997484207153,0.7441999316215515,0
2020-12-07,0.7431573867797852,0.7451097965240479,0.7373098134994507,0.7431076765060425,0
2020-12-08,0.7417599558830261,0.7437001466751099,0.7400697469711304,0.7417847514152527,0
2020-12-09,0.7410997152328491,0.7487271428108215,0.7409201860427856,0.7411997318267822,0
2020-12-10,0.7434999346733093,0.7526997327804565,0.7434098720550537,0.7434098720550537,0
2020-12-11,0.7524397969245911,0.7570022940635681,0.7520702481269836,0.7525020837783813,0
2020-12-14,0.7551102638244629,0.7578301429748535,0.7528998255729675,0.7550303936004639,0
2020-12-15,0.7539203763008118,0.7557002305984497,0.7507901787757874,0.7535102367401123,0
2020-12-16,0.7555609345436096,0.7581000924110413,0.7546827793121338,0.7556899189949036,0
2020-12-17,0.7569999694824219,0.7639186382293701,0.7569799423217773,0.7571111917495728,0
2020-12-18,0.7615299224853516,0.7620208859443665,0.7583099603652954,0.7614290118217468,0
2020-12-21,0.7587425708770752,0.7602481842041016,0.7463688850402832,0.7587714195251465,0
2020-12-22,0.7575200796127319,0.7584002017974854,0.7518197894096375,0.7575401663780212,0
2020-12-23,0.7551700472831726,0.758949875831604,0.7526102662086487,0.7549899220466614,0
2020-12-24,0.7579599022865295,0.7606402039527893,0.7579599022865295,0.7581397891044617,0
2020-12-25,0.7606801390647888,0.7662201523780823,0.7579001784324646,0.7606801390647888,0
2020-12-28,0.7611914277076721,0.762400209903717,0.7559601664543152,0.7613478899002075,0
2020-12-29,0.758892297744751,0.7625002264976501,0.7584779262542725,0.758857786655426,0
2020-12-30,0.7609898447990417,0.7686217427253723,0.7607200741767883,0.7612001299858093,0
2020-12-31,0.7689290642738342,0.7741400003433228,0.768689751625061,0.7688995599746704,0
2021-01-01,0.7702973484992981,0.8207600116729736,0.7698229551315308,0.7771801352500916,0
2021-01-04,0.7712300419807434,0.774199903011322,0.7656598091125488,0.771300196647644,0
2021-01-05,0.7670999765396118,0.775300145149231,0.7662893533706665,0.766979992389679,0
2021-01-06,0.7766000628471375,0.782038152217865,0.7734310626983643,0.7762799859046936,0
2021-01-07,0.781700074672699,0.7815399765968323,0.7727700471878052,0.7815399765968323,0
2021-01-08,0.7768999934196472,0.7798998355865479,0.7741400003433228,0.7768999934196472,0
2021-01-11,0.7716525793075562,0.7730425000190735,0.7668887972831726,0.7723796963691711,0
2021-01-12,0.7707497477531433,0.7740597128868103,0.7687399387359619,0.7708198428153992,0
2021-01-13,0.7776049971580505,0.7782707214355469,0.7723098993301392,0.7774798274040222,0
2021-01-14,0.774713397026062,0.7793102860450745,0.772879958152771,0.7746401429176331,0
2021-01-15,0.777580201625824,0.7788798809051514,0.7682498097419739,0.77756267786026,0
2021-01-18,0.7688876986503601,0.7702795267105103,0.766059935092926,0.7685390710830688,0
2021-01-19,0.7686986327171326,0.7723999619483948,0.7685598134994507,0.7685598134994507,0
2021-01-20,0.7711800932884216,0.7762998938560486,0.7702000141143799,0.7712478637695312,0
2021-01-21,0.7755701541900635,0.7783997058868408,0.774899423122406,0.7754997611045837,0
2021-01-22,0.7761022448539734,0.7768800854682922,0.7703602313995361,0.7761444449424744,0
2021-01-25,0.7715799808502197,0.7747998237609863,0.7683902978897095,0.7715513706207275,0
2021-01-26,0.7718997597694397,0.7754300236701965,0.7669999599456787,0.7715001702308655,0
2021-01-27,0.7753139734268188,0.7760998606681824,0.7650302052497864,0.7753199934959412,0
2021-01-28,0.765099823474884,0.7677401900291443,0.7593014240264893,0.7651700973510742,0
2021-01-29,0.7669699192047119,0.7703697681427002,0.7636998295783997,0.7672006487846375,0
2021-02-01,0.761997640132904,0.766400933265686,0.761350154876709,0.7620615363121033,0
2021-02-02,0.7634601593017578,0.7661901712417603,0.7566699981689453,0.7633296251296997,0
2021-02-03,0.760820746421814,0.7626997232437134,0.7602400183677673,0.7609001398086548,0
2021-02-04,0.7636000514030457,0.7647499442100525,0.7590000033378601,0.7636327147483826,0
2021-02-05,0.7603002190589905,0.7660000324249268,0.7584398984909058,0.7600921392440796,0
2021-02-08,0.7679199576377869,0.7715156674385071,0.7652572989463806,0.7678898572921753,0
2021-02-09,0.7710998058319092,0.7736464738845825,0.7704700231552124,0.7705584764480591,0
2021-02-10,0.7740501165390015,0.7754498720169067,0.7719921469688416,0.7740998268127441,0
2021-02-11,0.7725348472595215,0.7772997617721558,0.7713198661804199,0.7724692225456238,0
2021-02-12,0.7753999829292297,0.7764999866485596,0.7719301581382751,0.7753999829292297,0
2021-02-15,0.7764095664024353,0.7791001796722412,0.7760499119758606,0.7763915061950684,0
2021-02-16,0.7786197066307068,0.7806998491287231,0.7745813131332397,0.7785300016403198,0
2021-02-17,0.773790180683136,0.7769301533699036,0.7725199460983276,0.7736998200416565,0
2021-02-18,0.7758697867393494,0.7789011597633362,0.7731799483299255,0.7758999466896057,0
2021-02-19,0.7767997980117798,0.7876999378204346,0.7758313417434692,0.7768197059631348,0
2021-02-22,0.7888488173484802,0.7920791506767273,0.785700261592865,0.7883015871047974,0
2021-02-23,0.7915400266647339,0.7934499382972717,0.7883899211883545,0.7914698719978333,0
2021-02-24,0.7908827066421509,0.7946030497550964,0.789889395236969,0.7909002304077148,0
2021-02-25,0.7977026104927063,0.8006899356842041,0.7948493361473083,0.7975098490715027,0
2021-02-26,0.7870000004768372,0.7870298027992249,0.7711883783340454,0.7865599393844604,0
2021-03-01,0.7752419114112854,0.778799831867218,0.7722997665405273,0.7753680944442749,0
2021-03-02,0.7772001028060913,0.7823997735977173,0.7737183570861816,0.7772399187088013,0
2021-03-03,0.7825197577476501,0.7840062379837036,0.777400016784668,0.7825999855995178,0
2021-03-04,0.7758102416992188,0.7815186381340027,0.7754300236701965,0.7754300236701965,0
2021-03-05,0.7715603113174438,0.7725999355316162,0.7625601291656494,0.7716501951217651,0
2021-03-08,0.7709101438522339,0.771462082862854,0.7637085914611816,0.770748496055603,0
2021-03-09,0.7656674981117249,0.7718997597694397,0.7622473835945129,0.7657085061073303,0
2021-03-10,0.7717835903167725,0.7744001746177673,0.7669900059700012,0.7716049551963806,0
2021-03-11,0.773200273513794,0.7784196734428406,0.7724398970603943,0.7731398940086365,0
2021-03-12,0.7787615656852722,0.7800999283790588,0.7726697325706482,0.7785099744796753,0
2021-03-15,0.7762998938560486,0.777600109577179,0.7706772685050964,0.7763372659683228,0
2021-03-16,0.7750135660171509,0.7757000923156738,0.7713502049446106,0.774999737739563,0
2021-03-17,0.77455735206604,0.774713397026062,0.7706202268600464,0.7746593356132507,0
2021-03-18,0.7813000679016113,0.7848998308181763,0.776249885559082,0.781109631061554,0
2021-03-19,0.7753699421882629,0.7770997881889343,0.7718801498413086,0.7752598524093628,0
2021-03-22,0.7722502946853638,0.7754997611045837,0.7705299854278564,0.7723498940467834,0
2021-03-23,0.7745501399040222,0.774713397026062,0.7655701637268066,0.77455735206604,0
2021-03-24,0.7604701519012451,0.7630000114440918,0.7584398984909058,0.7609018683433533,0
2021-03-25,0.7591003179550171,0.76149982213974,0.7564525604248047,0.7592097520828247,0
2021-03-26,0.7594000697135925,0.7636998295783997,0.7588404417037964,0.7594998478889465,0
2021-03-29,0.7637377381324768,0.7655209302902222,0.761600136756897,0.7638001441955566,0
2021-03-30,0.7641170620918274,0.766290009021759,0.7596798539161682,0.7639501690864563,0
2021-03-31,0.7608798146247864,0.7638252377510071,0.7589101195335388,0.7607918381690979,0
2021-04-01,0.7594098448753357,0.7610999345779419,0.7533200979232788,0.7594398856163025,0
2021-04-02,0.7619001269340515,0.7639997601509094,0.759999692440033,0.7617596983909607,0
2021-04-05,0.7620998620986938,0.7661543488502502,0.7599200010299683,0.7619001269340515,0
2021-04-06,0.7658727169036865,0.7662999629974365,0.7607223391532898,0.7657501101493835,0
2021-04-07,0.7666947841644287,0.7678132653236389,0.7612997889518738,0.7666889429092407,0
2021-04-08,0.7613884806632996,0.7649002075195312,0.7604100108146667,0.761160135269165,0
2021-04-09,0.7659003138542175,0.7663998603820801,0.7589297890663147,0.7656199932098389,0
2021-04-12,0.7626002430915833,0.7638252377510071,0.7595800161361694,0.7622008919715881,0
2021-04-13,0.7627707123756409,0.765099823474884,0.7594600319862366,0.7627200484275818,0
2021-04-14,0.7647499442100525,0.7734000086784363,0.7635919451713562,0.7646499276161194,0
2021-04-15,0.772509753704071,0.776129961013794,0.7705900073051453,0.7727001905441284,0
2021-04-16,0.7751697301864624,0.7759758234024048,0.7726100087165833,0.7752479314804077,0
2021-04-19,0.7714025974273682,0.7786997556686401,0.7706891894340515,0.7714382410049438,0
2021-04-20,0.7767002582550049,0.7815998792648315,0.7730197906494141,0.7764999866485596,0
2021-04-21,0.7723796963691711,0.7762998938560486,0.7702023983001709,0.7721709609031677,0
2021-04-22,0.7754402756690979,0.7765181064605713,0.7710700631141663,0.7754498720169067,0
2021-04-23,0.7705348134040833,0.7745999097824097,0.7700896859169006,0.7708554863929749,0
2021-04-26,0.7743114233016968,0.781700074672699,0.7743702530860901,0.7743702530860901,0
2021-04-27,0.7799704074859619,0.7804000973701477,0.776430070400238,0.779609739780426,0
2021-04-28,0.7770001888275146,0.7776049971580505,0.772780179977417,0.7765898704528809,0
2021-04-29,0.7801297307014465,0.7818198204040527,0.7752899527549744,0.7802137732505798,0
2021-04-30,0.777762234210968,0.7785130143165588,0.7705602645874023,0.7777900695800781,0
2021-05-03,0.7722997665405273,0.7766990065574646,0.7707800269126892,0.7718598246574402,0
2021-05-04,0.7758914828300476,0.7762998938560486,0.7677484154701233,0.7761998176574707,0
2021-05-05,0.7713799476623535,0.7753999829292297,0.7706297636032104,0.7715001702308655,0
2021-05-06,0.7751199007034302,0.777699887752533,0.7702302932739258,0.775301992893219,0
2021-05-07,0.7787312865257263,0.7862871289253235,0.7761799693107605,0.7786300182342529,0
2021-05-10,0.7858793139457703,0.7893905639648438,0.7838501930236816,0.785632312297821,0
2021-05-11,0.7838999032974243,0.785560131072998,0.7821097373962402,0.7841999530792236,0
2021-05-12,0.7838096022605896,0.7843752503395081,0.7733892202377319,0.7839601635932922,0
2021-05-13,0.7732301950454712,0.7747313380241394,0.7690101265907288,0.7730603814125061,0
2021-05-14,0.7726202011108398,0.7781677842140198,0.7714198231697083,0.772389829158783,0
2021-05-17,0.7778711318969727,0.7777259349822998,0.7731602191925049,0.7776594161987305,0
2021-05-18,0.7773698568344116,0.7813599109649658,0.7768999934196472,0.7773498892784119,0
2021-05-19,0.7789981961250305,0.7796997427940369,0.7732702493667603,0.7788950800895691,0
2021-05-20,0.772030234336853,0.7783918380737305,0.7718997597694397,0.7722001671791077,0
2021-05-21,0.7770001888275146,0.7782997488975525,0.7730425000190735,0.7770611047744751,0
2021-05-24,0.7730000615119934,0.7754901647567749,0.7710992097854614,0.7725527286529541,0
2021-05-25,0.7750802040100098,0.777641236782074,0.773729681968689,0.7750898003578186,0
2021-05-26,0.7753139734268188,0.7797878980636597,0.7731381058692932,0.77510005235672,0
2021-05-27,0.7739902138710022,0.7757999897003174,0.7723498940467834,0.7739818692207336,0
2021-05-28,0.774250328540802,0.7749000787734985,0.7678297758102417,0.7741699814796448,0
2021-05-31,0.7710099816322327,0.7744133472442627,0.7701602578163147,0.7708971500396729,0
2021-06-01,0.7743498086929321,0.7770007848739624,0.7731297016143799,0.7744097709655762,0
2021-06-02,0.7755900025367737,0.7771601676940918,0.7716597318649292,0.7756399512290955,0
2021-06-03,0.7744301557540894,0.7754997611045837,0.7649821639060974,0.7745999097824097,0
2021-06-04,0.7665772438049316,0.7745999097824097,0.7652397751808167,0.7665002346038818,0
2021-06-07,0.7744001746177673,0.7768197059631348,0.7727097272872925,0.7739937901496887,0
2021-06-08,0.7756296992301941,0.7764999866485596,0.7733401656150818,0.7757000923156738,0
2021-06-09,0.7736998200416565,0.7763999104499817,0.7726781368255615,0.7736998200416565,0
2021-06-10,0.7729498147964478,0.7765181064605713,0.7722598314285278,0.7729002833366394,0
2021-06-11,0.7747998237609863,0.7774900794029236,0.7691000699996948,0.7747499346733093,0
2021-06-14,0.7708911895751953,0.7727001905441284,0.7693899869918823,0.7710219025611877,0
2021-06-15,0.7712002992630005,0.7719027400016785,0.7675398588180542,0.7712716460227966,0
2021-06-16,0.7686217427253723,0.7716406583786011,0.7684800028800964,0.7685999274253845,0
2021-06-17,0.7616726756095886,0.7638999223709106,0.7553098797798157,0.7612702250480652,0
2021-06-18,0.7556899189949036,0.7562008500099182,0.7479398250579834,0.7556408643722534,0
2021-06-21,0.7503997683525085,0.753669798374176,0.7479901909828186,0.7502100467681885,0
2021-06-22,0.7534897923469543,0.7534000873565674,0.7495599985122681,0.7532700896263123,0
2021-06-23,0.7554810047149658,0.7600002884864807,0.753830075263977,0.7555301189422607,0
2021-06-24,0.7574437856674194,0.7593014240264893,0.7568188905715942,0.7574781775474548,0
2021-06-25,0.7582076191902161,0.761904776096344,0.7580983638763428,0.7580983638763428,0
2021-06-28,0.7594998478889465,0.7604001760482788,0.75559002161026,0.7594998478889465,0
2021-06-29,0.756840169429779,0.7571169137954712,0.7508522272109985,0.7568498253822327,0
2021-06-30,0.7513599991798401,0.7528998255729675,0.7492825984954834,0.751410186290741,0
2021-07-01,0.7497701644897461,0.7509999871253967,0.7464001178741455,0.7495301961898804,0
2021-07-02,0.7465806603431702,0.750099778175354,0.7449288964271545,0.7467100024223328,0
2021-07-05,0.7518599033355713,0.7540000081062317,0.7509198784828186,0.7516818642616272,0
2021-07-06,0.7543002963066101,0.7598599195480347,0.7488898038864136,0.7540000081062317,0
2021-07-07,0.7494998574256897,0.7534000873565674,0.7464597821235657,0.7491399645805359,0
2021-07-08,0.7484413981437683,0.7484749555587769,0.7418199181556702,0.7483097910881042,0
2021-07-09,0.7433286309242249,0.7487198710441589,0.7410102486610413,0.7437156438827515,0
2021-07-12,0.749007523059845,0.7496999502182007,0.7449799180030823,0.7492882013320923,0
2021-07-13,0.7480998039245605,0.7505254149436951,0.7427985668182373,0.7480998039245605,0
2021-07-14,0.7441999316215515,0.7485999464988708,0.7433999180793762,0.7438300848007202,0
2021-07-15,0.7480382323265076,0.748615026473999,0.7434225678443909,0.7480998039245605,0
2021-07-16,0.7423000931739807,0.744399905204773,0.7400401830673218,0.742462158203125,0
2021-07-19,0.7390999794006348,0.7391999363899231,0.7330002188682556,0.7389000654220581,0
2021-07-20,0.7339202165603638,0.7356197237968445,0.7300602197647095,0.733751118183136,0
2021-07-21,0.7338911294937134,0.7360301613807678,0.7289798259735107,0.733900249004364,0
2021-07-22,0.7352616786956787,0.739700198173523,0.7343098521232605,0.7352021932601929,0
2021-07-23,0.7380498647689819,0.7391999363899231,0.7357901930809021,0.7382498383522034,0
2021-07-26,0.7368219494819641,0.7390982508659363,0.7333002090454102,0.736659049987793,0
2021-07-27,0.738825261592865,0.7389999628067017,0.7337802052497864,0.7386069893836975,0
2021-07-28,0.7366374135017395,0.7375800609588623,0.7324102520942688,0.736789882183075,0
2021-07-29,0.7377101182937622,0.7413398623466492,0.7360100746154785,0.7377999424934387,0
2021-07-30,0.739609956741333,0.7405762076377869,0.7345002293586731,0.739601194858551,0
2021-08-02,0.7342305779457092,0.7382797598838806,0.7329798340797424,0.7342305779457092,0
2021-08-03,0.7360599637031555,0.740899920463562,0.7358801364898682,0.7362398505210876,0
2021-08-04,0.7396799921989441,0.7427213191986084,0.7371000051498413,0.7396399974822998,0
2021-08-05,0.7382999658584595,0.7416747212409973,0.7378222346305847,0.7382498383522034,0
2021-08-06,0.7402998805046082,0.7406858801841736,0.7347916960716248,0.7404999732971191,0
2021-08-09,0.7337833642959595,0.736594021320343,0.7328998446464539,0.7338000535964966,0
2021-08-10,0.733100175857544,0.7356186509132385,0.7316198945045471,0.7330002188682556,0
2021-08-11,0.7343798875808716,0.7385802865028381,0.7324998378753662,0.7344597578048706,0
2021-08-12,0.7374087572097778,0.7375174760818481,0.7336100339889526,0.7372201085090637,0
2021-08-13,0.734149694442749,0.7379997968673706,0.7333701252937317,0.7340198755264282,0
2021-08-16,0.736572265625,0.7369001507759094,0.7320322394371033,0.7366916537284851,0
2021-08-17,0.7341066002845764,0.7339772582054138,0.7253209352493286,0.7339202165603638,0
2021-08-18,0.7255598902702332,0.7271997332572937,0.723159909248352,0.7255498766899109,0
2021-08-19,0.7230997681617737,0.7235000133514404,0.7145500779151917,0.723159909248352,0
2021-08-20,0.714620053768158,0.7159000635147095,0.7107300162315369,0.7147998809814453,0
2021-08-23,0.7139797210693359,0.7211000919342041,0.7141582369804382,0.714188814163208,0
2021-08-24,0.7209597229957581,0.7270998358726501,0.72014981508255,0.7208698391914368,0
2021-08-25,0.724879801273346,0.7267283797264099,0.7237602472305298,0.7250500917434692,0
2021-08-26,0.727660059928894,0.7282260060310364,0.7242099642753601,0.7277898788452148,0
2021-08-27,0.7238398790359497,0.7309941649436951,0.7223100662231445,0.723552405834198,0
2021-08-30,0.731598436832428,0.7320001125335693,0.7286197543144226,0.7317965626716614,0
2021-08-31,0.7291233539581299,0.7342144250869751,0.7289479970932007,0.7293148040771484,0
2021-09-01,0.7317901849746704,0.7372298836708069,0.7308498620986938,0.7320001125335693,0
2021-09-02,0.7368001937866211,0.7409054040908813,0.735639750957489,0.7368800640106201,0
2021-09-03,0.7399300932884216,0.7477999925613403,0.7396001219749451,0.7397817373275757,0
2021-09-06,0.7445018887519836,0.7445999383926392,0.7427489161491394,0.7443411350250244,0
2021-09-07,0.7436713576316833,0.7465305328369141,0.7377787232398987,0.7437001466751099,0
2021-09-08,0.7386598587036133,0.7404001355171204,0.7346081733703613,0.7387101054191589,0
2021-09-09,0.7363770008087158,0.7394300103187561,0.7347500920295715,0.7359402179718018,0
2021-09-10,0.7370826601982117,0.7411249876022339,0.7361000776290894,0.7369740009307861,0
2021-09-13,0.7368110418319702,0.7376807332038879,0.7336999773979187,0.7365999817848206,0
2021-09-14,0.7365902066230774,0.7375001311302185,0.7324504852294922,0.7366998195648193,0
2021-09-15,0.7317097783088684,0.7338000535964966,0.7303001284599304,0.7318999171257019,0
2021-09-16,0.7341200709342957,0.7346999049186707,0.7275398969650269,0.7338000535964966,0
2021-09-17,0.7291499972343445,0.732225239276886,0.7267299294471741,0.7291701436042786,0
2021-09-20,0.7264010310173035,0.7270998358726501,0.722089409828186,0.7266121506690979,0
2021-09-21,0.7259702086448669,0.7284000515937805,0.722240149974823,0.726005494594574,0
2021-09-22,0.7227997779846191,0.7268002033233643,0.7225000262260437,0.7232002019882202,0
2021-09-23,0.7233999967575073,0.7312299013137817,0.7223700881004333,0.7233701944351196,0
2021-09-24,0.7299802899360657,0.731689453125,0.7236900925636292,0.7299702167510986,0
2021-09-27,0.7266121506690979,0.7291999459266663,0.7250601053237915,0.7266068458557129,0
2021-09-28,0.7280601263046265,0.7312999367713928,0.7230997681617737,0.7281200289726257,0
2021-09-29,0.7244277596473694,0.7262201309204102,0.7182199954986572,0.724480152130127,0
2021-09-30,0.7179998159408569,0.7257683873176575,0.7178297638893127,0.7178297638893127,0
2021-10-01,0.7231180667877197,0.7274002432823181,0.719377875328064,0.7228802442550659,0
2021-10-04,0.7275214195251465,0.7305135726928711,0.7252599000930786,0.7275997400283813,0
2021-10-05,0.7289697527885437,0.7298497557640076,0.7251500487327576,0.7289320230484009,0
2021-10-06,0.7290754914283752,0.7289161086082458,0.7227098941802979,0.7287620306015015,0
2021-10-07,0.728141188621521,0.7324998378753662,0.7271199226379395,0.7282997965812683,0
2021-10-08,0.7316797971725464,0.7338000535964966,0.7289400100708008,0.7316402196884155,0
2021-10-11,0.729490339756012,0.7373706698417664,0.7296000123023987,0.7296000123023987,0
2021-10-12,0.7348402738571167,0.7386069893836975,0.7333797812461853,0.7348402738571167,0
2021-10-13,0.7335088849067688,0.7379001379013062,0.7326399087905884,0.7335143089294434,0
2021-10-14,0.7386069893836975,0.7426998019218445,0.7372298836708069,0.7386801242828369,0
2021-10-15,0.741379976272583,0.7439800500869751,0.7404500246047974,0.7414898872375488,0
2021-10-18,0.7424786686897278,0.7426109910011292,0.738018274307251,0.7424676418304443,0
2021-10-19,0.7417000532150269,0.7483999133110046,0.7417500615119934,0.7417500615119934,0
2021-10-20,0.7477194666862488,0.7518231272697449,0.7466698288917542,0.7480002641677856,0
2021-10-21,0.7515299320220947,0.7547169327735901,0.7478592395782471,0.7516897916793823,0
2021-10-22,0.7463700175285339,0.7514277100563049,0.7455120086669922,0.7465305328369141,0
2021-10-25,0.7469096779823303,0.7507997751235962,0.7465400099754333,0.7470000386238098,0
2021-10-26,0.7491798400878906,0.7526000142097473,0.7490002512931824,0.7494499087333679,0
2021-10-27,0.7512978315353394,0.7536999583244324,0.7488398551940918,0.7514299750328064,0
2021-10-28,0.7500750422477722,0.7555723190307617,0.7479801177978516,0.7500412464141846,0
2021-10-29,0.7531600594520569,0.7555152177810669,0.750058114528656,0.7535000443458557,0
2021-11-01,0.7518287897109985,0.7535999417304993,0.7487198710441589,0.7520889043807983,0
2021-11-02,0.7520498633384705,0.753409206867218,0.7427599430084229,0.7523888349533081,0
2021-11-03,0.7438998222351074,0.7452120184898376,0.7416098117828369,0.7438002228736877,0
2021-11-04,0.746900200843811,0.7470324635505676,0.7383888363838196,0.7470324635505676,0
2021-11-05,0.740932822227478,0.7411997318267822,0.736409604549408,0.7409493327140808,0
2021-11-08,0.7395902872085571,0.7432733774185181,0.7386402487754822,0.7394973039627075,0
2021-11-09,0.7414799928665161,0.7432181239128113,0.7361899614334106,0.7415592074394226,0
2021-11-10,0.7376197576522827,0.7393201589584351,0.7344101071357727,0.7376502156257629,0
2021-11-11,0.7334120869636536,0.7342144250869751,0.7288401126861572,0.7334120869636536,0
2021-11-12,0.7291999459266663,0.732600212097168,0.7276897430419922,0.7290797829627991,0
2021-11-15,0.7332506775856018,0.7371000051498413,0.7323915362358093,0.7332722544670105,0
2021-11-16,0.734489917755127,0.737000048160553,0.7310101985931396,0.7345595955848694,0
2021-11-17,0.7301614880561829,0.7304500341415405,0.7264300584793091,0.7300500869750977,0
2021-11-18,0.7268604040145874,0.7293999195098877,0.7250601053237915,0.7268973588943481,0
2021-11-19,0.7279000878334045,0.7291999459266663,0.7230098843574524,0.7275795936584473,0
2021-11-22,0.7231698036193848,0.727150022983551,0.7229090332984924,0.723159909248352,0
2021-11-23,0.7228044867515564,0.7239032983779907,0.7208298444747925,0.7227799296379089,0
2021-11-24,0.7222198247909546,0.7229090332984924,0.7187000513076782,0.722300112247467,0
2021-11-25,0.7202001214027405,0.721084475517273,0.71809983253479,0.7202597260475159,0
2021-11-26,0.7173703908920288,0.7176999449729919,0.7113893628120422,0.7174990773200989,0
2021-11-29,0.7142806053161621,0.7160999774932861,0.7115108370780945,0.714188814163208,0
2021-11-30,0.714580237865448,0.7172001600265503,0.7067397832870483,0.714900016784668,0
2021-12-01,0.7124998569488525,0.7173087000846863,0.7121999859809875,0.7126699686050415,0
2021-12-02,0.7107598185539246,0.7120985388755798,0.7085214257240295,0.7107598185539246,0
2021-12-03,0.70878005027771,0.7090187072753906,0.701041042804718,0.708817720413208,0
2021-12-06,0.7017898559570312,0.7053479552268982,0.700721800327301,0.7016608715057373,0
2021-12-07,0.7049203515052795,0.7124998569488525,0.7040399312973022,0.7051191329956055,0
2021-12-08,0.712259829044342,0.7170098423957825,0.7117898464202881,0.7122400403022766,0
2021-12-09,0.7170000672340393,0.7189072370529175,0.7136001586914062,0.7168973088264465,0
2021-12-10,0.7146124243736267,0.7182720899581909,0.7134194374084473,0.7146941423416138,0
2021-12-13,0.7166095972061157,0.7178998589515686,0.7111414074897766,0.7166661024093628,0
2021-12-14,0.7133176326751709,0.713799774646759,0.7092801928520203,0.7132301330566406,0
2021-12-15,0.7106002569198608,0.7150400876998901,0.71034836769104,0.7105199098587036,0
2021-12-16,0.7166501879692078,0.7223398089408875,0.7146379351615906,0.7170000672340393,0
2021-12-17,0.717560887336731,0.7184001207351685,0.7137402296066284,0.7176999449729919,0
2021-12-20,0.7116981744766235,0.7129108309745789,0.7083101272583008,0.7120427489280701,0
2021-12-21,0.7109498381614685,0.7142193913459778,0.7100809812545776,0.7111616730690002,0
2021-12-22,0.7147799134254456,0.7217090129852295,0.7121497988700867,0.7147998809814453,0
2021-12-23,0.72139972448349,0.7245001196861267,0.7197999358177185,0.7212899327278137,0
2021-12-24,0.7233200073242188,0.7248099446296692,0.7222098708152771,0.7232300043106079,0
2021-12-27,0.7231285572052002,0.7243998646736145,0.7206199765205383,0.7230710387229919,0
2021-12-28,0.7236999869346619,0.7265002727508545,0.7220101952552795,0.7235502600669861,0
2021-12-29,0.7233999967575073,0.7273256182670593,0.7213799357414246,0.7233000993728638,0
2021-12-30,0.7258790135383606,0.7278597950935364,0.7244198322296143,0.7262001037597656,0
2021-12-31,0.7249801754951477,0.7275997400283813,0.7244701981544495,0.7251105904579163,0
2022-01-03,0.7268181443214417,0.7279079556465149,0.7185900807380676,0.7268498539924622,0
2022-01-04,0.7197999358177185,0.7248998284339905,0.7185301780700684,0.7196900844573975,0
2022-01-05,0.7238802313804626,0.7271801829338074,0.7223398089408875,0.7241076827049255,0
2022-01-06,0.7220800518989563,0.722300112247467,0.7146599292755127,0.722300112247467,0
2022-01-07,0.7162600159645081,0.71859210729599,0.7131090760231018,0.7163991332054138,0
2022-01-10,0.7179111242294312,0.7205129861831665,0.7149393558502197,0.7178699374198914,0
2022-01-11,0.71809983253479,0.7200978994369507,0.7155701518058777,0.7181999087333679,0
2022-01-12,0.7209799885749817,0.7279201745986938,0.7200901508331299,0.7212998270988464,0
2022-01-13,0.7282207608222961,0.7313999533653259,0.7274896502494812,0.7281995415687561,0
2022-01-14,0.7282260060310364,0.7295010089874268,0.722180187702179,0.7280197739601135,0
2022-01-17,0.7216517329216003,0.7230997681617737,0.7196201682090759,0.7216413021087646,0
2022-01-18,0.7210798263549805,0.7227783203125,0.7176175117492676,0.7211599349975586,0
2022-01-19,0.7187501788139343,0.7238100171089172,0.7178699374198914,0.7189300060272217,0
2022-01-20,0.721700131893158,0.7275600433349609,0.7216725945472717,0.7218131422996521,0
2022-01-21,0.7217090129852295,0.7217501401901245,0.7181699872016907,0.7217501401901245,0
2022-01-24,0.7187884449958801,0.7189072370529175,0.7092399597167969,0.7186489701271057,0
2022-01-25,0.715449869632721,0.7172402143478394,0.7121898531913757,0.7155097723007202,0
2022-01-26,0.7158800363540649,0.7177998423576355,0.7150799632072449,0.7158800363540649,0
2022-01-27,0.7122999429702759,0.7121401429176331,0.7042104601860046,0.7121401429176331,0
2022-01-28,0.7035500407218933,0.7047216296195984,0.6968601942062378,0.703700065612793,0
2022-01-31,0.6997998356819153,0.7079144716262817,0.6993202567100525,0.6994279026985168,0
2022-02-01,0.7068301439285278,0.7117944359779358,0.7034698724746704,0.706589937210083,0
2022-02-02,0.7133991122245789,0.7158401012420654,0.7119302749633789,0.7134092450141907,0
2022-02-03,0.7120797634124756,0.7168001532554626,0.710989773273468,0.712088406085968,0
2022-02-04,0.7145000696182251,0.7152999043464661,0.7052300572395325,0.7141898274421692,0
2022-02-07,0.7080298066139221,0.7122999429702759,0.706589937210083,0.7079796195030212,0
2022-02-08,0.7129998207092285,0.71387779712677,0.7107598185539246,0.7128000259399414,0
2022-02-09,0.7145919799804688,0.7194099426269531,0.7143198847770691,0.7146021723747253,0
2022-02-10,0.7177411317825317,0.7248099446296692,0.715130090713501,0.7176700234413147,0
2022-02-11,0.7161697745323181,0.7183908224105835,0.7110499143600464,0.716159999370575,0
2022-02-14,0.7144796252250671,0.7146583199501038,0.7086921334266663,0.7146583199501038,0
2022-02-15,0.7132098078727722,0.715610146522522,0.7103584408760071,0.7132800221443176,0
2022-02-16,0.7149087190628052,0.7184939980506897,0.7144898176193237,0.7148422598838806,0
2022-02-17,0.7194502949714661,0.7217501401901245,0.7151592373847961,0.7192500829696655,0
2022-02-18,0.71893310546875,0.7229999303817749,0.7167600989341736,0.7187212109565735,0
2022-02-21,0.7171697616577148,0.722300112247467,0.7168407440185547,0.7172314524650574,0
2022-02-22,0.718450129032135,0.7233999967575073,0.7181999087333679,0.7185998558998108,0
2022-02-23,0.7226895689964294,0.7283798456192017,0.7221301198005676,0.7227297425270081,0
2022-02-24,0.7227997779846191,0.7228620052337646,0.7096275091171265,0.7228620052337646,0
2022-02-25,0.7160200476646423,0.7235575318336487,0.7146021723747253,0.7160200476646423,0
2022-02-28,0.7186489701271057,0.726374626159668,0.7169486880302429,0.7180812358856201,0
2022-03-01,0.7262001037597656,0.7290999889373779,0.72455894947052,0.7261109352111816,0
2022-03-02,0.7261425852775574,0.7290202379226685,0.7244119644165039,0.7260582447052002,0
2022-03-03,0.729341447353363,0.7347998023033142,0.7276400327682495,0.7292701005935669,0
2022-03-04,0.7336999773979187,0.7375174760818481,0.7303198575973511,0.7336299419403076,0
2022-03-07,0.7394808530807495,0.7437487840652466,0.7319599390029907,0.7392075657844543,0
2022-03-08,0.7328498363494873,0.7347900867462158,0.724658727645874,0.7329298853874207,0
2022-03-09,0.7267916798591614,0.7338000535964966,0.7268297076225281,0.7271997332572937,0
2022-03-10,0.731689989566803,0.7363119721412659,0.7289102077484131,0.7319101095199585,0
2022-03-11,0.7365999817848206,0.7365701198577881,0.7304602265357971,0.7365397214889526,0
2022-03-14,0.72965008020401,0.7296819686889648,0.7227600812911987,0.729570209980011,0
2022-03-15,0.71986985206604,0.7226702570915222,0.7166701555252075,0.7201000452041626,0
2022-03-16,0.7191000580787659,0.7273097634315491,0.71809983253479,0.719041645526886,0
2022-03-17,0.7288799285888672,0.7389399409294128,0.7285284399986267,0.7289692759513855,0
2022-03-18,0.738099992275238,0.7410975694656372,0.7362794280052185,0.7381598949432373,0
2022-03-21,0.7409987449645996,0.7425118088722229,0.7374898195266724,0.741020679473877,0
2022-03-22,0.7395793199539185,0.744999885559082,0.7375800609588623,0.7394590377807617,0
2022-03-23,0.7462301850318909,0.7499006390571594,0.7450788021087646,0.7463399767875671,0
2022-03-24,0.7499175071716309,0.7526600956916809,0.746780276298523,0.7501999139785767,0
2022-03-25,0.7514277100563049,0.7536300420761108,0.7496302127838135,0.7511172890663147,0
2022-03-28,0.7518231272697449,0.7539772391319275,0.7467423677444458,0.7518231272697449,0
2022-03-29,0.7499501705169678,0.7515689134597778,0.7462185025215149,0.7499501705169678,0
2022-03-30,0.7514672875404358,0.7536198496818542,0.7505084872245789,0.7514672875404358,0
2022-03-31,0.7503001093864441,0.7514700889587402,0.747138500213623,0.7503001093864441,0
2022-04-01,0.7491927742958069,0.7526997327804565,0.7473400235176086,0.7491927742958069,0
2022-04-04,0.7486487030982971,0.7556408643722534,0.7483909726142883,0.7486487030982971,0
2022-04-05,0.7543901801109314,0.7660698294639587,0.7536402940750122,0.7543901801109314,0
2022-04-06,0.7585699558258057,0.7596002221107483,0.7534772753715515,0.7585699558258057,0
2022-04-07,0.7505084872245789,0.7512600421905518,0.7467501163482666,0.7505084872245789,0
2022-04-08,0.7478480935096741,0.749299943447113,0.7427201867103577,0.7478480935096741,0
2022-04-11,0.7446514964103699,0.7461000084877014,0.74187833070755,0.7444298267364502,0
2022-04-12,0.7415317296981812,0.7494004368782043,0.7400116920471191,0.7415096759796143,0
2022-04-13,0.7454997897148132,0.7474958896636963,0.7395793199539185,0.7454997897148132,0
2022-04-14,0.7451497912406921,0.7469933032989502,0.7399021983146667,0.7451897859573364,0
2022-04-15,0.7410151958465576,0.7418001294136047,0.7394798398017883,0.7410151958465576,0
2022-04-18,0.7393824458122253,0.7397998571395874,0.7351497411727905,0.7393824458122253,0
2022-04-19,0.7357593774795532,0.7400100231170654,0.7346400022506714,0.7357593774795532,0
2022-04-20,0.7393988370895386,0.7457177639007568,0.7375697493553162,0.7393988370895386,0
2022-04-21,0.7446997761726379,0.7456899285316467,0.7373799085617065,0.7446997761726379,0
2022-04-22,0.7361114025115967,0.737000048160553,0.7250474691390991,0.7361114025115967,0
2022-04-25,0.7236937284469604,0.7233377695083618,0.7136001586914062,0.7236937284469604,0
2022-04-26,0.717849850654602,0.7228723764419556,0.7142398357391357,0.717849850654602,0
2022-04-27,0.714600145816803,0.7190106511116028,0.7103685736656189,0.714600145816803,0
2022-04-28,0.7125704288482666,0.7161297798156738,0.7055699229240417,0.7125704288482666,0
2022-04-29,0.710883617401123,0.7179998159408569,0.7095001339912415,0.710883617401123,0
2022-05-02,0.7065390348434448,0.7082198262214661,0.7034080028533936,0.7065390348434448,0
2022-05-03,0.7050997614860535,0.7141020894050598,0.7054002285003662,0.7050997614860535,0
2022-05-04,0.7103786468505859,0.7150201797485352,0.7091394066810608,0.7103786468505859,0
2022-05-05,0.7252898812294006,0.7265276908874512,0.7089784741401672,0.7252898812294006,0
2022-05-06,0.712100088596344,0.7132998704910278,0.7063798308372498,0.712100088596344,0
2022-05-09,0.7046997547149658,0.7046997547149658,0.697050154209137,0.7046997547149658,0
2022-05-10,0.6957392692565918,0.6986001133918762,0.691279947757721,0.6957392692565918,0
2022-05-11,0.693600058555603,0.7051888108253479,0.6930007338523865,0.693600058555603,0
2022-05-12,0.692750096321106,0.6952000260353088,0.6844701766967773,0.692750096321106,0
2022-05-13,0.6871907711029053,0.692520797252655,0.6866716742515564,0.6871907711029053,0
2022-05-16,0.6946181058883667,0.6959198713302612,0.6875702142715454,0.6946181058883667,0
2022-05-17,0.6972820162773132,0.7043002247810364,0.6973500847816467,0.6972820162773132,0
2022-05-18,0.7032843232154846,0.7047216296195984,0.6982601284980774,0.7032843232154846,0
2022-05-19,0.695900022983551,0.7068286538124084,0.6956400871276855,0.695900022983551,0
2022-05-20,0.7041500210762024,0.7073001265525818,0.7004762887954712,0.7041500210762024,0
2022-05-23,0.7062894701957703,0.7125699520111084,0.7059803605079651,0.7062894701957703,0
2022-05-24,0.7088980674743652,0.7104402184486389,0.7059200406074524,0.7088980674743652,0
2022-05-25,0.7103200554847717,0.7119398713111877,0.7036109566688538,0.7103200554847717,0
2022-05-26,0.708939790725708,0.7110999822616577,0.7058199048042297,0.708939790725708,0
2022-05-27,0.7098793983459473,0.7165998220443726,0.7092998623847961,0.7098793983459473,0
2022-05-30,0.7162810564041138,0.7203002572059631,0.7158298492431641,0.7162810564041138,0
2022-05-31,0.7195202112197876,0.7203401923179626,0.7151387929916382,0.7195202112197876,0
2022-06-01,0.7182618379592896,0.7230291962623596,0.715610146522522,0.7182618379592896,0
2022-06-02,0.7173600792884827,0.725789487361908,0.7141479849815369,0.7173600792884827,0
2022-06-03,0.726900041103363,0.7282101511955261,0.7206900715827942,0.726900041103363,0
2022-06-06,0.7204922437667847,0.7233796119689941,0.7190210223197937,0.7204922437667847,0
2022-06-07,0.7188607454299927,0.7238100171089172,0.7157801985740662,0.7188607454299927,0
2022-06-08,0.7220602631568909,0.7234424352645874,0.7176602482795715,0.7220602631568909,0
2022-06-09,0.7186489701271057,0.7194762229919434,0.7115007042884827,0.7186489701271057,0
2022-06-10,0.7098188996315002,0.7139002084732056,0.7040300369262695,0.7098188996315002,0
2022-06-13,0.7018282413482666,0.7033486366271973,0.6924402117729187,0.7018282413482666,0
2022-06-14,0.6941600441932678,0.6970000863075256,0.6876401305198669,0.6941600441932678,0
2022-06-15,0.6889899373054504,0.6957998275756836,0.6887906193733215,0.6889899373054504,0
2022-06-16,0.7016903758049011,0.7034822702407837,0.6945297718048096,0.7016903758049011,0
2022-06-17,0.704049825668335,0.704020082950592,0.6898198127746582,0.704049825668335,0
2022-06-20,0.6953000426292419,0.6996098756790161,0.6927001476287842,0.6953000426292419,0
2022-06-21,0.6969500780105591,0.699499785900116,0.6934999823570251,0.6969500780105591,0
2022-06-22,0.6961801052093506,0.696150004863739,0.68822181224823,0.6961801052093506,0
2022-06-23,0.6905218958854675,0.692620038986206,0.6869878172874451,0.6905218958854675,0
2022-06-24,0.6903502941131592,0.6957005858421326,0.6890421509742737,0.6903502941131592,0
2022-06-27,0.6943383812904358,0.6948999762535095,0.6909178495407104,0.6943383812904358,0
2022-06-28,0.6922522783279419,0.6964612603187561,0.6913812160491943,0.6922522783279419,0
2022-06-29,0.6904398798942566,0.6920079588890076,0.6862999200820923,0.6904398798942566,0
2022-06-30,0.6880465745925903,0.6913286447525024,0.685430109500885,0.6880465745925903,0
2022-07-01,0.6897598505020142,0.6903502941131592,0.6765579581260681,0.6897598505020142,0
2022-07-04,0.6815796494483948,0.6889999508857727,0.6795694231987,0.6815796494483948,0
2022-07-05,0.6873797178268433,0.6895125508308411,0.6765396595001221,0.6873797178268433,0
2022-07-06,0.6793201565742493,0.682449460029602,0.6767699122428894,0.6793201565742493,0
2022-07-07,0.6786000728607178,0.6849784255027771,0.6765304803848267,0.6786000728607178,0
2022-07-08,0.6849000453948975,0.6873513460159302,0.6796202063560486,0.6849000453948975,0
2022-07-11,0.6845798492431641,0.6845999956130981,0.6717901825904846,0.6845798492431641,0
2022-07-12,0.6743316054344177,0.6778604388237,0.6712490320205688,0.6743316054344177,0
2022-07-13,0.674700140953064,0.6803702712059021,0.6728297472000122,0.674700140953064,0
2022-07-14,0.6732302308082581,0.6787000298500061,0.6683200597763062,0.6732302308082581,0
2022-07-15,0.6754885315895081,0.6805498600006104,0.6720299124717712,0.6754885315895081,0
2022-07-18,0.6814774870872498,0.6854202151298523,0.6794701218605042,0.6814774870872498,0
2022-07-19,0.6810198426246643,0.690817654132843,0.6802998781204224,0.6810198426246643,0
2022-07-20,0.6897978782653809,0.6930097937583923,0.6884198188781738,0.6897978782653809,0
2022-07-21,0.6887384057044983,0.6918002367019653,0.68598872423172,0.6887384057044983,0
2022-07-22,0.692290186882019,0.6975300312042236,0.6895501017570496,0.692290186882019,0
2022-07-25,0.6904694437980652,0.6964758634567261,0.688378095626831,0.6904694437980652,0
2022-07-26,0.6951202750205994,0.6983240246772766,0.6923481822013855,0.6951202750205994,0
2022-07-27,0.6947387456893921,0.695894181728363,0.6916107535362244,0.6947387456893921,0
2022-07-28,0.6994900107383728,0.7016066908836365,0.6957392692565918,0.6994900107383728,0
2022-07-29,0.7000839710235596,0.7031498551368713,0.6914400458335876,0.7000839710235596,0
2022-08-01,0.6971215605735779,0.7046501040458679,0.6971215605735779,0.6971215605735779,0
2022-08-02,0.7023902535438538,0.7030598521232605,0.6914816498756409,0.7023902535438538,0
2022-08-03,0.6890298128128052,0.6945409178733826,0.6887099742889404,0.6890298128128052,0
2022-08-04,0.693899929523468,0.6991051435470581,0.6936197876930237,0.693899929523468,0
2022-08-05,0.6959198713302612,0.6974701881408691,0.6872299909591675,0.6959198713302612,0
2022-08-08,0.6902502179145813,0.700839638710022,0.6899311542510986,0.6902502179145813,0
2022-08-09,0.6987700462341309,0.6994963884353638,0.6966019868850708,0.6987700462341309,0
2022-08-10,0.6957005858421326,0.7102999091148376,0.6947701573371887,0.6957005858421326,0
2022-08-11,0.7078142762184143,0.7136001586914062,0.7063798308372498,0.7078142762184143,0
2022-08-12,0.7102898359298706,0.7129108309745789,0.7086297869682312,0.7102898359298706,0
2022-08-15,0.7116677761077881,0.7124181985855103,0.7012101411819458,0.7116677761077881,0
2022-08-16,0.7020002603530884,0.7040998935699463,0.6992200016975403,0.7020002603530884,0
2022-08-17,0.7019400596618652,0.7025999426841736,0.691210150718689,0.7019400596618652,0
2022-08-18,0.693040132522583,0.6971070170402527,0.689950168132782,0.693040132522583,0
2022-08-19,0.691119909286499,0.6919998526573181,0.6859599947929382,0.691119909286499,0
2022-08-22,0.6877105832099915,0.6923601627349854,0.6863300204277039,0.6877105832099915,0
2022-08-23,0.6878700256347656,0.6962091326713562,0.6857102513313293,0.6878700256347656,0
2022-08-24,0.6923002004623413,0.6953716278076172,0.6879798173904419,0.6923002004623413,0
2022-08-25,0.6907985806465149,0.699300229549408,0.6903097629547119,0.6907985806465149,0
2022-08-26,0.6963981986045837,0.7005990147590637,0.6915199160575867,0.6963981986045837,0
2022-08-29,0.6866905689239502,0.6927126049995422,0.6841901540756226,0.6866905689239502,0
2022-08-30,0.6907508373260498,0.6957973837852478,0.6859900951385498,0.6907508373260498,0
2022-08-31,0.6857398152351379,0.6904217600822449,0.6843400001525879,0.6857398152351379,0
2022-09-01,0.6828502416610718,0.684360146522522,0.6771718859672546,0.6828502416610718,0
2022-09-02,0.6795302033424377,0.6853798031806946,0.6781086325645447,0.6795302033424377,0
2022-09-05,0.6790295243263245,0.6804109811782837,0.677359938621521,0.6790295243263245,0
2022-09-06,0.6813998818397522,0.6834999322891235,0.67330002784729,0.6813998818397522,0
2022-09-07,0.6730109453201294,0.6736302375793457,0.6700077652931213,0.6730109453201294,0
2022-09-08,0.6751401424407959,0.6763502359390259,0.6713901162147522,0.6751401424407959,0
2022-09-09,0.6765899658203125,0.6877105832099915,0.6764398813247681,0.6765899658203125,0
2022-09-12,0.6846998333930969,0.6889201402664185,0.6825379729270935,0.6846998333930969,0
2022-09-13,0.689398467540741,0.6918002367019653,0.6761901378631592,0.689398467540741,0
2022-09-14,0.6743001937866211,0.6760182976722717,0.6705802083015442,0.6743001937866211,0
2022-09-15,0.6751797795295715,0.6769701838493347,0.6706098914146423,0.6751797795295715,0
2022-09-16,0.6687299013137817,0.6726998686790466,0.6670491099357605,0.6687299013137817,0
2022-09-19,0.6726998686790466,0.6731105446815491,0.6672894954681396,0.6726998686790466,0
2022-09-20,0.6733698844909668,0.6747410893440247,0.6685385704040527,0.6733698844909668,0
2022-09-21,0.6694202423095703,0.6703999042510986,0.6655600666999817,0.6694202423095703,0
2022-09-22,0.661010205745697,0.6671470403671265,0.6575400233268738,0.661010205745697,0
2022-09-23,0.66454017162323,0.66554856300354,0.6536998748779297,0.66454017162323,0
2022-09-26,0.653069794178009,0.6536802053451538,0.6458300352096558,0.653069794178009,0
2022-09-27,0.6476000547409058,0.6512401103973389,0.6442198753356934,0.6476000547409058,0
2022-09-28,0.6438001394271851,0.6512494683265686,0.636610209941864,0.6438001394271851,0
2022-09-29,0.6504995822906494,0.65090012550354,0.6436700224876404,0.6504995822906494,0
2022-09-30,0.6512998938560486,0.6520498991012573,0.6427974700927734,0.6512998938560486,0
2022-10-03,0.6420958042144775,0.6516993045806885,0.6412599682807922,0.6420958042144775,0
2022-10-04,0.6501798629760742,0.6545200943946838,0.6452487111091614,0.6501798629760742,0
2022-10-05,0.6514102220535278,0.6524600386619568,0.6416997909545898,0.6514102220535278,0
2022-10-06,0.651269793510437,0.6541001200675964,0.6391614079475403,0.651269793510437,0
2022-10-07,0.6414409279823303,0.6434000730514526,0.6375001668930054,0.6414409279823303,0
2022-10-10,0.6369832158088684,0.7365001440048218,0.6276991367340088,0.7361997365951538,0
2022-10-11,0.6294810771942139,0.6328713297843933,0.6248301267623901,0.6294810771942139,0
2022-10-12,0.6266409754753113,0.6288999915122986,0.6239704489707947,0.6266409754753113,0
2022-10-13,0.6277306079864502,0.6298899054527283,0.6176198124885559,0.6277306079864502,0
2022-10-14,0.630099892616272,0.6346700191497803,0.6215701103210449,0.630099892616272,0
2022-10-17,0.6223937273025513,0.6310999989509583,0.6211801171302795,0.6223937273025513,0
2022-10-18,0.6298815608024597,0.6339799165725708,0.6268900632858276,0.6298815608024597,0
2022-10-19,0.6316401362419128,0.6326999664306641,0.6270811557769775,0.6316401362419128,0
2022-10-20,0.6263701915740967,0.6354088187217712,0.6229209899902344,0.6263701915740967,0
2022-10-21,0.6274706721305847,0.6367999315261841,0.6212900876998901,0.6274706721305847,0
2022-10-24,0.6371902227401733,0.6372308135032654,0.6274510025978088,0.6371902227401733,0
2022-10-25,0.6329598426818848,0.6410790681838989,0.6304999589920044,0.6329598426818848,0
2022-10-26,0.6385700106620789,0.6511001586914062,0.6373798847198486,0.6385700106620789,0
2022-10-27,0.6493498086929321,0.652400016784668,0.6427999138832092,0.6493498086929321,0
2022-10-28,0.6450905799865723,0.6479999423027039,0.6391614079475403,0.6450905799865723,0
2022-10-31,0.6401310563087463,0.6430041193962097,0.6369001269340515,0.6401310563087463,0
2022-11-01,0.6409898996353149,0.6463706493377686,0.6383800506591797,0.6409898996353149,0
2022-11-02,0.6396700143814087,0.643086850643158,0.6387001276016235,0.6396700143814087,0
2022-11-03,0.6338501572608948,0.6372401714324951,0.6274510025978088,0.6338501572608948,0
2022-11-04,0.6288517117500305,0.647538423538208,0.6285908222198486,0.6288517117500305,0
2022-11-07,0.6439315676689148,0.6488997936248779,0.6407709717750549,0.6439315676689148,0
2022-11-08,0.6474796533584595,0.6549997925758362,0.6444918513298035,0.6474796533584595,0
2022-11-09,0.65091872215271,0.6520001888275146,0.643339216709137,0.65091872215271,0
2022-11-10,0.6434178352355957,0.6596997976303101,0.6388698816299438,0.6434178352355957,0
2022-11-11,0.6606900691986084,0.6703001260757446,0.6580297946929932,0.6606900691986084,0
2022-11-14,0.6698821187019348,0.6715916991233826,0.666429877281189,0.6698821187019348,0
2022-11-15,0.669189989566803,0.6792799830436707,0.6687299013137817,0.669189989566803,0
2022-11-16,0.6769499778747559,0.6793999671936035,0.673101544380188,0.6769499778747559,0
2022-11-17,0.6739497780799866,0.6750781536102295,0.6635197997093201,0.6739497780799866,0
2022-11-18,0.6689200401306152,0.67298823595047,0.6662198305130005,0.6689200401306152,0
2022-11-21,0.6682080030441284,0.6683687567710876,0.6585801839828491,0.6682080030441284,0
2022-11-22,0.6607800126075745,0.6650882363319397,0.6605412364006042,0.6607800126075745,0
2022-11-23,0.66498202085495,0.6722689270973206,0.6634801626205444,0.66498202085495,0
2022-11-24,0.6743502020835876,0.6778998970985413,0.6732900142669678,0.6743502020835876,0
2022-11-25,0.6765598058700562,0.6782001256942749,0.6721401214599609,0.6765598058700562,0
2022-11-28,0.6711905002593994,0.6723999977111816,0.6666297912597656,0.6711905002593994,0
2022-11-29,0.665198802947998,0.6748599410057068,0.6640899777412415,0.665198802947998,0
2022-11-30,0.668408989906311,0.6740179657936096,0.6675701141357422,0.668408989906311,0
2022-12-01,0.6799598932266235,0.6840998530387878,0.6791701912879944,0.6799598932266235,0
2022-12-02,0.6811015009880066,0.6834896206855774,0.6746900677680969,0.6811015009880066,0
2022-12-05,0.6813009977340698,0.6850502490997314,0.6709999442100525,0.6813009977340698,0
2022-12-06,0.6707807779312134,0.6743702292442322,0.6690497994422913,0.6707807779312134,0
2022-12-07,0.6698821187019348,0.6737000942230225,0.6669499278068542,0.6698821187019348,0
2022-12-08,0.6726998686790466,0.678104043006897,0.6700401306152344,0.6726998686790466,0
2022-12-09,0.6776500344276428,0.6815001964569092,0.6750398278236389,0.6776500344276428,0
2022-12-12,0.6781408190727234,0.6793298125267029,0.6730109453201294,0.6781408190727234,0
2022-12-13,0.6754000186920166,0.6893000602722168,0.674117922782898,0.6754000186920166,0
2022-12-14,0.6842299699783325,0.6874600052833557,0.6821999549865723,0.6842299699783325,0
2022-12-15,0.6857798099517822,0.6870099306106567,0.6698507070541382,0.6857798099517822,0
2022-12-16,0.6705918908119202,0.6737000942230225,0.667669951915741,0.6705918908119202,0
2022-12-19,0.6687487363815308,0.6735000014305115,0.6686503291130066,0.6687487363815308,0
2022-12-20,0.6707807779312134,0.6739898324012756,0.6629998087882996,0.6707807779312134,0
2022-12-21,0.6688498258590698,0.6727600693702698,0.6657097935676575,0.6688498258590698,0
2022-12-22,0.6716818809509277,0.6768001914024353,0.6670001149177551,0.6716818809509277,0
2022-12-23,0.6678001284599304,0.6713212132453918,0.666138231754303,0.6678001284599304,0
2022-12-26,0.6712490320205688,0.677570104598999,0.6681811809539795,0.6712490320205688,0
2022-12-27,0.674458920955658,0.6780000925064087,0.6725800037384033,0.674458920955658,0
2022-12-28,0.6729927659034729,0.6801000237464905,0.6720113754272461,0.6729927659034729,0
2022-12-29,0.6747100949287415,0.6778998970985413,0.6711301207542419,0.6747100949287415,0
2022-12-30,0.6766000390052795,0.6808399558067322,0.6756898164749146,0.6766000390052795,0
2023-01-02,0.6823097467422485,0.6843400001525879,0.6793898344039917,0.6823097467422485,0
2023-01-03,0.6805600523948669,0.6836204528808594,0.6689186692237854,0.6805600523948669,0
2023-01-04,0.6727999448776245,0.6891300082206726,0.6725582480430603,0.6727999448776245,0
2023-01-05,0.6829108595848083,0.6846032738685608,0.6736801266670227,0.6829108595848083,0
2023-01-06,0.6755697727203369,0.687000036239624,0.6722598671913147,0.6755697727203369,0
2023-01-09,0.689398467540741,0.6951202750205994,0.6885582208633423,0.689398467540741,0
2023-01-10,0.6909699440002441,0.692799985408783,0.6860498785972595,0.6909699440002441,0
2023-01-11,0.6895001530647278,0.692520797252655,0.687450110912323,0.6895001530647278,0
2023-01-12,0.6910998225212097,0.6981801986694336,0.688869833946228,0.6910998225212097,0
2023-01-13,0.6967815160751343,0.6993999481201172,0.6916921138763428,0.6967815160751343,0
2023-01-16,0.6973500847816467,0.7020002603530884,0.6942598223686218,0.6973500847816467,0
2023-01-17,0.6966398358345032,0.6993398666381836,0.6931304335594177,0.6966398358345032,0
2023-01-18,0.6988413333892822,0.7059903144836426,0.6974098682403564,0.6988413333892822,0
2023-01-19,0.6944000720977783,0.6949999928474426,0.6872285604476929,0.6944000720977783,0
2023-01-20,0.691399872303009,0.6964418292045593,0.6906702518463135,0.691399872303009,0
2023-01-23,0.6982703804969788,0.703937828540802,0.696290135383606,0.6984021067619324,0
2023-01-24,0.702928364276886,0.7055997848510742,0.6998199224472046,0.702928364276886,0
2023-01-25,0.7046719789505005,0.7122101187705994,0.7039180397987366,0.7046719789505005,0
2023-01-26,0.7108199596405029,0.7140102982521057,0.7081997394561768,0.7108199596405029,0
2023-01-27,0.7113898396492004,0.7131141424179077,0.7084912657737732,0.7113898396492004,0
2023-01-30,0.7107977271080017,0.7120985388755798,0.7067197561264038,0.7107977271080017,0
2023-01-31,0.7058099508285522,0.7063094973564148,0.6985498666763306,0.7058099508285522,0
2023-02-01,0.7051399946212769,0.7092002630233765,0.7037198543548584,0.7051399946212769,0
2023-02-02,0.7145000696182251,0.715610146522522,0.7071900963783264,0.7145000696182251,0
2023-02-03,0.7074687480926514,0.7074001431465149,0.693341851234436,0.7074687480926514,0
2023-02-06,0.6920798420906067,0.6948787569999695,0.6856598854064941,0.6920798420906067,0
2023-02-07,0.6887801885604858,0.6950598359107971,0.6887099742889404,0.6887801885604858,0
2023-02-08,0.6964598298072815,0.6995100975036621,0.6927400231361389,0.6964598298072815,0
2023-02-09,0.6930001974105835,0.7010607123374939,0.692280113697052,0.6930001974105835,0
2023-02-10,0.6939384341239929,0.6959900856018066,0.6912283301353455,0.6939384341239929,0
2023-02-13,0.6913477778434753,0.6967698931694031,0.6891798973083496,0.6913477778434753,0
2023-02-14,0.6970000863075256,0.702701210975647,0.6923400163650513,0.6970000863075256,0
2023-02-15,0.6987583041191101,0.6985191702842712,0.68656986951828,0.6987583041191101,0
2023-02-16,0.690689742565155,0.6935202479362488,0.6846098303794861,0.690689742565155,0
2023-02-17,0.6862400770187378,0.6873797178268433,0.6812314391136169,0.6862400770187378,0
2023-02-20,0.686940610408783,0.6922000646591187,0.6863889098167419,0.686940610408783,0
2023-02-21,0.6909002065658569,0.691811740398407,0.6858800053596497,0.6909002065658569,0
2023-02-22,0.686190128326416,0.6864218711853027,0.6809002161026001,0.686190128326416,0
2023-02-23,0.6812916994094849,0.6841700077056885,0.6785199642181396,0.6812916994094849,0
2023-02-24,0.6810133457183838,0.682593822479248,0.6719698309898376,0.6810133457183838,0
2023-02-27,0.6735684871673584,0.6743997931480408,0.6698798537254333,0.6735684871673584,0
2023-02-28,0.6743001937866211,0.6759999394416809,0.6706098914146423,0.6743001937866211,0
2023-03-01,0.6730788350105286,0.6783984303474426,0.6695901155471802,0.6730788350105286,0
2023-03-02,0.6759798526763916,0.6765899658203125,0.6708298325538635,0.6759798526763916,0
2023-03-03,0.6735000014305115,0.6765899658203125,0.67298823595047,0.6735000014305115,0
2023-03-06,0.6754611730575562,0.677099883556366,0.6717197895050049,0.6754611730575562,0
2023-03-07,0.6733099818229675,0.6748999953269958,0.6595600843429565,0.6733099818229675,0
2023-03-08,0.6591001749038696,0.662860095500946,0.6569094061851501,0.6591001749038696,0
2023-03-09,0.6594000458717346,0.6635083556175232,0.6577476263046265,0.6594000458717346,0
2023-03-10,0.6591001749038696,0.6638607382774353,0.6566798686981201,0.6591001749038696,0
2023-03-13,0.6634203791618347,0.6716006398200989,0.6602708697319031,0.6634203791618347,0
2023-03-14,0.6659198999404907,0.669469952583313,0.6633301377296448,0.6659198999404907,0
2023-03-15,0.6689097881317139,0.6711859703063965,0.6601200103759766,0.6689097881317139,0
2023-03-16,0.6618300080299377,0.6665289402008057,0.6615498065948486,0.6618300080299377,0
2023-03-17,0.6663401126861572,0.6723299026489258,0.6656016707420349,0.6663401126861572,0
2023-03-20,0.6713212132453918,0.6731998324394226,0.666700005531311,0.6713212132453918,0
2023-03-21,0.6716899871826172,0.6725501418113708,0.6650399565696716,0.6716899871826172,0
2023-03-22,0.667789876461029,0.670218825340271,0.6662499904632568,0.667789876461029,0
2023-03-23,0.6699314713478088,0.6755601763725281,0.6691800951957703,0.6699314713478088,0
2023-03-24,0.6681597828865051,0.6694999933242798,0.6626290678977966,0.6681597828865051,0
2023-03-27,0.665530800819397,0.6665200591087341,0.6635101437568665,0.665530800819397,0
2023-03-28,0.6660095453262329,0.6710959076881409,0.66554856300354,0.6660095453262329,0
2023-03-29,0.6706907749176025,0.6712900996208191,0.6662198305130005,0.6706907749176025,0
2023-03-30,0.6682482361793518,0.6717197895050049,0.6662300825119019,0.6682482361793518,0
2023-03-31,0.6716818809509277,0.6738181710243225,0.6671692728996277,0.6716818809509277,0
2023-04-03,0.6658897995948792,0.6787999868392944,0.6653891205787659,0.6658897995948792,0
2023-04-04,0.6788502335548401,0.6793399453163147,0.6722689270973206,0.6788502335548401,0
2023-04-05,0.6758081316947937,0.6775999665260315,0.6678197383880615,0.6758081316947937,0
2023-04-06,0.6716683506965637,0.6719481945037842,0.6654112339019775,0.6716683506965637,0
2023-04-07,0.6676012873649597,0.6692992448806763,0.6644606590270996,0.6676012873649597,0
2023-04-10,0.6673500537872314,0.6680299043655396,0.662020206451416,0.6673500537872314,0
2023-04-11,0.6648299694061279,0.6680026650428772,0.6645299792289734,0.6648299694061279,0
2023-04-12,0.6654002070426941,0.6721798777580261,0.6651501059532166,0.6654002070426941,0
2023-04-13,0.6699000597000122,0.678104043006897,0.6685801148414612,0.6699000597000122,0
2023-04-14,0.6783998608589172,0.6793999671936035,0.6697098612785339,0.6783998608589172,0
2023-04-17,0.6705199480056763,0.6718894839286804,0.6681901216506958,0.6705199480056763,0
2023-04-18,0.6700401306152344,0.6746408939361572,0.6698013544082642,0.6700401306152344,0
2023-04-19,0.6735698580741882,0.6741002202033997,0.6691290736198425,0.6735698580741882,0
2023-04-20,0.6705514192581177,0.6769797801971436,0.6698098182678223,0.6705514192581177,0
2023-04-21,0.6743178963661194,0.6743001937866211,0.6678599119186401,0.6743178963661194,0
2023-04-24,0.6693485379219055,0.6697600483894348,0.666700005531311,0.6693485379219055,0
2023-04-25,0.6703805327415466,0.6706907749176025,0.6625798940658569,0.6703805327415466,0
2023-04-26,0.663640022277832,0.6640000343322754,0.6595801115036011,0.663640022277832,0
2023-04-27,0.6608380675315857,0.6635000109672546,0.6596088409423828,0.6608380675315857,0
2023-04-28,0.6630398035049438,0.6642178893089294,0.6576100587844849,0.6630398035049438,0
2023-05-01,0.6612401008605957,0.6670998334884644,0.6610700488090515,0.6612401008605957,0
2023-05-02,0.6622801423072815,0.6718172430992126,0.6620898842811584,0.6622801423072815,0
2023-05-03,0.6673001646995544,0.6676998138427734,0.6650086045265198,0.6673001646995544,0
2023-05-04,0.6641517877578735,0.6699399948120117,0.6640798449516296,0.6641517877578735,0
2023-05-05,0.6696098446846008,0.6750002503395081,0.6695600748062134,0.6696098446846008,0
2023-05-08,0.6747683882713318,0.6804109811782837,0.6741302013397217,0.6747683882713318,0
2023-05-09,0.6780994534492493,0.6787999868392944,0.674740195274353,0.6780994534492493,0
2023-05-10,0.6766906976699829,0.6817701458930969,0.6745089292526245,0.6766906976699829,0
2023-05-11,0.6781914234161377,0.6797172427177429,0.6689589619636536,0.6781914234161377,0
2023-05-12,0.669989824295044,0.6707807779312134,0.664310097694397,0.669989824295044,0
2023-05-15,0.6646903157234192,0.6698821187019348,0.6642500758171082,0.6646903157234192,0
2023-05-16,0.6703001260757446,0.6710959076881409,0.6653183102607727,0.6703001260757446,0
2023-05-17,0.6657789945602417,0.6670491099357605,0.6629501581192017,0.6657789945602417,0
2023-05-18,0.6655617952346802,0.666888952255249,0.6605499386787415,0.6655617952346802,0
2023-05-19,0.6629980802536011,0.6673001646995544,0.6617901921272278,0.6629980802536011,0
2023-05-22,0.666100025177002,0.6667377948760986,0.6628301739692688,0.666100025177002,0
2023-05-23,0.6649687886238098,0.666400134563446,0.6611220240592957,0.6649687886238098,0
2023-05-24,0.6613581776618958,0.6615200638771057,0.6533385515213013,0.6613581776618958,0
2023-05-25,0.6545102000236511,0.654600203037262,0.6501316428184509,0.6545102000236511,0
2023-05-26,0.6498485803604126,0.6544117331504822,0.6492098569869995,0.6498485803604126,0
2023-05-29,0.6526989340782166,0.6553938984870911,0.6523710489273071,0.6526989340782166,0
2023-05-30,0.6528502106666565,0.655769944190979,0.6503497958183289,0.6528502106666565,0
2023-05-31,0.6517800092697144,0.6520180106163025,0.6464499831199646,0.6517800092697144,0
2023-06-01,0.6506401300430298,0.6578999757766724,0.6486001014709473,0.6506401300430298,0
2023-06-02,0.657799482345581,0.6637999415397644,0.6575183868408203,0.657799482345581,0
2023-06-05,0.6599997878074646,0.6634001135826111,0.6580419540405273,0.6599997878074646,0
2023-06-06,0.6613494157791138,0.6682701110839844,0.6610198020935059,0.6613494157791138,0
2023-06-07,0.6679089665412903,0.6716999411582947,0.6659297347068787,0.6679089665412903,0
2023-06-08,0.665860116481781,0.6716999411582947,0.6655400991439819,0.665860116481781,0
2023-06-09,0.671259880065918,0.6751000285148621,0.66939777135849,0.671259880065918,0
2023-06-12,0.6744998693466187,0.6775985956192017,0.6732197999954224,0.6744998693466187,0
2023-06-13,0.6753101944923401,0.6806499361991882,0.673879861831665,0.6753101944923401,0
2023-06-14,0.6769289374351501,0.683699905872345,0.6764498949050903,0.6769289374351501,0
2023-06-15,0.6796895265579224,0.6873797178268433,0.6769105792045593,0.6796895265579224,0
2023-06-16,0.688029944896698,0.6898602247238159,0.6857205629348755,0.688029944896698,0
2023-06-19,0.6875999569892883,0.6878998875617981,0.6835101842880249,0.6875999569892883,0
2023-06-20,0.6851379871368408,0.6855000853538513,0.6754798293113708,0.6851379871368408,0
2023-06-21,0.6788820624351501,0.6799945831298828,0.6744179725646973,0.6788820624351501,0
2023-06-22,0.6798702478408813,0.6806193590164185,0.6749687790870667,0.6798702478408813,0
2023-06-23,0.6760699152946472,0.6767099499702454,0.6663601398468018,0.6760699152946472,0
2023-06-26,0.6680517792701721,0.6694999933242798,0.66684889793396,0.6680517792701721,0
2023-06-27,0.6674498319625854,0.6720998883247375,0.6671114563941956,0.6674498319625854,0
2023-06-28,0.668140172958374,0.6687174439430237,0.6598612666130066,0.668140172958374,0
2023-06-29,0.6600616574287415,0.6641001105308533,0.6596101522445679,0.6600616574287415,0
2023-06-30,0.6619710922241211,0.6664400696754456,0.6604714393615723,0.6619710922241211,0
2023-07-03,0.6658321619033813,0.668941080570221,0.6637800931930542,0.6658321619033813,0
2023-07-04,0.6674097180366516,0.6706997752189636,0.664429783821106,0.6674097180366516,0
2023-07-05,0.6692701578140259,0.6700997948646545,0.6658298969268799,0.6692701578140259,0
2023-07-06,0.6656903028488159,0.6688998937606812,0.6600180864334106,0.6656903028488159,0
2023-07-07,0.6628398895263672,0.6687174439430237,0.6621201038360596,0.6628398895263672,0
2023-07-10,0.6688382029533386,0.6695398688316345,0.6624578833580017,0.6688382029533386,0
2023-07-11,0.667900025844574,0.6695098280906677,0.6651191711425781,0.667900025844574,0
2023-07-12,0.6693798899650574,0.6795098185539246,0.6683799624443054,0.6693798899650574,0
2023-07-13,0.6792786121368408,0.6896998882293701,0.6786401867866516,0.6792786121368408,0
2023-07-14,0.6888617873191833,0.6896076202392578,0.6841817498207092,0.6888617873191833,0
2023-07-17,0.6837793588638306,0.6839945316314697,0.6789101362228394,0.6837793588638306,0
2023-07-18,0.6810500025749207,0.6836401224136353,0.6789801716804504,0.6810500025749207,0
2023-07-19,0.6814821362495422,0.6818998456001282,0.6751702427864075,0.6814821362495422,0
2023-07-20,0.6769999265670776,0.6847392320632935,0.6771699786186218,0.6769999265670776,0
2023-07-21,0.6778190732002258,0.6787999868392944,0.6723100543022156,0.6778190732002258,0
2023-07-24,0.6725800037384033,0.6756209135055542,0.6716597676277161,0.6725800037384033,0
2023-07-25,0.6733009219169617,0.6791171431541443,0.6726500988006592,0.6733009219169617,0
2023-07-26,0.6787599325180054,0.6791402101516724,0.6731500029563904,0.6787599325180054,0
2023-07-27,0.6759999394416809,0.6820910573005676,0.6722282767295837,0.6759999394416809,0
2023-07-28,0.6711859703063965,0.6710999608039856,0.6623802185058594,0.6711859703063965,0
2023-07-31,0.6660805344581604,0.6738998889923096,0.6659297347068787,0.6660805344581604,0
2023-08-01,0.6716818809509277,0.6723200082778931,0.660571813583374,0.6716818809509277,0
2023-08-02,0.6617608070373535,0.6631000638008118,0.6528011560440063,0.6617608070373535,0
2023-08-03,0.6544999480247498,0.6560999751091003,0.6514899730682373,0.6544999480247498,0
2023-08-04,0.6561206579208374,0.660881757736206,0.654660165309906,0.6561206579208374,0
2023-08-07,0.657371461391449,0.6593000888824463,0.6556100249290466,0.657371461391449,0
2023-08-08,0.6572591066360474,0.6575901508331299,0.6497810482978821,0.6572591066360474,0
2023-08-09,0.6531601548194885,0.6570599675178528,0.6520987749099731,0.6531601548194885,0
2023-08-10,0.6536802053451538,0.6611089706420898,0.652890682220459,0.6536802053451538,0
2023-08-11,0.6512498259544373,0.6533500552177429,0.6487818956375122,0.6512498259544373,0
2023-08-14,0.6495404839515686,0.6503599286079407,0.6456111073493958,0.6495404839515686,0
2023-08-15,0.6488400101661682,0.6518904566764832,0.6459301710128784,0.6488400101661682,0
2023-08-16,0.6457903981208801,0.6479999423027039,0.6428800821304321,0.6457903981208801,0
2023-08-17,0.6414697170257568,0.6449615359306335,0.6368696093559265,0.6414697170257568,0
2023-08-18,0.6406888961791992,0.64292973279953,0.6380399465560913,0.6406888961791992,0
2023-08-21,0.6414697170257568,0.6423019766807556,0.6389204859733582,0.6414697170257568,0
2023-08-22,0.6414080262184143,0.6459001302719116,0.6404385566711426,0.6414080262184143,0
2023-08-23,0.6427999138832092,0.6472198367118835,0.6411802172660828,0.6427999138832092,0
2023-08-24,0.6480587720870972,0.6488997936248779,0.642351508140564,0.6480587720870972,0
2023-08-25,0.6413956880569458,0.6438279151916504,0.638239860534668,0.6413956880569458,0
2023-08-28,0.6416714191436768,0.643790602684021,0.6402798295021057,0.6416714191436768,0
2023-08-29,0.6428180932998657,0.6468999981880188,0.6402101516723633,0.6428180932998657,0
2023-08-30,0.647659957408905,0.6520605087280273,0.6451700329780579,0.647659957408905,0
2023-08-31,0.6478782296180725,0.650679886341095,0.6462494730949402,0.6478782296180725,0
2023-09-01,0.6488408446311951,0.6518394947052002,0.6444100141525269,0.6488408446311951,0
2023-09-04,0.6452862024307251,0.6479999423027039,0.6450905799865723,0.6452862024307251,0
2023-09-05,0.6458100080490112,0.6462870836257935,0.6358410716056824,0.6458100080490112,0
2023-09-06,0.6375396251678467,0.6404500603675842,0.6357998847961426,0.6375396251678467,0
2023-09-07,0.6383001804351807,0.6394700407981873,0.6362800598144531,0.6383001804351807,0
2023-09-08,0.6377400159835815,0.6414985060691833,0.6368501782417297,0.6377400159835815,0
2023-09-11,0.6397993564605713,0.6449000239372253,0.6390103101730347,0.6397993564605713,0
2023-09-12,0.643200159072876,0.6439999938011169,0.6410708427429199,0.643200159072876,0
2023-09-13,0.6428180932998657,0.6434178352355957,0.6388000845909119,0.6428180932998657,0
2023-09-14,0.6421617865562439,0.6457299590110779,0.6420401334762573,0.6421617865562439,0
2023-09-15,0.6432398557662964,0.6474168300628662,0.6432316303253174,0.6432398557662964,0
2023-09-18,0.6440501809120178,0.6449998617172241,0.6418299674987793,0.6440501809120178,0
2023-09-19,0.643960177898407,0.6474997997283936,0.6428499221801758,0.643960177898407,0
2023-09-20,0.646600067615509,0.6504999995231628,0.6448409557342529,0.646600067615509,0
2023-09-21,0.6436100006103516,0.6440808773040771,0.6387979984283447,0.6436100006103516,0
2023-09-22,0.6409598588943481,0.6465001702308655,0.6404508352279663,0.6409598588943481,0
2023-09-25,0.6440999507904053,0.64470374584198,0.6404898166656494,0.6440999507904053,0
2023-09-26,0.6422001123428345,0.6430301666259766,0.6388200521469116,0.6422001123428345,0
2023-09-27,0.6393861770629883,0.6409311294555664,0.6361998915672302,0.6393861770629883,0
2023-09-28,0.634759783744812,0.6425999999046326,0.6349085569381714,0.634759783744812,0
2023-09-29,0.6427974700927734,0.6502999067306519,0.6421700119972229,0.6427974700927734,0
2023-10-02,0.6437202095985413,0.64470374584198,0.6368501782417297,0.6437202095985413,0
2023-10-03,0.6362699270248413,0.6364999413490295,0.6287501454353333,0.6362699270248413,0
2023-10-04,0.6308901309967041,0.6343165040016174,0.6287805438041687,0.6308901309967041,0
2023-10-05,0.6329101920127869,0.637751042842865,0.632559061050415,0.6329101920127869,0
2023-10-06,0.6371049880981445,0.6394798159599304,0.6314606666564941,0.6371049880981445,0
2023-10-09,0.6371999979019165,0.6388959884643555,0.6345000863075256,0.6371999979019165,0
2023-10-10,0.6420900225639343,0.6432998776435852,0.6391798257827759,0.6420900225639343,0
2023-10-11,0.643347442150116,0.6447000503540039,0.6404799818992615,0.643347442150116,0
2023-10-12,0.6418097615242004,0.6431000232696533,0.6330800652503967,0.6418097615242004,0
2023-10-13,0.6316800117492676,0.6333001852035522,0.6286998987197876,0.6316800117492676,0
2023-10-16,0.6312999725341797,0.6341153979301453,0.6303099393844604,0.6312999725341797,0
2023-10-17,0.6337798237800598,0.6377997994422913,0.6337601542472839,0.6337798237800598,0
2023-10-18,0.6362699270248413,0.6392901539802551,0.63347989320755,0.6362699270248413,0
2023-10-19,0.6332400441169739,0.6337400674819946,0.6297098398208618,0.6332400441169739,0
2023-10-20,0.6326999664306641,0.6326999664306641,0.6299899220466614,0.6326999664306641,0
2023-10-23,0.6320393085479736,0.6339948177337646,0.6289798617362976,0.6320393085479736,0
2023-10-24,0.6336702108383179,0.6378600597381592,0.633620023727417,0.6336702108383179,0
2023-10-25,0.6360999345779419,0.6399999856948853,0.6322099566459656,0.6360999345779419,0
2023-10-26,0.6296999454498291,0.6327900886535645,0.6271601915359497,0.6296999454498291,0
2023-10-27,0.6335999369621277,0.6367800235748291,0.6325898766517639,0.6335999369621277,0
2023-10-30,0.6338903307914734,0.6384187340736389,0.6337617635726929,0.6338903307914734,0
2023-10-31,0.637100100517273,0.6376001834869385,0.6315599083900452,0.637100100517273,0
2023-11-01,0.6339948177337646,0.6393207907676697,0.6319299340248108,0.6339948177337646,0
2023-11-02,0.642259955406189,0.6456098556518555,0.6414100527763367,0.642259955406189,0
2023-11-03,0.6427900195121765,0.6509145498275757,0.642099916934967,0.6427900195121765,0
2023-11-06,0.6516865491867065,0.6525000333786011,0.649399995803833,0.6516865491867065,0
2023-11-07,0.6489419341087341,0.6503798961639404,0.6405398845672607,0.6489419341087341,0
2023-11-08,0.6430099010467529,0.6449116468429565,0.6407504677772522,0.6430099010467529,0
2023-11-09,0.6405698657035828,0.6428015828132629,0.6393302083015442,0.6405698657035828,0
2023-11-10,0.6361699104309082,0.6367804408073425,0.6339699029922485,0.6361699104309082,0
2023-11-13,0.6364598870277405,0.6391001343727112,0.6352715492248535,0.6364598870277405,0
2023-11-14,0.6381002068519592,0.6495999097824097,0.6360700130462646,0.6381002068519592,0
2023-11-15,0.6499837636947632,0.6535900235176086,0.648429811000824,0.6499837636947632,0
2023-11-16,0.6511502265930176,0.6516908407211304,0.6461300849914551,0.6511502265930176,0
2023-11-17,0.6470816731452942,0.6512299180030823,0.6453598737716675,0.6470816731452942,0
2023-11-20,0.6513597369194031,0.6564001441001892,0.6501612663269043,0.6513597369194031,0
2023-11-21,0.6564001441001892,0.6589998602867126,0.6557798385620117,0.6564001441001892,0
2023-11-22,0.6559097170829773,0.6571002006530762,0.6523199677467346,0.6559097170829773,0
2023-11-23,0.6542789936065674,0.6575053930282593,0.6542498469352722,0.6542789936065674,0
2023-11-24,0.6560100317001343,0.6591001749038696,0.6550890803337097,0.6560100317001343,0
2023-11-27,0.658129870891571,0.6613398194313049,0.6567501425743103,0.658129870891571,0
2023-11-28,0.661250114440918,0.6664889454841614,0.6598308086395264,0.661250114440918,0
2023-11-29,0.6658999919891357,0.6673598289489746,0.6607114672660828,0.6658999919891357,0
2023-11-30,0.6619009971618652,0.6653001308441162,0.6572893261909485,0.6619009971618652,0
2023-12-01,0.6606799960136414,0.6664178371429443,0.6600499153137207,0.6606799960136414,0
2023-12-04,0.6682884097099304,0.6687710285186768,0.661139965057373,0.6682884097099304,0
2023-12-05,0.6617100238800049,0.6628099679946899,0.6545097827911377,0.6617100238800049,0
2023-12-06,0.6554699540138245,0.6599000692367554,0.6555013060569763,0.6554699540138245,0
2023-12-07,0.6551401019096375,0.6601095795631409,0.6526098847389221,0.6551401019096375,0
2023-12-08,0.6594479084014893,0.6621201038360596,0.6561998128890991,0.6594479084014893,0
2023-12-11,0.6579799652099609,0.6582108736038208,0.6550701856613159,0.6579799652099609,0
2023-12-12,0.6565001010894775,0.6609498858451843,0.6542301774024963,0.6565001010894775,0
2023-12-13,0.6564600467681885,0.6584999561309814,0.6543800234794617,0.6564600467681885,0
2023-12-14,0.6665000319480896,0.6727999448776245,0.6663779020309448,0.6665000319480896,0
2023-12-15,0.6702682375907898,0.6728601455688477,0.6665600538253784,0.6702682375907898,0
2023-12-18,0.6698910593986511,0.673582136631012,0.6691501140594482,0.6698910593986511,0
2023-12-19,0.6703715920448303,0.6774599552154541,0.6703900098800659,0.6703715920448303,0
2023-12-20,0.6762998700141907,0.6778998970985413,0.6749095320701599,0.6762998700141907,0
2023-12-21,0.6739816665649414,0.6798096895217896,0.6736701726913452,0.6739816665649414,0
2023-12-22,0.6796802878379822,0.6825999021530151,0.6774200201034546,0.6796802878379822,0
2023-12-25,0.6808788776397705,0.7092298865318298,0.6779201030731201,0.6808788776397705,0
2023-12-26,0.6806008219718933,0.6820998787879944,0.6798419952392578,0.6806008219718933,0
2023-12-27,0.6823800802230835,0.6852130889892578,0.6818598508834839,0.6823800802230835,0
2023-12-28,0.6854700446128845,0.6871199011802673,0.6825379729270935,0.6854700446128845,0
2023-12-29,0.6826302409172058,0.6847907900810242,0.6781601309776306,0.6826302409172058,0
2024-01-01,0.6820491552352905,0.6815001964569092,0.6813845634460449,0.6820491552352905,0
2024-01-02,0.6810504198074341,0.6840881109237671,0.6763200163841248,0.6810504198074341,0
2024-01-03,0.6765698194503784,0.6771998405456543,0.6703100204467773,0.6765698194503784,0
2024-01-04,0.6736002564430237,0.6761000752449036,0.6698399186134338,0.6736002564430237,0
2024-01-05,0.6706593036651611,0.6746100187301636,0.6642311811447144,0.6706593036651611,0
2024-01-08,0.6716412901878357,0.673582136631012,0.6678099632263184,0.6716412901878357,0
2024-01-09,0.6720001101493835,0.6735000014305115,0.667789876461029,0.6720001101493835,0
2024-01-10,0.6684702038764954,0.6714000701904297,0.6683701276779175,0.6684702038764954,0
2024-01-11,0.6703999042510986,0.6728116869926453,0.6647397875785828,0.6703999042510986,0
2024-01-12,0.6698498129844666,0.6728388071060181,0.6679098606109619,0.6698498129844666,0
2024-01-15,0.6689097881317139,0.6689589619636536,0.6651200652122498,0.6689097881317139,0
2024-01-16,0.6650399565696716,0.6651001572608948,0.6586799621582031,0.6650399565696716,0
2024-01-17,0.6588900089263916,0.6594100594520569,0.6528182029724121,0.6588900089263916,0
2024-01-18,0.6551997661590576,0.6575270891189575,0.6539401412010193,0.6551997661590576,0
2024-01-19,0.6582845449447632,0.6601601243019104,0.6565501093864441,0.6582845449447632,0
2024-01-22,0.6595479249954224,0.6614999175071716,0.6581501960754395,0.6595479249954224,0
2024-01-23,0.6570599675178528,0.6611998677253723,0.6563001871109009,0.6570599675178528,0
2024-01-24,0.6586300730705261,0.662020206451416,0.6566298604011536,0.6586300730705261,0
2024-01-25,0.6576697826385498,0.6609599590301514,0.6566699743270874,0.6576697826385498,0
2024-01-26,0.6585879921913147,0.6609202027320862,0.6577000021934509,0.6585879921913147,0
2024-01-29,0.6578601002693176,0.6606001853942871,0.6574578285217285,0.6578601002693176,0
2024-01-30,0.6614194512367249,0.662449061870575,0.6576100587844849,0.6614194512367249,0
2024-01-31,0.659480094909668,0.6621898412704468,0.6559600830078125,0.659480094909668,0
2024-02-01,0.656150758266449,0.6578900218009949,0.650959849357605,0.656150758266449,0
2024-02-02,0.6574898362159729,0.661010205745697,0.6507298350334167,0.6574898362159729,0
2024-02-05,0.6505080461502075,0.6520180106163025,0.6469895839691162,0.6505080461502075,0
2024-02-06,0.6480293273925781,0.6520180106163025,0.6480398178100586,0.6480293273925781,0
2024-02-07,0.6529674530029297,0.6541078090667725,0.6517201066017151,0.6529674530029297,0
2024-02-08,0.6521880626678467,0.6534000635147095,0.6481499075889587,0.6521880626678467,0
2024-02-09,0.6497599482536316,0.6532019972801208,0.6487600207328796,0.6497599482536316,0
2024-02-12,0.6525583267211914,0.6537900567054749,0.6513299942016602,0.6525583267211914,0
2024-02-13,0.6528898477554321,0.6533398628234863,0.645409882068634,0.6528898477554321,0
2024-02-14,0.6453399062156677,0.6490998268127441,0.6447120904922485,0.6453399062156677,0
2024-02-15,0.6498798131942749,0.6529098749160767,0.6478487849235535,0.6498798131942749,0
2024-02-16,0.6525498628616333,0.6535179018974304,0.6498600244522095,0.6525498628616333,0
2024-02-19,0.6537913680076599,0.6550998091697693,0.653398334980011,0.6537400484085083,0
2024-02-20,0.6530783176422119,0.6578099131584167,0.652239978313446,0.6530783176422119,0
2024-02-21,0.6553500890731812,0.657418966293335,0.6540500521659851,0.6553500890731812,0
2024-02-22,0.6553199887275696,0.6595301628112793,0.6541099548339844,0.6553199887275696,0
2024-02-23,0.6559101939201355,0.6583001613616943,0.6551620364189148,0.6559101939201355,0
2024-02-26,0.6565384864807129,0.6564479470252991,0.653351366519928,0.6563919186592102,0
2024-02-27,0.6539598107337952,0.6566100120544434,0.6526401042938232,0.6539598107337952,0
2024-02-28,0.6543898582458496,0.6550998091697693,0.6489999890327454,0.6543898582458496,0
2024-02-29,0.6494700312614441,0.6530198454856873,0.6487301588058472,0.6494700312614441,0
2024-03-01,0.6498401165008545,0.6533300280570984,0.6490901708602905,0.6498401165008545,0
2024-03-04,0.6527883410453796,0.6536998748779297,0.6511001586914062,0.6527883410453796,0
2024-03-05,0.6507620811462402,0.652103066444397,0.6479411721229553,0.6507620811462402,0
2024-03-06,0.6503900289535522,0.658059298992157,0.6493101716041565,0.6503900289535522,0
2024-03-07,0.6566298604011536,0.662510097026825,0.656469464302063,0.6566298604011536,0
2024-03-08,0.6621301770210266,0.6666600108146667,0.6614601016044617,0.6621301770210266,0
2024-03-11,0.6624314785003662,0.6629101634025574,0.6597198247909546,0.6624314785003662,0
2024-03-12,0.6615506410598755,0.663670003414154,0.6585901975631714,0.6615506410598755,0
2024-03-13,0.6607297658920288,0.6627001762390137,0.6600499153137207,0.6607297658920288,0
2024-03-14,0.6627599000930786,0.663140058517456,0.6571899652481079,0.6627599000930786,0
2024-03-15,0.6579297780990601,0.657912015914917,0.6553294658660889,0.6579297780990601,0
2024-03-18,0.6557978987693787,0.6574997901916504,0.6554712057113647,0.6557978987693787,0
2024-03-19,0.655750572681427,0.6570500731468201,0.6504399180412292,0.655750572681427,0
2024-03-20,0.6526401042938232,0.6541934013366699,0.6511900424957275,0.6526401042938232,0
2024-03-21,0.6597799062728882,0.6634401082992554,0.6562299728393555,0.6597799062728882,0
2024-03-22,0.657418966293335,0.6578081846237183,0.6511010527610779,0.657418966293335,0
2024-03-25,0.6515804529190063,0.6547999382019043,0.651088297367096,0.6515804529190063,0
2024-03-26,0.6538896560668945,0.6560999751091003,0.653190016746521,0.6538896560668945,0
2024-03-27,0.6538982391357422,0.6538999080657959,0.6512901782989502,0.6538982391357422,0
2024-03-28,0.6521999835968018,0.6541998386383057,0.6486001014709473,0.6521999835968018,0
2024-03-29,0.6516780853271484,0.6535400748252869,0.6509302258491516,0.6516780853271484,0
2024-04-01,0.6533001661300659,0.6539999842643738,0.6481099724769592,0.6533001661300659,0
2024-04-02,0.6487903594970703,0.6523199677467346,0.6485500931739807,0.6487903594970703,0
2024-04-03,0.651439905166626,0.6561998128890991,0.6503701210021973,0.651439905166626,0
2024-04-04,0.6568998694419861,0.6619009971618652,0.656579852104187,0.6568998694419861,0
2024-04-05,0.6587702035903931,0.6594130992889404,0.6550204157829285,0.6587702035903931,0
2024-04-08,0.6570215821266174,0.6612007021903992,0.6560298204421997,0.6570215821266174,0
2024-04-09,0.6604998111724854,0.6643701791763306,0.6599100828170776,0.6604998111724854,0
2024-04-10,0.662850022315979,0.6634001135826111,0.6506701707839966,0.662850022315979,0
2024-04-11,0.6507201194763184,0.6552702188491821,0.6502800583839417,0.6507201194763184,0
2024-04-12,0.6540607213973999,0.6542999744415283,0.6464700698852539,0.6540607213973999,0
2024-04-15,0.6475803256034851,0.6495193243026733,0.645439863204956,0.6475803256034851,0
2024-04-16,0.644250214099884,0.6442717909812927,0.6397993564605713,0.644250214099884,0
2024-04-17,0.6412801146507263,0.6438001394271851,0.6403893232345581,0.6412801146507263,0
2024-04-18,0.6439813375473022,0.645799994468689,0.6426500082015991,0.6439813375473022,0
2024-04-19,0.6424699425697327,0.6431798934936523,0.6365599632263184,0.6424699425697327,0
2024-04-22,0.6425991654396057,0.645490288734436,0.6425099968910217,0.6425620317459106,0
2024-04-23,0.6452862024307251,0.6490978002548218,0.6441298723220825,0.6452862024307251,0
2024-04-24,0.6488901376724243,0.6529000401496887,0.648349940776825,0.6488901376724243,0
2024-04-25,0.6496999263763428,0.6535998582839966,0.6486400961875916,0.6496999263763428,0
2024-04-26,0.6523199677467346,0.6554798483848572,0.6517999768257141,0.6523199677467346,0
2024-04-29,0.6541398763656616,0.6587181091308594,0.6536998748779297,0.6541398763656616,0
2024-04-30,0.6561899185180664,0.6566001176834106,0.6486809253692627,0.6561899185180664,0
2024-05-01,0.6478001475334167,0.6497299671173096,0.6466398239135742,0.6478001475334167,0
2024-05-02,0.653190016746521,0.6548101902008057,0.6516597867012024,0.653190016746521,0
2024-05-03,0.6571398973464966,0.6650899648666382,0.6565001010894775,0.6571398973464966,0
2024-05-06,0.6609079837799072,0.6637999415397644,0.6605800986289978,0.6609079837799072,0
2024-05-07,0.6623920202255249,0.6641998291015625,0.6587198972702026,0.6623920202255249,0
2024-05-08,0.6589199900627136,0.6594130992889404,0.6558598279953003,0.6589199900627136,0
2024-05-09,0.657680094242096,0.6612098813056946,0.6565901637077332,0.657680094242096,0
2024-05-10,0.6620998978614807,0.6627098917961121,0.6596802473068237,0.6620998978614807,0
2024-05-13,0.6601008772850037,0.6630859971046448,0.6586300730705261,0.6601008772850037,0
2024-05-14,0.6612882018089294,0.6629101634025574,0.6593000888824463,0.6612882018089294,0
2024-05-15,0.6626027226448059,0.6686699986457825,0.6624200940132141,0.6626027226448059,0
2024-05-16,0.6701065301895142,0.6714699268341064,0.6654701828956604,0.6701065301895142,0
2024-05-17,0.6683151721954346,0.6691501140594482,0.6648892164230347,0.6683151721954346,0
2024-05-20,0.6700705885887146,0.6710959076881409,0.6662797927856445,0.6700705885887146,0
2024-05-21,0.6672093272209167,0.6679999828338623,0.6647397875785828,0.6672093272209167,0
2024-05-22,0.6667097806930542,0.668489396572113,0.6633301377296448,0.6667097806930542,0
2024-05-23,0.6619185209274292,0.665860116481781,0.6615944504737854,0.6619185209274292,0
2024-05-24,0.6601487994194031,0.66361403465271,0.6593201160430908,0.6601487994194031,0
2024-05-27,0.6624007821083069,0.6661999225616455,0.6623086333274841,0.6624007821083069,0
2024-05-28,0.6655617952346802,0.6680026650428772,0.665340006351471,0.6655617952346802,0
2024-05-29,0.6647999286651611,0.6663001775741577,0.6615301370620728,0.6647999286651611,0
2024-05-30,0.6613699793815613,0.664893627166748,0.6591202020645142,0.6613699793815613,0
2024-05-31,0.6630301475524902,0.6676012873649597,0.6627897620201111,0.6630301475524902,0
2024-06-03,0.6656903028488159,0.6694202423095703,0.6633301377296448,0.6656903028488159,0
2024-06-04,0.669008195400238,0.6698699593544006,0.6631699800491333,0.669008195400238,0
2024-06-05,0.6646201014518738,0.6666000485420227,0.6626905202865601,0.6646201014518738,0
2024-06-06,0.6657789945602417,0.6683402061462402,0.6633899807929993,0.6657789945602417,0
2024-06-07,0.6669601202011108,0.6681811809539795,0.6581501960754395,0.6669601202011108,0
2024-06-10,0.6582714915275574,0.6611002087593079,0.6576498746871948,0.6582714915275574,0
2024-06-11,0.6608948111534119,0.6611002087593079,0.6589099764823914,0.6608948111534119,0
2024-06-12,0.6607699394226074,0.6701999306678772,0.6597698926925659,0.6607699394226074,0
2024-06-13,0.6662899851799011,0.667481005191803,0.6632698774337769,0.6662899851799011,0
2024-06-14,0.6633102893829346,0.6641098260879517,0.659260094165802,0.6633102893829346,0
2024-06-17,0.6612882018089294,0.6620000004768372,0.6585702300071716,0.6612882018089294,0
2024-06-18,0.6622077822685242,0.6656504273414612,0.6603201031684875,0.6622077822685242,0
2024-06-19,0.6661200523376465,0.667900025844574,0.6660299301147461,0.6661200523376465,0
2024-06-20,0.6675300002098083,0.667900025844574,0.6654511094093323,0.6675300002098083,0
2024-06-21,0.6660698652267456,0.6670998334884644,0.6632091403007507,0.6660698652267456,0
2024-06-24,0.6635000109672546,0.6667898297309875,0.6626400351524353,0.6635000109672546,0
2024-06-25,0.6654599905014038,0.6672400236129761,0.663599967956543,0.6654599905014038,0
2024-06-26,0.6644800901412964,0.6690999865531921,0.6636598706245422,0.6644800901412964,0
2024-06-27,0.6644783020019531,0.6673998832702637,0.6640282869338989,0.6644783020019531,0
2024-06-28,0.6650599241256714,0.6684702038764954,0.6620898842811584,0.6650599241256714,0
2024-07-01,0.6674007773399353,0.6688068509101868,0.66454017162323,0.6674007773399353,0
2024-07-02,0.6654599905014038,0.6671301126480103,0.6635000109672546,0.6654599905014038,0
2024-07-03,0.6668298244476318,0.6733507513999939,0.6665697693824768,0.6668298244476318,0
2024-07-04,0.6710900068283081,0.67330002784729,0.6711098551750183,0.6710900068283081,0
2024-07-05,0.6725085377693176,0.6748298406600952,0.6719201803207397,0.6725085377693176,0
2024-07-08,0.6746591329574585,0.6760868430137634,0.6735398769378662,0.6746591329574585,0
2024-07-09,0.6743202209472656,0.6748999953269958,0.6724298596382141,0.6743202209472656,0
2024-07-10,0.6741496920585632,0.6753106117248535,0.6733199954032898,0.6741496920585632,0
2024-07-11,0.6751797795295715,0.6798604726791382,0.6747592687606812,0.6751797795295715,0
2024-07-12,0.6768500804901123,0.6793999671936035,0.6754598021507263,0.6768500804901123,0
2024-07-15,0.6771998405456543,0.6791171431541443,0.6763200163841248,0.6771998405456543,0
2024-07-16,0.6763300895690918,0.6762605905532837,0.6715397834777832,0.6763300895690918,0
2024-07-17,0.6731998324394226,0.6756998896598816,0.6724700927734375,0.6731998324394226,0
2024-07-18,0.6730697751045227,0.6743997931480408,0.6716200709342957,0.6730697751045227,0
2024-07-19,0.6705500483512878,0.6708001494407654,0.668429970741272,0.6705500483512878,0
2024-07-22,0.6696308851242065,0.6696129441261292,0.6631897687911987,0.6696308851242065,0
2024-07-23,0.6640105843544006,0.66454017162323,0.66118985414505,0.6640105843544006,0
2024-07-24,0.6612094640731812,0.6614194512367249,0.658440113067627,0.6612094640731812,0
2024-07-25,0.6574798822402954,0.6575918793678284,0.6520001888275146,0.6574798822402954,0
2024-07-26,0.6542999744415283,0.6571701169013977,0.654029905796051,0.6542999744415283,0
2024-07-29,0.6554999947547913,0.6569870710372925,0.6524603962898254,0.6554999947547913,0
2024-07-30,0.6551405787467957,0.6563001871109009,0.6529998183250427,0.6551405787467957,0
2024-07-31,0.6541501879692078,0.654219925403595,0.648030161857605,0.6541501879692078,0
2024-08-01,0.6547001004219055,0.6559901833534241,0.6514700651168823,0.6547001004219055,0
2024-08-02,0.6494898200035095,0.6547600626945496,0.6487700939178467,0.6494898200035095,0
2024-08-05,0.6497219204902649,0.651088297367096,0.6365493535995483,0.6497219204902649,0
2024-08-06,0.6515498757362366,0.6539708971977234,0.6475006341934204,0.6515498757362366,0
2024-08-07,0.6515001654624939,0.6575183868408203,0.6513499617576599,0.6515001654624939,0
2024-08-08,0.6515973806381226,0.6582000255584717,0.6512791514396667,0.6515973806381226,0
2024-08-09,0.659200131893158,0.66072016954422,0.6567501425743103,0.659200131893158,0
2024-08-12,0.6569784283638,0.6605019569396973,0.6570215821266174,0.6569784283638,0
2024-08-13,0.6585316061973572,0.6616600751876831,0.6579700112342834,0.6585316061973572,0
2024-08-14,0.6638598442077637,0.6644076704978943,0.6609599590301514,0.6638598442077637,0
2024-08-15,0.6600006818771362,0.663820207118988,0.6575300693511963,0.6600006818771362,0
2024-08-16,0.6612488627433777,0.6649201512336731,0.6610901355743408,0.6612488627433777,0
2024-08-19,0.6672983765602112,0.6723141074180603,0.6673295497894287,0.6672983765602112,0
2024-08-20,0.6735321879386902,0.6747997999191284,0.6713978052139282,0.6735321879386902,0
2024-08-21,0.6747274398803711,0.6756998896598816,0.6732900142669678,0.6747274398803711,0
2024-08-22,0.6749701499938965,0.6754018664360046,0.6700302362442017,0.6749701499938965,0
2024-08-23,0.6708199381828308,0.6791494488716125,0.6705802083015442,0.6708199381828308,0
2024-08-26,0.6787806153297424,0.6797001957893372,0.6766998767852783,0.6787806153297424,0
2024-08-27,0.6772910952568054,0.6792001724243164,0.6762285232543945,0.6772910952568054,0
2024-08-28,0.6787898540496826,0.6812314391136169,0.677099883556366,0.6787898540496826,0
2024-08-29,0.6783100962638855,0.6825007200241089,0.6784099340438843,0.6783100962638855,0
2024-08-30,0.67958003282547,0.6816400289535522,0.6758798360824585,0.67958003282547,0
2024-09-02,0.6768001914024353,0.6794701218605042,0.6758081316947937,0.6768001914024353,0
2024-09-03,0.6787299513816833,0.6793999671936035,0.6713197827339172,0.6787299513816833,0
2024-09-04,0.6714000701904297,0.6748093962669373,0.6687402129173279,0.6714000701904297,0
2024-09-05,0.6716187596321106,0.674081563949585,0.6714297533035278,0.6716187596321106,0
2024-09-06,0.6740502119064331,0.6766083240509033,0.6673299670219421,0.6740502119064331,0
2024-09-09,0.6670802235603333,0.6688963174819946,0.6648096442222595,0.6670802235603333,0
2024-09-10,0.6657878756523132,0.6676414012908936,0.6641698479652405,0.6657878756523132,0
2024-09-11,0.6653298139572144,0.6675121784210205,0.6622999310493469,0.6653298139572144,0
2024-09-12,0.6676998138427734,0.6700001358985901,0.6660898327827454,0.6676998138427734,0
2024-09-13,0.6726899147033691,0.6733099818229675,0.6692589521408081,0.6726899147033691,0
2024-09-16,0.6713797450065613,0.674900472164154,0.6706601977348328,0.6713797450065613,0
2024-09-17,0.6751897931098938,0.6769999265670776,0.674200177192688,0.6751897931098938,0
2024-09-18,0.6762696504592896,0.6790000200271606,0.6750398278236389,0.6762696504592896,0
2024-09-19,0.676369845867157,0.6840001344680786,0.6740901470184326,0.676369845867157,0
2024-09-20,0.6809576749801636,0.6831067800521851,0.678339958190918,0.6809576749801636,0
2024-09-23,0.6809993982315063,0.6853600740432739,0.6801698207855225,0.6809993982315063,0
2024-09-24,0.6834102272987366,0.6878000497817993,0.6815517544746399,0.6834102272987366,0
2024-09-25,0.6905400156974792,0.6908000111579895,0.6834999322891235,0.6905400156974792,0
2024-09-26,0.6821599006652832,0.6905400156974792,0.6819198727607727,0.6821599006652832,0
2024-09-27,0.689280092716217,0.693899929523468,0.6868886947631836,0.689280092716217,0
2024-09-30,0.6918787360191345,0.6941099166870117,0.6914098858833313,0.6918787360191345,0
2024-10-01,0.6915801763534546,0.6934399008750916,0.6872299909591675,0.6915801763534546,0
2024-10-02,0.6879992485046387,0.6915901899337769,0.6875597834587097,0.6879992485046387,0
2024-10-03,0.6887099742889404,0.6888000965118408,0.6830997467041016,0.6887099742889404,0
2024-10-04,0.6850300431251526,0.6851999759674072,0.6788400411605835,0.6850300431251526,0
2024-10-07,0.6800592541694641,0.6811988949775696,0.6758898496627808,0.6800592541694641,0
2024-10-08,0.6755999326705933,0.6770022511482239,0.6718299388885498,0.6755999326705933,0
2024-10-09,0.6739597916603088,0.6760598421096802,0.6708298325538635,0.6739597916603088,0
2024-10-10,0.6717401146888733,0.674170196056366,0.6713598966598511,0.6717401146888733,0
2024-10-11,0.6740997433662415,0.6758798360824585,0.6725198030471802,0.6740997433662415,0
2024-10-14,0.6731105446815491,0.6745999455451965,0.6702601313591003,0.6731105446815491,0
2024-10-15,0.6725999116897583,0.6733099818229675,0.6702498197555542,0.6725999116897583,0
2024-10-16,0.6682080030441284,0.6701065301895142,0.6659700274467468,0.6682080030441284,0
2024-10-17,0.6664889454841614,0.6710999608039856,0.6664490103721619,0.6664889454841614,0
2024-10-18,0.6699718832969666,0.6719499826431274,0.669469952583313,0.6699718832969666,0
2024-10-21,0.6716818809509277,0.6723200082778931,0.6656198501586914,0.6716818809509277,0
2024-10-22,0.6653094291687012,0.6694600582122803,0.6651589870452881,0.6653094291687012,0
2024-10-23,0.6685997843742371,0.6693001389503479,0.6628794074058533,0.6685997843742371,0
2024-10-24,0.663599967956543,0.6661781668663025,0.662330150604248,0.663599967956543,0
2024-10-25,0.663702130317688,0.6647000312805176,0.6619701981544495,0.663702130317688,0
2024-10-28,0.6603406071662903,0.6611133217811584,0.6580116152763367,0.6603406071662903,0
2024-10-29,0.6582671999931335,0.6586000919342041,0.6545899510383606,0.6582671999931335,0
2024-10-30,0.6563001871109009,0.6595401167869568,0.6537400484085083,0.6563001871109009,0
2024-10-31,0.6572798490524292,0.6579999327659607,0.6540479063987732,0.6572798490524292,0
2024-11-01,0.657680094242096,0.6590802073478699,0.6557501554489136,0.657680094242096,0
2024-11-04,0.6591914296150208,0.6619009971618652,0.6580700874328613,0.6591914296150208,0
2024-11-05,0.6584101915359497,0.6642999649047852,0.6579999327659607,0.6584101915359497,0
2024-11-06,0.6641499996185303,0.6642598509788513,0.6515209674835205,0.6641499996185303,0
2024-11-07,0.6567001342773438,0.6687889695167542,0.6564996838569641,0.6567001342773438,0
2024-11-08,0.6676815152168274,0.6676998138427734,0.6571002006530762,0.6676815152168274,0
2024-11-11,0.65845787525177,0.6597998738288879,0.6566289663314819,0.65845787525177,0
2024-11-12,0.6577605605125427,0.6578999757766724,0.6521497964859009,0.6577605605125427,0
2024-11-13,0.6529401540756226,0.6543817520141602,0.6481700539588928,0.6529401540756226,0
2024-11-14,0.6492705345153809,0.6498000621795654,0.6453698873519897,0.6492705345153809,0
2024-11-15,0.6455498337745667,0.6482498645782471,0.6444000601768494,0.6455498337745667,0
2024-11-18,0.6463413834571838,0.6498992443084717,0.6448500752449036,0.6463413834571838,0
2024-11-19,0.650590181350708,0.6526899933815002,0.6483999490737915,0.650590181350708,0
2024-11-20,0.6541501879692078,0.654600203037262,0.6485100984573364,0.6541501879692078,0
2024-11-21,0.6513999700546265,0.6534999012947083,0.6499398350715637,0.6513999700546265,0
2024-11-22,0.6510289311408997,0.6521880626678467,0.6474398374557495,0.6510289311408997,0
2024-11-25,0.6539880037307739,0.6549302935600281,0.6487692594528198,0.6539880037307739,0
2024-11-26,0.646379828453064,0.6507099866867065,0.6435200572013855,0.646379828453064,0
2024-11-27,0.6475173830986023,0.6499398350715637,0.6465799808502197,0.6475173830986023,0
2024-11-28,0.6497219204902649,0.6509098410606384,0.6478487849235535,0.6497219204902649,0
2024-11-29,0.6507400274276733,0.6527100205421448,0.6497101187705994,0.6507400274276733,0
2024-12-02,0.6502415537834167,0.651088297367096,0.6443602442741394,0.650199294090271,0
2024-12-03,0.6475300192832947,0.6504598259925842,0.6457499861717224,0.6475216150283813,0
2024-12-04,0.6485504508018494,0.6490135192871094,0.6400901079177856,0.6485298871994019,0
2024-12-05,0.6432936787605286,0.6452999114990234,0.6422690153121948,0.6431897878646851,0
2024-12-06,0.6449898481369019,0.6450197696685791,0.6379601955413818,0.6450197696685791,0
2024-12-09,0.639991819858551,0.6472001671791077,0.6380806565284729,0.6397011280059814,0
2024-12-10,0.643790602684021,0.6439149975776672,0.636610209941864,0.643728494644165,0
2024-12-11,0.6376001834869385,0.6389409303665161,0.6337798237800598,0.6375700831413269,0
2024-12-12,0.6383902430534363,0.642937958240509,0.6368899345397949,0.6383201479911804,0
2024-12-13,0.6375001668930054,0.6383001804351807,0.6352400779724121,0.6369199752807617,0
2024-12-16,0.6367115378379822,0.6384998559951782,0.6346506476402283,0.636829137802124,0
2024-12-17,0.6376400589942932,0.6381002068519592,0.6333098411560059,0.6376798748970032,0
2024-12-18,0.6341153979301453,0.6340000629425049,0.6300299763679504,0.6338300108909607,0
2024-12-19,0.6206199526786804,0.6265311241149902,0.6201396584510803,0.6208199262619019,0
2024-12-20,0.6233997941017151,0.6267313361167908,0.6215399503707886,0.6232999563217163,0
2024-12-23,0.6252892017364502,0.6266056299209595,0.6219899654388428,0.6254104375839233,0
2024-12-24,0.6244925856590271,0.6249375343322754,0.6225099563598633,0.6243799328804016,0
2024-12-25,0.6239081621170044,0.6647397875785828,0.6230141520500183,0.624000072479248,0
2024-12-26,0.6244574785232544,0.6256002187728882,0.6216299533843994,0.6245998740196228,0
2024-12-27,0.6223007440567017,0.6226999163627625,0.6201300024986267,0.6223704814910889,0
2024-12-30,0.6225099563598633,0.6246599555015564,0.6203100681304932,0.6224092245101929,0
2024-12-31,0.621999979019165,0.6232082843780518,0.6182200312614441,0.6218600273132324,0
2025-01-02,0.6194201707839966,0.6222702264785767,0.6188808083534241,0.6196001768112183,0
2025-01-03,0.6200800538063049,0.6225215792655945,0.6198398470878601,0.6201704144477844,0
2025-01-06,0.6220104694366455,0.6301597952842712,0.6219485998153687,0.6221188306808472,0
2025-01-07,0.623910129070282,0.6287501454353333,0.6237898468971252,0.6238498091697693,0
2025-01-08,0.6234919428825378,0.6243000030517578,0.6188199520111084,0.6234608292579651,0
2025-01-09,0.6211604475975037,0.6213109493255615,0.6172999143600464,0.6212183237075806,0
2025-01-10,0.6189700961112976,0.6209001541137695,0.6141698956489563,0.6192000508308411,0
2025-01-13,0.6154982447624207,0.6164000630378723,0.6132298111915588,0.6154186725616455,0
2025-01-14,0.6192100048065186,0.6206800937652588,0.6168308854103088,0.6190915107727051,0
2025-01-15,0.619160532951355,0.6246498227119446,0.6182001829147339,0.6191298961639404,0
2025-01-16,0.6235401034355164,0.6242298483848572,0.6193699240684509,0.6237136125564575,0
2025-01-17,0.6210300922393799,0.6226498484611511,0.6165000200271606,0.6209714412689209,0
2025-01-20,0.6195403337478638,0.628550112247467,0.6197199821472168,0.6198282837867737,0
2025-01-21,0.6281000375747681,0.6288600564002991,0.6211299896240234,0.6281201839447021,0
2025-01-22,0.6262015104293823,0.6295698881149292,0.6254100203514099,0.6263898015022278,0
2025-01-23,0.6275002360343933,0.6293800473213196,0.6256002187728882,0.6273682713508606,0
2025-01-24,0.6283262372016907,0.6333001852035522,0.6279301047325134,0.6283499002456665,0
2025-01-27,0.6292909979820251,0.6306999325752258,0.627599835395813,0.6294097900390625,0
2025-01-28,0.6263799667358398,0.6275100111961365,0.6238380670547485,0.6259400844573975,0
2025-01-29,0.6254573464393616,0.6256999969482422,0.6210987567901611,0.6252501010894775,0
2025-01-30,0.6239782571792603,0.6245998740196228,0.6215801239013672,0.6239315271377563,0
2025-01-31,0.6215001940727234,0.6243498921394348,0.6206014752388,0.6214113235473633,0
2025-02-03,0.614420473575592,0.6196516752243042,0.6088999509811401,0.6142204403877258,0
2025-02-04,0.6217397451400757,0.6259702444076538,0.6171399354934692,0.6218905448913574,0
2025-02-05,0.6251093745231628,0.6296515464782715,0.6240499019622803,0.6251484751701355,0
2025-02-06,0.6285473704338074,0.6287999153137207,0.6255700588226318,0.6286144852638245,0
2025-02-07,0.6281801462173462,0.630099892616272,0.6259499192237854,0.6281801462173462,0
2025-02-10,0.6258898973464966,0.6288999915122986,0.6253087520599365,0.6258918642997742,0
2025-02-11,0.6271283030509949,0.6296800971031189,0.6261101961135864,0.6271361708641052,0
2025-02-12,0.629830002784729,0.630994439125061,0.6236898303031921,0.629750669002533,0
2025-02-13,0.6282985806465149,0.6303977966308594,0.6255199909210205,0.6282788515090942,0
2025-02-14,0.6316919922828674,0.6367399096488953,0.6311816573143005,0.6317598223686218,0
2025-02-17,0.6356511116027832,0.6377002000808716,0.6354289650917053,0.6356390118598938,0
2025-02-18,0.6356107592582703,0.6364999413490295,0.6337296366691589,0.6359001398086548,0
2025-02-19,0.6353119015693665,0.6369998455047607,0.6339100003242493,0.6355000138282776,0
2025-02-20,0.6341274976730347,0.6396998763084412,0.6329995393753052,0.6341596245765686,0
2025-02-21,0.6404098868370056,0.6407098174095154,0.6370700597763062,0.6406149864196777,0
2025-02-24,0.6370319724082947,0.6391818523406982,0.6344799399375916,0.636930525302887,0
2025-02-25,0.6338099837303162,0.6358087062835693,0.632629930973053,0.6339988112449646,0
2025-02-26,0.6352877020835876,0.63533616065979,0.6300299763679504,0.6351989507675171,0
2025-02-27,0.6310780644416809,0.6312999725341797,0.6250601410865784,0.6308988928794861,0
2025-02-28,0.623219907283783,0.6238380670547485,0.6207594275474548,0.6232587695121765,0
2025-03-03,0.6220685243606567,0.6251093745231628,0.6209213137626648,0.6220182180404663,0
2025-03-04,0.6215812563896179,0.6243701577186584,0.6188310384750366,0.6216006278991699,0
2025-03-05,0.6269985437393188,0.632151186466217,0.6235098242759705,0.6267784833908081,0
2025-03-06,0.6338099837303162,0.6360598802566528,0.6323590874671936,0.6337497234344482,0
2025-03-07,0.6332280039787292,0.633899986743927,0.6284399628639221,0.6331918835639954,0
2025-03-10,0.6303898096084595,0.6331117749214172,0.6301117539405823,0.6302905082702637,0
2025-03-11,0.6279513835906982,0.6297998428344727,0.6260799765586853,0.6281012296676636,0
2025-03-12,0.6295286417007446,0.632110059261322,0.6277499198913574,0.6296515464782715,0
2025-03-13,0.6327592134475708,0.6335999369621277,0.6269698739051819,0.6329193711280823,0
2025-03-14,0.6287410259246826,0.6328000426292419,0.6278882622718811,0.6286619305610657,0
2025-03-17,0.6326191425323486,0.6375924348831177,0.6321991682052612,0.6325711011886597,0
2025-03-18,0.638198733329773,0.6391981840133667,0.6345100998878479,0.6382395029067993,0
2025-03-19,0.6361202001571655,0.6369021534919739,0.6321899890899658,0.6361606121063232,0
2025-03-20,0.6364116668701172,0.6363914012908936,0.6272900104522705,0.6363590359687805,0
2025-03-21,0.6303898096084595,0.6306999325752258,0.626049816608429,0.630318284034729,0
2025-03-24,0.6288319230079651,0.6305170655250549,0.6272998452186584,0.6288596391677856,0
2025-03-25,0.6285908222198486,0.6325310468673706,0.6279099583625793,0.6286817193031311,0
2025-03-26,0.6309000849723816,0.63319993019104,0.6283380389213562,0.6307998299598694,0
2025-03-27,0.6287015080451965,0.6321000456809998,0.6286698579788208,0.6286698579788208,0
2025-03-28,0.6301594376564026,0.6311800479888916,0.6281201839447021,0.630099892616272,0
2025-03-31,0.6282907128334045,0.6300402879714966,0.6219199299812317,0.6282511949539185,0
2025-04-01,0.6241885423660278,0.6282393336296082,0.6232599020004272,0.6240405440330505,0
2025-04-02,0.6289584636688232,0.6317119598388672,0.6273497939109802,0.628871500492096,0
2025-04-03,0.6264698505401611,0.6386797428131104,0.6257798671722412,0.6264094114303589,0
2025-04-04,0.6323510408401489,0.6331518292427063,0.6014784574508667,0.6326391100883484,0
2025-04-07,0.5987701416015625,0.6114099025726318,0.5959084630012512,0.5997001528739929,0
2025-04-08,0.5997613072395325,0.6084401607513428,0.5983298420906067,0.5992617011070251,0
2025-04-09,0.595528781414032,0.6058601140975952,0.5923082828521729,0.5955000519752502,0
2025-04-10,0.6133614778518677,0.6248399019241333,0.6118700504302979,0.613700270652771,0
2025-04-11,0.6223394870758057,0.6284881234169006,0.6182101368904114,0.6224712133407593,0
2025-04-14,0.6301316618919373,0.6345000863075256,0.6277901530265808,0.6306001543998718,0
2025-04-15,0.631991446018219,0.638239860534668,0.631931483745575,0.631931483745575,0
2025-04-16,0.6337898373603821,0.6390715837478638,0.63319993019104,0.633899986743927,0
2025-04-17,0.6372998952865601,0.6390899419784546,0.6334301829338074,0.636971116065979,0
2025-04-22,0.6421988606452942,0.6440999507904053,0.6378498673439026,0.6421411633491516,0
2025-04-23,0.6376200914382935,0.6428883671760559,0.6372698545455933,0.637738823890686,0
2025-04-24,0.6365291476249695,0.6405998468399048,0.6345000863075256,0.6363387703895569,0
2025-04-25,0.6403483152389526,0.6418197154998779,0.6375200748443604,0.6401679515838623,0
2025-04-28,0.63840651512146,0.6429793238639832,0.6368798017501831,0.6382313370704651,0
2025-04-29,0.6428800821304321,0.6448800563812256,0.6376599669456482,0.6428305506706238,0
2025-04-30,0.6386919617652893,0.641889750957489,0.6357400417327881,0.6388959884643555,0
2025-05-01,0.6413093209266663,0.6426280736923218,0.6368201971054077,0.6411818265914917,0
2025-05-02,0.6386797428131104,0.6469799280166626,0.6383617520332336,0.6385899782180786,0
2025-05-05,0.644558310508728,0.649399995803833,0.6435420513153076,0.6444586515426636,0
2025-05-06,0.6461409330368042,0.6488500833511353,0.6438698172569275,0.6461400985717773,0
2025-05-07,0.6506688594818115,0.6510700583457947,0.6457099318504333,0.6505199074745178,0
2025-05-08,0.6434799432754517,0.6465210318565369,0.6403688788414001,0.6431199312210083,0
2025-05-09,0.6392595171928406,0.6430413126945496,0.6372998952865601,0.6394597887992859,0
2025-05-12,0.642091691493988,0.6450406312942505,0.6365401148796082,0.6419680118560791,0
2025-05-13,0.6371780633926392,0.6473706960678101,0.636241614818573,0.6373080015182495,0
2025-05-14,0.6472617387771606,0.6500999331474304,0.6438499093055725,0.6473706960678101,0
2025-05-15,0.6428800821304321,0.6454998850822449,0.6391818523406982,0.6427602767944336,0
2025-05-16,0.640578031539917,0.6438001394271851,0.638879656791687,0.6404385566711426,0
2025-05-19,0.6410001516342163,0.6464700698852539,0.6398898363113403,0.6411998867988586,0
2025-05-20,0.6455819606781006,0.645599901676178,0.6392512917518616,0.645599901676178,0
2025-05-21,0.6425999999046326,0.6466506719589233,0.6423498392105103,0.642611563205719,0
2025-05-22,0.6433101892471313,0.6458100080490112,0.6408100128173828,0.6433309316635132,0
2025-05-23,0.6409804821014404,0.6479101181030273,0.6409311294555664,0.6410215497016907,0
2025-05-26,0.6501189470291138,0.6537613868713379,0.6494518518447876,0.6502500176429749,0
2025-05-27,0.6481007933616638,0.6496999263763428,0.6435200572013855,0.6480587720870972,0
2025-05-28,0.6447120904922485,0.645599901676178,0.6410790681838989,0.6448201537132263,0
2025-05-29,0.6425207257270813,0.6461000442504883,0.6409299373626709,0.6421782970428467,0
2025-05-30,0.6445998549461365,0.6452487111091614,0.6408100128173828,0.6444793939590454,0
2025-06-02,0.644321620464325,0.6500297784805298,0.644321620464325,0.644321620464325,0
2025-06-03,0.6498401165008545,0.6499288082122803,0.6449299454689026,0.6498992443084717,0
2025-06-04,0.646608829498291,0.6504064798355103,0.6451700329780579,0.646508514881134,0
2025-06-05,0.6490682363510132,0.6538999080657959,0.6486501693725586,0.649000883102417,0
2025-06-06,0.6510501503944397,0.6518055200576782,0.6480200886726379,0.6511306762695312,0
2025-06-09,0.6500217914581299,0.6534299254417419,0.6494801044464111,0.6499499678611755,0
2025-06-10,0.6518101692199707,0.6532958745956421,0.6490998268127441,0.6516500115394592,0
2025-06-11,0.6527202129364014,0.6545102000236511,0.6498992443084717,0.6528992056846619,0
2025-06-12,0.6509501338005066,0.6532899141311646,0.6477598547935486,0.65093994140625,0
2025-06-13,0.6527999043464661,0.6527500152587891,0.645999014377594,0.6527500152587891,0
2025-06-16,0.6499997973442078,0.6554798483848572,0.6467301249504089,0.6491188406944275,0
2025-06-17,0.6511001586914062,0.6543988585472107,0.6503100991249084,0.6512202024459839,0
2025-06-18,0.6479797959327698,0.652400016784668,0.6478798985481262,0.6481200456619263,0
2025-06-19,0.6507408618927002,0.6510840654373169,0.6447299718856812,0.6507502198219299,0
2025-06-20,0.6488786935806274,0.6496037244796753,0.6452487111091614,0.6486388444900513,0
2025-06-23,0.6446704864501953,0.6447203755378723,0.6373498439788818,0.6447203755378723,0
2025-06-24,0.6477800011634827,0.6518309712409973,0.6472098231315613,0.6480041146278381,0
2025-06-25,0.6495999097824097,0.6510001420974731,0.6485698223114014,0.6495100855827332,0
2025-06-26,0.6523114442825317,0.6558998227119446,0.6511200666427612,0.6520698666572571,0
2025-06-27,0.654630184173584,0.6563001871109009,0.65237957239151,0.6548101902008057,0
2025-06-30,0.6533215045928955,0.6572288274765015,0.652400016784668,0.6533812284469604,0
2025-07-01,0.6578081846237183,0.6592826843261719,0.6557299494743347,0.6576697826385498,0
2025-07-02,0.6583105325698853,0.6585012674331665,0.6545016765594482,0.6579899787902832,0
2025-07-03,0.6582901477813721,0.6586999297142029,0.6538199782371521,0.6583278179168701,0
2025-07-04,0.6577298641204834,0.6579999327659607,0.654630184173584,0.6576598286628723,0
2025-07-07,0.6551792025566101,0.6552607417106628,0.6486800909042358,0.6549302935600281,0
2025-07-08,0.6506096124649048,0.6550289988517761,0.6507201194763184,0.6507704854011536,0
2025-07-09,0.6524518728256226,0.654741644859314,0.6511391401290894,0.6523880958557129,0
2025-07-10,0.6535905003547668,0.6572893261909485,0.653488039970398,0.6536118388175964,0
2025-07-11,0.6594000458717346,0.6593783497810364,0.6557807326316833,0.6593696475028992,0
2025-07-14,0.6578081846237183,0.6588999629020691,0.6548900008201599,0.6578384637832642,0
2025-07-15,0.6544716358184814,0.6574795246124268,0.65093994140625,0.6544117331504822,0
2025-07-16,0.651898980140686,0.6551401019096375,0.6495910882949829,0.6521497964859009,0
2025-07-17,0.6525000333786011,0.6523412466049194,0.6455903053283691,0.6523412466049194,0
2025-07-18,0.649819016456604,0.6540693044662476,0.6497092843055725,0.6498485803604126,0
2025-07-21,0.6512112617492676,0.6538297533988953,0.6498600244522095,0.6512494683265686,0
2025-07-22,0.6528096795082092,0.6555700302124023,0.6504801511764526,0.6528011560440063,0
2025-07-23,0.6554712057113647,0.6600616574287415,0.6551019549369812,0.6554282307624817,0
2025-07-24,0.6603999137878418,0.6625149250030518,0.6597219705581665,0.660300076007843,0
2025-07-25,0.6597176194190979,0.6599000692367554,0.6553298830986023,0.6595609784126282,0
2025-07-28,0.6572980284690857,0.6586999297142029,0.6516301035881042,0.6572893261909485,0
2025-07-29,0.6524008512496948,0.6529998183250427,0.6496400237083435,0.6520605087280273,0
2025-07-30,0.651321530342102,0.6529098749160767,0.6449199318885803,0.6515209674835205,0
2025-07-31,0.6447120904922485,0.647731363773346,0.6428598165512085,0.6445707678794861,0
2025-08-01,0.6429089903831482,0.6493000388145447,0.6419498920440674,0.6428201794624329,0
2025-08-04,0.6469100117683411,0.6489999890327454,0.646320104598999,0.6470105051994324,0
2025-08-05,0.6474796533584595,0.6479285359382629,0.6450901031494141,0.6475006341934204,0
2025-08-06,0.6472994685173035,0.6508086323738098,0.6472001671791077,0.6472408175468445,0
2025-08-07,0.6500217914581299,0.653949499130249,0.649241030216217,0.649971067905426,0
2025-08-08,0.6525711417198181,0.6535998582839966,0.6512197256088257,0.6525583267211914,0
2025-08-11,0.6517715454101562,0.653082549571991,0.6501781344413757,0.6516993045806885,0
2025-08-12,0.6514403223991394,0.6540179252624512,0.6482200622558594,0.6514700651168823,0
2025-08-13,0.6529802083969116,0.6565126180648804,0.6517099142074585,0.6530399322509766,0
2025-08-14,0.6551706194877625,0.6567898392677307,0.6486300230026245,0.655131995677948,0
2025-08-15,0.6497514843940735,0.6523000001907349,0.6488198041915894,0.6498317122459412,0
2025-08-18,0.651296079158783,0.6525000333786011,0.6482200622558594,0.6512578725814819,0
2025-08-19,0.6494801044464111,0.6499997973442078,0.6458901166915894,0.6495488882064819,0
2025-08-20,0.6454598307609558,0.6454998850822449,0.6424299478530884,0.6454598307609558,0
2025-08-21,0.6436100006103516,0.6438001394271851,0.6415001749992371,0.643569827079773,0
2025-08-22,0.6425496339797974,0.6500099897384644,0.6415598392486572,0.6426098942756653,0
2025-08-25,0.6484898924827576,0.6507027745246887,0.6472198367118835,0.6485900282859802,0
2025-08-26,0.6481099724769592,0.6498700976371765,0.6471486687660217,0.6481805443763733,0
2025-08-27,0.6495801210403442,0.6503896117210388,0.6462900042533875,0.6495898365974426,0
2025-08-28,0.6511399745941162,0.6533902287483215,0.6506498456001282,0.6512401103973389,0
2025-08-29,0.6532399654388428,0.6548501253128052,0.6524301767349243,0.6531299352645874,0
2025-09-01,0.6543598771095276,0.6560999751091003,0.6535601615905762,0.6544001698493958,0
2025-09-02,0.6556801199913025,0.6558800339698792,0.6484701633453369,0.6557501554489136,0
2025-09-03,0.6518301367759705,0.6550500392913818,0.6503299474716187,0.6519299745559692,0
2025-09-04,0.6544399857521057,0.655007541179657,0.6502200365066528,0.6545500755310059,0
2025-09-05,0.6521999835968018,0.6588999629020691,0.6520698666572571,0.6522302031517029,0
2025-09-08,0.655450165271759,0.6598700284957886,0.654910147190094,0.6553698182106018,0
2025-09-09,0.6598090529441833,0.6621999144554138,0.6585901975631714,0.6597998738288879,0
2025-09-10,0.6584700345993042,0.663702130317688,0.6580800414085388,0.6585879921913147,0
2025-09-11,0.6619316339492798,0.665860116481781,0.659991979598999,0.6618400812149048,0
2025-09-12,0.6668000221252441,0.6668698787689209,0.6631599068641663,0.6665600538253784,0
2025-09-15,0.6648998260498047,0.6671701669692993,0.6645299792289734,0.665029764175415,0
2025-09-16,0.6673001646995544,0.6677698493003845,0.6660498976707458,0.6672801375389099,0
2025-09-17,0.6688998937606812,0.6692096590995789,0.6664600372314453,0.6688900589942932,0
2025-09-18,0.6652501225471497,0.6659784913063049,0.6608598828315735,0.6651598811149597,0
2025-09-19,0.6617901921272278,0.6620998978614807,0.6586899161338806,0.6617801189422607,0
2025-09-22,0.6589308381080627,0.6599997878074646,0.6575698256492615,0.6588600277900696,0
2025-09-23,0.660199761390686,0.6614898443222046,0.6581601500511169,0.6601701378822327,0
2025-09-24,0.6597799062728882,0.6627001762390137,0.6584700345993042,0.6599701642990112,0
2025-09-25,0.6586921215057373,0.6604147553443909,0.6543701887130737,0.6587198972702026,0
2025-09-26,0.6537314653396606,0.6548501253128052,0.6521497964859009,0.6536998748779297,0
2025-09-29,0.6553998589515686,0.6581112146377563,0.6548599600791931,0.6550998091697693,0
2025-09-30,0.6581978797912598,0.6629000902175903,0.6571899652481079,0.6578198671340942,0
2025-10-01,0.6610700488090515,0.6629980802536011,0.6589699387550354,0.6610700488090515,0
2025-10-02,0.6615498065948486,0.6627001762390137,0.6578099131584167,0.6615594029426575,0
2025-10-03,0.6598090529441833,0.6614894270896912,0.6589399576187134,0.6598900556564331,0
2025-10-06,0.6593101024627686,0.6621201038360596,0.6591202020645142,0.6593700647354126,0
2025-10-07,0.6616500020027161,0.6624499559402466,0.6582497954368591,0.6616701483726501,0
2025-10-08,0.6580505967140198,0.6588301062583923,0.6557398438453674,0.6579899787902832,0
2025-10-09,0.6584500670433044,0.6611133217811584,0.6547116041183472,0.6584301590919495,0
2025-10-10,0.6561291813850403,0.657418966293335,0.6484898924827576,0.6561098694801331,0
2025-10-13,0.6498401165008545,0.6532498002052307,0.6498700976371765,0.6498992443084717,0
2025-10-14,0.651159942150116,0.6520987749099731,0.644119918346405,0.6513800621032715,0
2025-10-15,0.6491301655769348,0.6523000001907349,0.6487099528312683,0.6489701271057129,0
2025-10-16,0.6508001685142517,0.6516186594963074,0.6482688188552856,0.6506701707839966,0
2025-10-17,0.64823979139328,0.6502200365066528,0.6445499658584595,0.6480881571769714,0
2025-10-20,0.6501701474189758,0.6520392298698425,0.6485900282859802,0.6500501036643982,0
2025-10-21,0.6516313552856445,0.652529776096344,0.6474398374557495,0.6515901684761047,0
2025-10-22,0.6491904854774475,0.6511900424957275,0.648280143737793,0.6492916345596313,0
2025-10-23,0.6489999890327454,0.6517205238342285,0.6479499936103821,0.648669958114624,0
2025-10-24,0.6514798402786255,0.6528608202934265,0.6493700742721558,0.6514798402786255,0
2025-10-27,0.653398334980011,0.6560001373291016,0.6529401540756226,0.6533799767494202,0
2025-10-28,0.6558598279953003,0.6584301590919495,0.6545200943946838,0.655720055103302,0
2025-10-29,0.6585099697113037,0.6617498397827148,0.6579098701477051,0.6584600806236267,0
2025-10-30,0.657680094242096,0.6597298383712769,0.6533902287483215,0.6577601432800293,0
2025-10-31,0.6559299826622009,0.6560819149017334,0.6533799767494202,0.6559798717498779,0
2025-11-03,0.6545702219009399,0.6562398672103882,0.6517999768257141,0.654600203037262,0
2025-11-04,0.6541078090667725,0.6538999080657959,0.6481700539588928,0.6536498665809631,0
2025-11-05,0.6485601663589478,0.6512998938560486,0.6459301710128784,0.6485294699668884,0
2025-11-06,0.6509907841682434,0.6517885327339172,0.646379828453064,0.6509700417518616,0
2025-11-07,0.6483898758888245,0.6491820216178894,0.6467999815940857,0.6482599973678589,0
2025-11-10,0.650239884853363,0.6539199948310852,0.6496801376342773,0.6501198410987854,0
2025-11-11,0.653488039970398,0.6538101434707642,0.651529848575592,0.6533902287483215,0
2025-11-12,0.6529499292373657,0.6544930934906006,0.6516597867012024,0.6529119610786438,0
2025-11-13,0.6536400318145752,0.6580297946929932,0.6533500552177429,0.6536802053451538,0
2025-11-14,0.6529000401496887,0.6551997661590576,0.6504995822906494,0.6526899933815002,0
2025-11-17,0.6533001661300659,0.6538084149360657,0.6500999331474304,0.6532498002052307,0
2025-11-18,0.6492701172828674,0.6512099504470825,0.6465197801589966,0.6492916345596313,0
2025-11-19,0.6509018540382385,0.6512112617492676,0.6459898352622986,0.6512112617492676,0
2025-11-20,0.649000883102417,0.6502098441123962,0.6447100043296814,0.6489798426628113,0
2025-11-21,0.6449499130249023,0.6459001302719116,0.6421601176261902,0.6448900103569031,0
2025-11-24,0.6462398767471313,0.6467999815940857,0.6443299055099487,0.6462411284446716,0
2025-11-25,0.6465799808502197,0.6468999981880188,0.643730103969574,0.6467886567115784,0
2025-11-26,0.6470301151275635,0.6517999768257141,0.647010087966919,0.6471201777458191,0
2025-11-27,0.6524859666824341,0.6540094017982483,0.6521897912025452,0.6523702144622803,0
2025-11-28,0.653579831123352,0.6559699773788452,0.6521098613739014,0.6536200046539307,0
2025-12-01,0.6551298499107361,0.656814455986023,0.6537998914718628,0.655180037021637,0
2025-12-02,0.6544001698493958,0.6571165323257446,0.6539401412010193,0.6542490124702454,0
2025-12-03,0.6573700904846191,0.660099983215332,0.6555498242378235,0.6573800444602966,0
2025-12-04,0.6605019569396973,0.6623802185058594,0.6602799892425537,0.6604496240615845,0
2025-12-05,0.660641610622406,0.6648799180984497,0.6607101559638977,0.6607419848442078,0
2025-12-08,0.6635400652885437,0.6650001406669617,0.6614999175071716,0.6635788679122925,0
2025-12-09,0.6627300977706909,0.6654002070426941,0.6615301370620728,0.6627199649810791,0
2025-12-10,0.6640987992286682,0.6653900146484375,0.662919819355011,0.66398024559021,0
2025-12-11,0.6674498319625854,0.6679134368896484,0.6628099679946899,0.6673798561096191,0
2025-12-12,0.6665000319480896,0.6678001284599304,0.6634102463722229,0.6662598252296448,0
2025-12-15,0.6647300720214844,0.665630042552948,0.6638598442077637,0.6647698879241943,0
2025-12-16,0.6641799807548523,0.6658400893211365,0.6619316339492798,0.6641799807548523,0
2025-12-17,0.6634001135826111,0.66361403465271,0.6604889035224915,0.6632900834083557,0
2025-12-18,0.6601501107215881,0.6630398035049438,0.6593000888824463,0.6602839231491089,0
2025-12-19,0.6613800525665283,0.6624701023101807,0.6600698828697205,0.6613800525665283,0
2025-12-22,0.6610198020935059,0.6659997701644897,0.6612199544906616,0.6612698435783386,0
2025-12-23,0.6658400893211365,0.6700198650360107,0.665630042552948,0.6657798886299133,0
2025-12-24,0.6701900959014893,0.6720001101493835,0.6698417067527771,0.6702898144721985,0
2025-12-26,0.6705604195594788,0.6727999448776245,0.6697699427604675,0.6705289483070374,0
2025-12-29,0.6714099645614624,0.6728116869926453,0.6683499813079834,0.671599805355072,0
2025-12-30,0.6695501804351807,0.6719075441360474,0.6688198447227478,0.6695098280906677,0
